mount,x,y,yaw,overlap_index,reach_index,overlap_middle,reach_middle,overlap_ring,reach_ring,overlap_pinky,reach_pinky,overlap_mean,feasible,fingers_touched
stock,0.0037,0.0779,0.0000,0.2539,0.0013,0.3887,0.0011,0.4824,0.0008,0.5000,0.0013,0.4062,1,4
yaw90,0.0037,0.0779,-90.0000,0.0703,0.0017,0.0195,0.0065,0.2676,0.0013,0.5371,0.0011,0.2236,0,4
radial45,-0.0350,0.0450,-45.0000,0.1855,0.0016,0.1406,0.0010,0.0195,0.0047,0.0000,0.0178,0.0864,1,3
radial90,-0.0350,0.0600,-90.0000,0.0254,0.0046,0.0566,0.0038,0.1270,0.0014,0.0000,0.0175,0.0522,1,3
fwd,0.0030,0.1090,-2.0000,0.2988,0.0020,0.6289,0.0011,0.7324,0.0010,0.6270,0.0012,0.5718,0,4
flip,0.0520,0.1060,-175.0000,0.6777,0.0007,0.6523,0.0007,0.6289,0.0010,0.3828,0.0018,0.5854,0,4
palm108,0.0280,0.0870,108.0000,0.5254,0.0006,0.5020,0.0010,0.5664,0.0003,0.5020,0.0005,0.5239,0,4
cand0,0.0201,0.0297,-165.2495,0.0801,0.0017,0.0000,0.0124,0.0000,0.0105,0.0176,0.0054,0.0244,0,2
cand1,-0.0482,0.0895,148.5920,0.0879,0.0008,0.0000,0.0100,0.0000,0.0183,0.0000,0.0138,0.0220,0,1
cand2,0.0167,0.0802,15.7050,0.2500,0.0021,0.3750,0.0008,0.5234,0.0007,0.6250,0.0005,0.4434,1,4
cand3,0.0529,0.0897,-179.0141,0.5703,0.0001,0.5645,0.0010,0.5273,0.0008,0.3301,0.0014,0.4980,0,4
cand4,0.0443,0.0037,82.6760,0.0000,0.0151,0.0020,0.0094,0.0918,0.0007,0.2363,0.0014,0.0825,1,3
cand5,-0.0307,0.0949,14.9260,0.6191,0.0007,0.4609,0.0005,0.3184,0.0006,0.0039,0.0100,0.3506,0,4
cand6,-0.0170,0.0465,-169.8049,0.0469,0.0022,0.0000,0.0134,0.0000,0.0141,0.0059,0.0074,0.0132,0,2
cand7,-0.0363,0.0738,52.9882,0.4707,0.0004,0.3359,0.0002,0.2305,0.0007,0.0000,0.0103,0.2593,1,3
cand8,0.0177,0.0422,178.9956,0.2930,0.0009,0.0703,0.0021,0.0078,0.0088,0.0137,0.0066,0.0962,0,4
cand9,0.0579,0.0754,54.1653,0.1074,0.0027,0.2285,0.0013,0.4277,0.0005,0.5293,0.0008,0.3232,0,4
cand10,0.0257,0.0428,-131.3653,0.0371,0.0029,0.0000,0.0117,0.0000,0.0103,0.0059,0.0088,0.0107,0,2
cand11,0.0294,0.0578,-68.3129,0.0000,0.0124,0.0000,0.0145,0.0684,0.0023,0.4043,0.0015,0.1182,0,2
cand12,0.0034,0.0978,156.2557,0.7246,0.0006,0.3320,0.0011,0.0527,0.0034,0.0137,0.0060,0.2808,0,4
cand13,-0.0106,0.0629,-64.1270,0.0273,0.0062,0.0977,0.0033,0.3184,0.0012,0.2520,0.0010,0.1738,0,4
cand14,0.0154,0.0372,-39.0172,0.0000,0.0100,0.0508,0.0046,0.1836,0.0008,0.3281,0.0004,0.1406,1,3
cand15,0.0479,0.0250,44.3474,0.0371,0.0013,0.0762,0.0015,0.2168,0.0007,0.3242,0.0006,0.1636,1,4
cand16,-0.0408,0.0916,103.3554,0.5879,0.0010,0.1855,0.0036,0.0000,0.0287,0.0000,0.0425,0.1934,0,2
cand17,-0.0237,0.0964,-158.9155,0.1367,0.0008,0.0195,0.0073,0.0000,0.0122,0.0020,0.0100,0.0396,0,3
cand18,-0.0130,0.0165,-17.8778,0.0820,0.0015,0.0527,0.0007,0.0449,0.0018,0.0625,0.0028,0.0605,1,4
cand19,0.0376,0.0254,-161.2723,0.0410,0.0026,0.0000,0.0144,0.0039,0.0087,0.0137,0.0079,0.0146,0,3
cand20,-0.0055,0.0218,-147.3289,0.0000,0.0156,0.0000,0.0197,0.0020,0.0097,0.0000,0.0123,0.0005,1,1
cand21,0.0138,0.0329,61.9182,0.2148,0.0005,0.1777,0.0015,0.2480,0.0008,0.3242,0.0009,0.2412,1,4
cand22,-0.0281,0.1036,-48.5603,0.5352,0.0012,0.5762,0.0002,0.2129,0.0013,0.0000,0.0220,0.3311,1,3
cand23,-0.0384,0.0692,153.7756,0.1387,0.0023,0.0000,0.0119,0.0000,0.0182,0.0000,0.0125,0.0347,0,1
cand24,-0.0016,0.1050,-0.0375,0.3867,0.0014,0.6152,0.0008,0.6680,0.0006,0.5293,0.0011,0.5498,0,4
cand25,-0.0032,0.0682,178.2347,0.3555,0.0011,0.0547,0.0046,0.0176,0.0048,0.0000,0.0135,0.1069,0,3
cand26,0.0544,0.0506,92.7824,0.0742,0.0020,0.2129,0.0012,0.3711,0.0009,0.5039,0.0003,0.2905,1,4
cand27,0.0047,0.0582,102.8829,0.3809,0.0006,0.3730,0.0009,0.4902,0.0009,0.1699,0.0033,0.3535,0,4
cand28,-0.0044,0.0808,76.0114,0.4590,0.0006,0.4590,0.0009,0.5332,0.0006,0.3164,0.0007,0.4419,1,4
cand29,0.0525,0.0126,82.4454,0.0000,0.0164,0.0020,0.0100,0.1328,0.0023,0.2891,0.0011,0.1060,1,3
cand30,0.0520,0.1065,-174.7057,0.6758,0.0006,0.6543,0.0008,0.6309,0.0009,0.3945,0.0018,0.5889,0,4
cand31,0.0450,0.1079,164.5957,0.6816,0.0011,0.7637,0.0010,0.5801,0.0008,0.2031,0.0014,0.5571,0,4
cand32,-0.0336,0.1070,140.3768,0.3848,0.0003,0.0391,0.0026,0.0000,0.0104,0.0039,0.0080,0.1069,0,3
cand33,0.0405,0.0528,-96.3457,0.0000,0.0148,0.0000,0.0113,0.0020,0.0100,0.0879,0.0051,0.0225,0,2
cand34,0.0382,0.1016,-84.1931,0.2305,0.0023,0.1719,0.0016,0.2832,0.0018,0.5938,0.0007,0.3198,0,4
cand35,0.0093,0.0487,155.1662,0.4824,0.0003,0.1855,0.0009,0.0273,0.0016,0.0234,0.0039,0.1797,0,4
cand36,-0.0455,0.0805,41.1744,0.5215,0.0010,0.3125,0.0007,0.1172,0.0011,0.0000,0.0174,0.2378,1,3
cand37,-0.0469,0.0791,-174.2430,0.0020,0.0094,0.0000,0.0129,0.0000,0.0112,0.0000,0.0290,0.0005,0,1
cand38,0.0334,0.0564,154.4775,0.3867,0.0005,0.4531,0.0002,0.3105,0.0009,0.1172,0.0021,0.3169,0,4
cand39,-0.0427,0.0925,-155.9916,0.0469,0.0061,0.0000,0.0136,0.0000,0.0114,0.0000,0.0271,0.0117,0,1
cand40,-0.0121,0.0473,167.7823,0.2344,0.0017,0.0039,0.0085,0.0000,0.0134,0.0000,0.0128,0.0596,0,2
cand41,0.0118,0.0285,-92.9967,0.0000,0.0144,0.0000,0.0169,0.0059,0.0082,0.0645,0.0028,0.0176,1,2
cand42,0.0477,0.0248,-135.1603,0.0000,0.0251,0.0000,0.0259,0.0000,0.0125,0.0059,0.0085,0.0015,0,1
cand43,-0.0183,0.0645,19.4726,0.3848,0.0017,0.3164,0.0008,0.2832,0.0006,0.2129,0.0013,0.2993,1,4
cand44,0.0391,0.0617,-76.1684,0.0078,0.0072,0.0000,0.0145,0.0176,0.0053,0.2930,0.0006,0.0796,0,3
cand45,-0.0046,0.0900,45.5423,0.4414,0.0008,0.4941,0.0006,0.5703,0.0008,0.4219,0.0009,0.4819,1,4
cand46,0.0555,0.0406,18.9401,0.0176,0.0077,0.0762,0.0005,0.2188,0.0010,0.3633,0.0010,0.1689,1,4
cand47,0.0153,0.0933,-127.6295,0.4258,0.0011,0.1055,0.0012,0.1426,0.0022,0.3262,0.0015,0.2500,0,4
cand48,-0.0053,0.1001,-164.4959,0.5176,0.0005,0.0664,0.0038,0.0020,0.0099,0.0742,0.0020,0.1650,0,4
cand49,0.0405,0.0457,118.7294,0.1797,0.0023,0.2617,0.0017,0.4121,0.0007,0.5762,0.0007,0.3574,0,4
cand50,-0.0489,0.0402,-151.6932,0.0000,0.0132,0.0000,0.0120,0.0000,0.0272,0.0000,0.0341,0.0000,1,0
cand51,0.0218,0.0301,72.9547,0.1738,0.0011,0.1641,0.0008,0.2559,0.0017,0.3516,0.0008,0.2363,1,4
cand52,0.0538,0.0139,131.3202,0.0000,0.0147,0.0195,0.0066,0.2070,0.0008,0.4414,0.0006,0.1670,1,3
cand53,-0.0435,0.0419,-25.2813,0.2520,0.0010,0.0488,0.0017,0.0000,0.0147,0.0000,0.0247,0.0752,1,2
cand54,0.0038,0.1074,99.2488,0.5703,0.0007,0.5625,0.0003,0.5703,0.0011,0.0234,0.0068,0.4316,0,4
cand55,-0.0160,0.0297,130.7233,0.3496,0.0005,0.0293,0.0074,0.0000,0.0225,0.0000,0.0274,0.0947,1,2
cand56,0.0469,0.0562,-56.0535,0.0000,0.0113,0.0000,0.0132,0.0000,0.0101,0.2988,0.0027,0.0747,1,1
cand57,0.0594,0.0348,-114.2235,0.0000,0.0361,0.0000,0.0256,0.0078,0.0063,0.0078,0.0088,0.0039,0,2
cand58,0.0468,0.0894,60.4402,0.2012,0.0010,0.3965,0.0017,0.4746,0.0010,0.5781,0.0009,0.4126,0,4
cand59,0.0554,0.1018,89.3695,0.2109,0.0016,0.4863,0.0008,0.5547,0.0006,0.5332,0.0005,0.4463,0,4
cand60,0.0447,0.0272,-129.1512,0.0000,0.0257,0.0000,0.0250,0.0059,0.0076,0.0059,0.0094,0.0029,0,2
cand61,0.0237,0.0786,-119.8609,0.2988,0.0003,0.0488,0.0064,0.0586,0.0034,0.2910,0.0013,0.1743,0,4
cand62,-0.0065,0.1001,22.1043,0.4629,0.0009,0.5723,0.0012,0.6230,0.0010,0.4395,0.0010,0.5244,0,4
cand63,0.0136,0.0214,9.3680,0.0898,0.0012,0.1035,0.0017,0.1641,0.0009,0.2402,0.0010,0.1494,1,4
cand64,0.0076,0.0098,173.4994,0.0410,0.0046,0.0000,0.0259,0.0000,0.0254,0.0000,0.0188,0.0103,1,1
cand65,0.0129,0.0007,98.1537,0.0391,0.0030,0.0137,0.0060,0.0762,0.0017,0.2363,0.0015,0.0913,1,4
cand66,0.0576,0.0649,-64.9146,0.0059,0.0087,0.0000,0.0153,0.0039,0.0094,0.2285,0.0012,0.0596,0,3
cand67,-0.0294,0.0740,-109.7613,0.0391,0.0045,0.0137,0.0064,0.1621,0.0030,0.0020,0.0096,0.0542,0,4
cand68,0.0135,0.0662,166.4723,0.5371,0.0007,0.2676,0.0022,0.0645,0.0042,0.0137,0.0074,0.2207,0,4
cand69,-0.0421,0.0550,87.8751,0.3945,0.0009,0.2793,0.0012,0.0000,0.0149,0.0000,0.0352,0.1685,1,2
cand70,-0.0305,0.0427,-157.3576,0.0020,0.0096,0.0000,0.0163,0.0000,0.0110,0.0000,0.0196,0.0005,0,1
cand71,0.0298,0.0097,-37.7670,0.0000,0.0204,0.0000,0.0147,0.0352,0.0015,0.1426,0.0014,0.0444,1,2
cand72,0.0461,0.0520,148.5439,0.1992,0.0017,0.3691,0.0016,0.4707,0.0004,0.3359,0.0009,0.3438,0,4
cand73,0.0343,0.1007,-134.1349,0.4922,0.0005,0.3672,0.0008,0.2344,0.0016,0.4199,0.0005,0.3784,0,4
cand74,-0.0419,0.0077,132.7875,0.0000,0.0109,0.0000,0.0385,0.0000,0.0541,0.0000,0.0551,0.0000,1,0
cand75,0.0197,0.0546,-121.1244,0.1035,0.0009,0.0000,0.0104,0.0000,0.0113,0.0449,0.0041,0.0371,0,2
cand76,0.0241,0.0350,75.9168,0.1895,0.0006,0.1934,0.0011,0.2773,0.0010,0.3867,0.0009,0.2617,1,4
cand77,0.0006,0.0558,104.2797,0.3945,0.0008,0.3496,0.0008,0.4766,0.0008,0.0430,0.0064,0.3159,0,4
cand78,-0.0398,0.0637,-108.9954,0.0098,0.0063,0.0059,0.0083,0.0781,0.0018,0.0000,0.0172,0.0234,1,3
cand79,0.0389,0.0538,175.9303,0.4453,0.0006,0.2715,0.0003,0.2422,0.0010,0.0879,0.0073,0.2617,0,4
cand80,-0.0299,0.1059,108.3301,0.5566,0.0007,0.4805,0.0010,0.0000,0.0177,0.0000,0.0294,0.2593,0,2
cand81,0.0029,0.0895,37.0256,0.4102,0.0004,0.4805,0.0014,0.5684,0.0008,0.5215,0.0006,0.4951,1,4
cand82,0.0221,0.1005,-156.5027,0.5996,0.0003,0.3613,0.0018,0.1426,0.0005,0.2148,0.0010,0.3296,0,4
cand83,0.0418,0.0420,-62.8036,0.0000,0.0123,0.0000,0.0135,0.0098,0.0084,0.1172,0.0030,0.0317,1,2
cand84,0.0593,0.0859,-5.2074,0.0098,0.0082,0.0859,0.0026,0.2793,0.0014,0.6328,0.0005,0.2520,0,4
cand85,-0.0035,0.0965,-148.7466,0.4336,0.0014,0.0508,0.0057,0.0195,0.0061,0.1797,0.0011,0.1709,0,4
cand86,0.0279,0.0868,107.7107,0.5254,0.0006,0.4980,0.0010,0.5684,0.0005,0.5098,0.0005,0.5254,0,4
cand87,-0.0145,0.0876,-98.8818,0.1328,0.0018,0.0898,0.0042,0.3457,0.0004,0.1348,0.0038,0.1758,0,4
cand88,-0.0101,0.0459,14.9076,0.2676,0.0006,0.2305,0.0006,0.2266,0.0012,0.2188,0.0003,0.2358,1,4
cand89,-0.0376,0.0448,-179.8918,0.0059,0.0078,0.0000,0.0170,0.0000,0.0174,0.0000,0.0131,0.0015,0,1
cand90,0.0319,0.0937,-129.9846,0.4336,0.0009,0.2754,0.0012,0.1484,0.0008,0.3750,0.0008,0.3081,0,4
cand91,0.0274,0.0903,173.4582,0.7324,0.0008,0.4434,0.0006,0.1660,0.0013,0.0469,0.0032,0.3472,0,4
cand92,0.0428,0.0467,172.6879,0.3359,0.0010,0.2715,0.0012,0.2227,0.0017,0.1270,0.0008,0.2393,0,4
cand93,0.0571,0.0554,91.2408,0.0605,0.0031,0.2168,0.0008,0.4004,0.0006,0.5176,0.0008,0.2988,1,4
cand94,0.0505,0.0524,130.9630,0.1328,0.0020,0.2793,0.0014,0.4805,0.0006,0.5527,0.0006,0.3613,0,4
cand95,0.0272,0.0323,96.3548,0.1738,0.0025,0.1836,0.0009,0.2949,0.0015,0.4297,0.0011,0.2705,1,4
cand96,0.0128,0.0103,-39.1030,0.0000,0.0123,0.0156,0.0048,0.0703,0.0015,0.1738,0.0017,0.0649,1,3
cand97,-0.0419,0.0524,-25.7257,0.3320,0.0015,0.1230,0.0024,0.0000,0.0108,0.0000,0.0239,0.1138,1,2
cand98,-0.0034,0.0645,-135.8314,0.0996,0.0015,0.0039,0.0093,0.0000,0.0131,0.0273,0.0057,0.0327,0,3
cand99,0.0527,0.0752,116.5613,0.2051,0.0006,0.4102,0.0014,0.5586,0.0009,0.6211,0.0008,0.4487,0,4
cand100,0.0486,0.0642,-165.5214,0.3984,0.0009,0.2559,0.0001,0.2793,0.0006,0.1484,0.0034,0.2705,0,4
cand101,0.0283,0.0626,117.3446,0.3691,0.0008,0.4023,0.0008,0.5234,0.0004,0.4551,0.0006,0.4375,0,4
cand102,0.0085,0.0895,178.9237,0.5723,0.0008,0.2012,0.0013,0.0449,0.0060,0.0000,0.0121,0.2046,0,3
cand103,-0.0114,0.0188,-38.9971,0.0352,0.0063,0.0625,0.0026,0.0801,0.0012,0.0879,0.0015,0.0664,1,4
cand104,0.0328,0.0483,31.8168,0.1191,0.0018,0.2188,0.0013,0.3320,0.0012,0.4297,0.0011,0.2749,1,4
cand105,-0.0360,0.0799,-79.1703,0.2129,0.0009,0.2773,0.0013,0.0879,0.0057,0.0000,0.0247,0.1445,1,3
cand106,-0.0290,0.0949,23.1886,0.6250,0.0005,0.4902,0.0006,0.3672,0.0006,0.0664,0.0060,0.3872,0,4
cand107,0.0033,0.0989,-149.0355,0.5176,0.0004,0.0801,0.0028,0.0977,0.0028,0.1621,0.0023,0.2144,0,4
cand108,0.0266,0.0361,-116.8525,0.0000,0.0145,0.0000,0.0129,0.0000,0.0128,0.0000,0.0101,0.0000,1,0
cand109,0.0242,0.0399,-61.2375,0.0000,0.0121,0.0078,0.0069,0.0645,0.0027,0.2773,0.0003,0.0874,1,3
cand110,0.0538,0.0219,4.3825,0.0000,0.0187,0.0352,0.0051,0.1133,0.0023,0.2656,0.0014,0.1035,1,3
cand111,-0.0474,0.0180,138.0307,0.0000,0.0156,0.0000,0.0435,0.0000,0.0543,0.0000,0.0511,0.0000,1,0
cand112,0.0368,0.0613,-99.9168,0.0098,0.0091,0.0020,0.0098,0.0020,0.0090,0.1348,0.0022,0.0371,0,4
cand113,0.0114,0.0013,76.6777,0.0410,0.0025,0.0156,0.0044,0.0586,0.0015,0.1660,0.0012,0.0703,1,4
cand114,0.0288,0.0711,40.0819,0.2168,0.0013,0.3242,0.0011,0.4434,0.0010,0.5781,0.0003,0.3906,0,4
cand115,-0.0419,0.0271,26.7761,0.1777,0.0012,0.0117,0.0050,0.0000,0.0176,0.0000,0.0208,0.0474,1,2
cand116,-0.0066,0.1091,152.5483,0.6523,0.0006,0.2285,0.0024,0.0293,0.0052,0.0000,0.0138,0.2275,0,3
cand117,-0.0333,0.0649,70.6374,0.4336,0.0005,0.3203,0.0012,0.2168,0.0012,0.0000,0.0155,0.2427,1,3
cand118,-0.0350,0.0344,77.7304,0.2578,0.0001,0.1133,0.0009,0.1035,0.0026,0.0000,0.0161,0.1187,1,3
cand119,0.0491,0.0376,-93.9803,0.0000,0.0240,0.0039,0.0079,0.0000,0.0125,0.0078,0.0059,0.0029,0,2
cand120,0.0404,0.0643,-8.4282,0.0508,0.0039,0.1055,0.0020,0.3105,0.0008,0.5469,0.0010,0.2534,0,4
cand121,-0.0218,0.0080,-173.5591,0.0000,0.0231,0.0000,0.0390,0.0000,0.0322,0.0000,0.0171,0.0000,1,0
cand122,0.0138,0.0210,171.1919,0.1738,0.0007,0.0000,0.0124,0.0000,0.0147,0.0020,0.0099,0.0439,0,2
cand123,-0.0382,0.0497,-37.9225,0.2734,0.0023,0.1406,0.0004,0.0078,0.0081,0.0000,0.0195,0.1055,1,3
cand124,-0.0244,0.0824,51.7337,0.5156,0.0010,0.4336,0.0009,0.3887,0.0003,0.1602,0.0013,0.3745,0,4
cand125,0.0298,0.0091,-53.0124,0.0000,0.0241,0.0000,0.0226,0.0078,0.0077,0.0938,0.0021,0.0254,1,2
cand126,0.0072,0.0469,-165.3777,0.1699,0.0008,0.0059,0.0086,0.0156,0.0056,0.0000,0.0134,0.0479,0,3
cand127,-0.0287,0.1040,-121.4749,0.2637,0.0006,0.1113,0.0028,0.2812,0.0002,0.0000,0.0148,0.1641,0,3
cand128,0.0437,0.0904,-39.1342,0.0000,0.0104,0.0176,0.0071,0.3066,0.0008,0.7676,0.0006,0.2729,0,3
cand129,0.0013,0.0906,65.0471,0.4805,0.0014,0.4922,0.0007,0.5859,0.0006,0.4375,0.0006,0.4990,0,4
cand130,0.0421,0.0833,68.8577,0.2363,0.0017,0.3848,0.0008,0.4941,0.0006,0.5664,0.0007,0.4204,0,4
cand131,0.0504,0.0905,-115.5374,0.2070,0.0013,0.2910,0.0007,0.2285,0.0024,0.3711,0.0008,0.2744,0,4
cand132,0.0323,0.0095,-26.6918,0.0000,0.0180,0.0059,0.0077,0.0645,0.0033,0.1855,0.0007,0.0640,1,3
cand133,-0.0064,0.0222,157.6458,0.1855,0.0013,0.0000,0.0173,0.0000,0.0234,0.0000,0.0206,0.0464,1,1
cand134,-0.0396,0.0005,-63.7485,0.0000,0.0109,0.0000,0.0187,0.0000,0.0206,0.0000,0.0257,0.0000,1,0
cand135,0.0590,0.0291,119.0499,0.0000,0.0128,0.0703,0.0020,0.2676,0.0005,0.4707,0.0010,0.2021,1,3
cand136,-0.0310,0.0645,165.0274,0.1387,0.0031,0.0020,0.0098,0.0000,0.0142,0.0020,0.0093,0.0356,0,3
cand137,0.0288,0.1079,26.8404,0.2227,0.0014,0.4277,0.0011,0.6602,0.0009,0.7129,0.0004,0.5059,0,4
cand138,0.0582,0.0921,100.1694,0.1211,0.0029,0.4551,0.0009,0.5703,0.0006,0.5625,0.0011,0.4272,0,4
cand139,0.0477,0.0695,-51.7088,0.0000,0.0123,0.0000,0.0114,0.0840,0.0048,0.4434,0.0005,0.1318,0,2
cand140,0.0081,0.0249,99.9159,0.1934,0.0014,0.1504,0.0009,0.2539,0.0004,0.3945,0.0011,0.2480,1,4
cand141,-0.0313,0.0635,12.9236,0.4004,0.0009,0.2422,0.0009,0.1660,0.0008,0.0039,0.0095,0.2031,1,4
cand142,0.0239,0.0837,-140.4620,0.3965,0.0010,0.1562,0.0016,0.0684,0.0024,0.2227,0.0010,0.2109,0,4
cand143,0.0187,0.0455,41.1125,0.2070,0.0006,0.2402,0.0011,0.3086,0.0008,0.3965,0.0005,0.2881,1,4
cand144,0.0263,0.0644,83.8390,0.3477,0.0010,0.3457,0.0008,0.4492,0.0009,0.5625,0.0009,0.4263,0,4
cand145,0.0072,0.0509,-76.7632,0.0000,0.0130,0.0137,0.0060,0.1035,0.0031,0.3555,0.0014,0.1182,0,3
cand146,-0.0248,0.0765,70.4561,0.4902,0.0011,0.4258,0.0007,0.3301,0.0013,0.0000,0.0101,0.3115,0,3
cand147,-0.0285,0.1069,61.6143,0.5938,0.0010,0.5859,0.0008,0.3438,0.0009,0.0000,0.0150,0.3809,0,3
cand148,0.0084,0.0925,-4.8526,0.2422,0.0021,0.4570,0.0006,0.5938,0.0005,0.6016,0.0007,0.4736,0,4
cand149,0.0024,0.0284,-123.7912,0.0000,0.0101,0.0059,0.0085,0.0000,0.0137,0.0000,0.0110,0.0015,0,1
cand150,0.0283,0.0929,64.0076,0.3887,0.0011,0.4531,0.0014,0.5449,0.0006,0.6211,0.0006,0.5020,0,4
cand151,-0.0094,0.0633,22.8285,0.3496,0.0010,0.3105,0.0004,0.3359,0.0012,0.3262,0.0007,0.3306,1,4
cand152,0.0530,0.0426,-120.6782,0.0000,0.0227,0.0000,0.0175,0.0215,0.0036,0.0137,0.0086,0.0088,0,2
cand153,0.0465,0.0984,-162.6244,0.6426,0.0008,0.4961,0.0004,0.4629,0.0014,0.3574,0.0007,0.4897,0,4
cand154,-0.0282,0.0700,103.9843,0.4961,0.0007,0.4570,0.0009,0.0000,0.0159,0.0000,0.0329,0.2383,1,2
cand155,0.0167,0.0211,-137.6490,0.0000,0.0166,0.0000,0.0201,0.0000,0.0134,0.0000,0.0125,0.0000,1,0
cand156,0.0057,0.0897,-101.8558,0.2207,0.0005,0.0508,0.0033,0.2754,0.0008,0.5254,0.0011,0.2681,0,4
cand157,-0.0417,0.0606,-110.9458,0.0059,0.0091,0.0078,0.0091,0.0469,0.0025,0.0000,0.0182,0.0151,1,3
cand158,-0.0426,0.0851,115.6416,0.5957,0.0004,0.0000,0.0120,0.0000,0.0298,0.0000,0.0378,0.1489,0,1
cand159,-0.0062,0.0323,-80.2365,0.0000,0.0110,0.0000,0.0115,0.0391,0.0065,0.1348,0.0010,0.0435,1,2
cand160,-0.0103,0.0635,10.0152,0.3242,0.0009,0.3086,0.0008,0.3105,0.0008,0.2910,0.0012,0.3086,1,4
cand161,-0.0109,0.0701,63.2763,0.4316,0.0013,0.3770,0.0011,0.4355,0.0005,0.3203,0.0017,0.3911,1,4
cand162,0.0114,0.0426,44.6050,0.2422,0.0016,0.2227,0.0008,0.2832,0.0006,0.3613,0.0006,0.2773,1,4
cand163,0.0151,0.0374,-70.8476,0.0000,0.0132,0.0059,0.0084,0.0586,0.0027,0.2500,0.0011,0.0786,1,3
cand164,0.0100,0.0674,39.8874,0.3262,0.0011,0.3516,0.0011,0.4199,0.0007,0.5234,0.0008,0.4053,1,4
cand165,-0.0079,0.0622,174.8771,0.2969,0.0011,0.0254,0.0074,0.0156,0.0059,0.0000,0.0120,0.0845,0,3
cand166,-0.0029,0.0927,-150.7235,0.4219,0.0010,0.0391,0.0055,0.0117,0.0080,0.1133,0.0026,0.1465,0,4
cand167,0.0463,0.1036,-85.7290,0.0137,0.0085,0.2227,0.0015,0.3125,0.0014,0.5645,0.0006,0.2783,0,4
cand168,-0.0487,0.0531,-114.2236,0.0000,0.0101,0.0000,0.0114,0.0000,0.0128,0.0000,0.0234,0.0000,1,0
cand169,0.0569,0.0987,165.8394,0.2051,0.0038,0.7617,0.0006,0.6914,0.0006,0.4492,0.0013,0.5269,0,4
cand170,0.0164,0.0567,119.7784,0.4023,0.0012,0.3926,0.0004,0.5332,0.0010,0.1758,0.0009,0.3760,0,4
cand171,0.0218,0.0273,156.3430,0.2852,0.0008,0.1484,0.0018,0.0586,0.0029,0.0273,0.0041,0.1299,0,4
cand172,-0.0016,0.0851,0.3377,0.3203,0.0013,0.4648,0.0007,0.5215,0.0008,0.4746,0.0009,0.4453,0,4
cand173,-0.0298,0.0326,26.7879,0.2344,0.0014,0.0859,0.0020,0.0371,0.0052,0.0137,0.0083,0.0928,1,4
cand174,-0.0343,0.0015,-23.7992,0.0586,0.0016,0.0000,0.0192,0.0000,0.0252,0.0000,0.0234,0.0146,1,1
cand175,0.0338,0.0676,-63.3073,0.0000,0.0106,0.0000,0.0123,0.1270,0.0012,0.4961,0.0012,0.1558,0,2
cand176,0.0289,0.0533,179.8205,0.4180,0.0008,0.1836,0.0013,0.0684,0.0015,0.0508,0.0040,0.1802,0,4
cand177,0.0354,0.0914,-86.5624,0.2266,0.0015,0.0801,0.0012,0.2090,0.0019,0.5156,0.0011,0.2578,0,4
cand178,-0.0332,0.0219,-24.3846,0.1348,0.0010,0.0234,0.0057,0.0000,0.0112,0.0000,0.0152,0.0396,1,2
cand179,0.0063,0.0214,100.7801,0.1797,0.0011,0.1348,0.0016,0.2188,0.0013,0.3691,0.0014,0.2256,1,4
cand180,0.0455,0.0348,2.9031,0.0059,0.0092,0.0645,0.0031,0.1953,0.0014,0.3359,0.0013,0.1504,1,4
cand181,0.0154,0.0795,-126.9099,0.3164,0.0009,0.0332,0.0070,0.0371,0.0036,0.2148,0.0010,0.1504,0,4
cand182,-0.0191,0.0804,24.5492,0.4707,0.0009,0.3984,0.0014,0.3730,0.0010,0.2695,0.0010,0.3779,1,4
cand183,0.0490,0.0493,-33.6194,0.0000,0.0139,0.0000,0.0117,0.0898,0.0039,0.3379,0.0020,0.1069,1,2
cand184,-0.0163,0.0255,54.2759,0.1973,0.0013,0.1016,0.0016,0.1074,0.0018,0.1289,0.0009,0.1338,1,4
cand185,-0.0209,0.0949,-82.5666,0.2266,0.0009,0.3457,0.0009,0.3887,0.0009,0.0000,0.0138,0.2402,0,3
cand186,0.0241,0.0625,46.2452,0.2500,0.0020,0.3184,0.0009,0.4004,0.0003,0.5273,0.0008,0.3740,1,4
cand187,0.0485,0.0187,-126.0664,0.0000,0.0359,0.0000,0.0317,0.0000,0.0116,0.0039,0.0092,0.0010,0,1
cand188,-0.0366,0.0084,12.3232,0.0742,0.0026,0.0000,0.0172,0.0000,0.0217,0.0000,0.0219,0.0186,1,1
cand189,-0.0318,0.0888,-171.8602,0.0801,0.0034,0.0137,0.0078,0.0000,0.0113,0.0000,0.0176,0.0234,0,2
cand190,-0.0088,0.0521,-102.0498,0.0000,0.0109,0.0000,0.0106,0.0254,0.0063,0.1914,0.0015,0.0542,0,2
cand191,-0.0109,0.0245,-78.5419,0.0000,0.0147,0.0000,0.0131,0.0410,0.0024,0.1250,0.0025,0.0415,1,2
cand192,0.0520,0.0459,-41.0886,0.0000,0.0163,0.0059,0.0081,0.0684,0.0036,0.2520,0.0012,0.0815,1,3
cand193,0.0172,0.0731,57.6996,0.3555,0.0012,0.3887,0.0012,0.4766,0.0006,0.5801,0.0003,0.4502,0,4
cand194,-0.0407,0.0640,84.9325,0.4512,0.0009,0.3281,0.0004,0.0000,0.0116,0.0000,0.0333,0.1948,1,2
cand195,0.0375,0.0647,-132.9937,0.1758,0.0006,0.1055,0.0014,0.0371,0.0069,0.1016,0.0008,0.1050,0,4
cand196,-0.0408,0.0355,153.9212,0.0098,0.0091,0.0000,0.0316,0.0000,0.0335,0.0000,0.0309,0.0024,1,1
cand197,0.0020,0.0985,-14.5170,0.2695,0.0004,0.5391,0.0007,0.6348,0.0009,0.5469,0.0009,0.4976,0,4
cand198,0.0331,0.0534,75.1328,0.2344,0.0007,0.2891,0.0010,0.3848,0.0006,0.4941,0.0009,0.3506,1,4
cand199,-0.0151,0.0979,-84.3451,0.2363,0.0019,0.2871,0.0016,0.5547,0.0017,0.0176,0.0085,0.2739,0,4
cand200,-0.0493,0.0793,63.5776,0.5195,0.0004,0.3184,0.0005,0.0430,0.0079,0.0000,0.0295,0.2202,1,3
cand201,0.0223,0.0756,31.0551,0.2637,0.0003,0.3496,0.0011,0.4844,0.0004,0.6035,0.0010,0.4253,1,4
cand202,-0.0373,0.0736,-177.6245,0.0508,0.0037,0.0078,0.0082,0.0020,0.0092,0.0000,0.0188,0.0151,0,3
cand203,-0.0299,0.0463,-43.7870,0.1777,0.0016,0.1738,0.0015,0.0664,0.0010,0.0000,0.0119,0.1045,1,3
cand204,-0.0369,0.0470,44.5022,0.3027,0.0014,0.1562,0.0014,0.0547,0.0019,0.0527,0.0036,0.1416,1,4
cand205,-0.0085,0.0779,-96.8680,0.0664,0.0035,0.0215,0.0021,0.2461,0.0009,0.3262,0.0017,0.1650,0,4
cand206,-0.0342,0.0824,60.7421,0.5273,0.0003,0.4297,0.0008,0.2578,0.0009,0.0000,0.0139,0.3037,0,3
cand207,-0.0028,0.0150,58.9261,0.1348,0.0021,0.0527,0.0019,0.0996,0.0017,0.1680,0.0012,0.1138,1,4
cand208,0.0325,0.0180,68.1486,0.0547,0.0024,0.0723,0.0016,0.1855,0.0023,0.2988,0.0009,0.1528,1,4
cand209,-0.0109,0.1007,90.5543,0.5547,0.0007,0.5742,0.0007,0.5078,0.0002,0.0000,0.0195,0.4092,0,3
cand210,-0.0199,0.1032,-170.9162,0.2598,0.0022,0.0293,0.0064,0.0000,0.0152,0.0059,0.0084,0.0737,0,3
cand211,-0.0297,0.0266,83.5488,0.2227,0.0009,0.0918,0.0014,0.1172,0.0020,0.0000,0.0149,0.1079,1,3
cand212,0.0079,0.0511,-99.8880,0.0039,0.0087,0.0000,0.0154,0.0117,0.0072,0.1777,0.0005,0.0483,0,3
cand213,0.0332,0.0129,-90.9572,0.0000,0.0119,0.0000,0.0203,0.0000,0.0155,0.0137,0.0058,0.0034,1,1
cand214,0.0387,0.0496,135.6544,0.2344,0.0011,0.3320,0.0012,0.5195,0.0006,0.3633,0.0006,0.3623,0,4
cand215,0.0162,0.0868,-112.5348,0.3145,0.0008,0.0469,0.0051,0.1484,0.0022,0.3906,0.0011,0.2251,0,4
cand216,-0.0152,0.0414,-2.0883,0.2285,0.0008,0.1875,0.0020,0.1680,0.0011,0.1445,0.0008,0.1821,1,4
cand217,0.0020,0.0905,-117.6514,0.2617,0.0020,0.0391,0.0047,0.1855,0.0008,0.3965,0.0005,0.2207,0,4
cand218,0.0437,0.0978,-152.8131,0.5723,0.0008,0.4512,0.0003,0.3320,0.0008,0.3496,0.0009,0.4263,0,4
cand219,-0.0490,0.0322,-35.7319,0.1816,0.0015,0.0039,0.0088,0.0000,0.0214,0.0000,0.0303,0.0464,1,2
cand220,0.0567,0.0079,101.2699,0.0000,0.0231,0.0000,0.0124,0.1133,0.0027,0.2832,0.0008,0.0991,1,2
cand221,0.0023,0.0143,-48.2111,0.0000,0.0124,0.0215,0.0047,0.0762,0.0008,0.1582,0.0014,0.0640,1,3
cand222,-0.0081,0.0268,-74.0290,0.0000,0.0145,0.0020,0.0087,0.0586,0.0014,0.1543,0.0010,0.0537,1,3
cand223,-0.0038,0.1058,-14.8102,0.4004,0.0009,0.6211,0.0011,0.6523,0.0005,0.4453,0.0002,0.5298,0,4
cand224,0.0545,0.0034,-156.2003,0.0000,0.0275,0.0000,0.0388,0.0000,0.0232,0.0020,0.0097,0.0005,0,1
cand225,-0.0469,0.0733,-100.7162,0.0977,0.0014,0.0957,0.0021,0.0020,0.0100,0.0000,0.0285,0.0488,1,3
cand226,0.0134,0.0875,-60.5470,0.0879,0.0025,0.1074,0.0021,0.5059,0.0006,0.6523,0.0007,0.3384,0,4
cand227,-0.0230,0.0798,-8.6768,0.4805,0.0005,0.3906,0.0014,0.2988,0.0008,0.0000,0.0103,0.2925,1,3
cand228,-0.0336,0.0096,85.3803,0.1133,0.0023,0.0078,0.0087,0.0215,0.0052,0.0000,0.0170,0.0356,1,3
cand229,0.0446,0.0979,3.6320,0.0469,0.0028,0.2109,0.0018,0.4688,0.0004,0.7695,0.0007,0.3740,0,4
cand230,-0.0331,0.0248,-16.7314,0.1641,0.0017,0.0332,0.0041,0.0000,0.0111,0.0000,0.0154,0.0493,1,2
cand231,0.0437,0.0715,-81.2855,0.0137,0.0070,0.0020,0.0099,0.0430,0.0046,0.2891,0.0011,0.0869,0,4
cand232,0.0332,0.0479,173.7950,0.4219,0.0007,0.2148,0.0011,0.1875,0.0019,0.0332,0.0052,0.2144,0,4
cand233,-0.0028,0.0921,-174.7650,0.4941,0.0005,0.0469,0.0052,0.0352,0.0062,0.0000,0.0116,0.1440,0,3
cand234,0.0290,0.0438,-0.3566,0.0664,0.0020,0.1289,0.0010,0.2812,0.0007,0.3848,0.0011,0.2153,1,4
cand235,-0.0281,0.1022,-108.1278,0.2637,0.0008,0.2070,0.0015,0.3047,0.0012,0.0000,0.0156,0.1938,0,3
cand236,0.0118,0.0657,129.0396,0.5000,0.0003,0.4922,0.0003,0.3633,0.0012,0.0586,0.0032,0.3535,0,4
cand237,0.0013,0.0913,8.6028,0.3457,0.0004,0.5020,0.0009,0.5762,0.0005,0.5449,0.0006,0.4922,0,4
cand238,0.0552,0.0788,148.3579,0.1992,0.0012,0.5215,0.0007,0.6719,0.0005,0.4473,0.0012,0.4600,0,4
cand239,0.0537,0.0882,-135.9477,0.3359,0.0007,0.3164,0.0006,0.3398,0.0014,0.3340,0.0006,0.3315,0,4
cand240,-0.0363,0.0678,-82.3656,0.0957,0.0017,0.1387,0.0018,0.0898,0.0044,0.0000,0.0218,0.0811,1,3
cand241,-0.0076,0.0191,94.3818,0.1875,0.0017,0.0996,0.0009,0.1816,0.0010,0.1406,0.0032,0.1523,1,4
cand242,0.0440,0.0146,6.0606,0.0059,0.0084,0.0449,0.0040,0.1250,0.0013,0.2520,0.0007,0.1069,1,4
cand243,-0.0065,0.0869,-12.6028,0.3594,0.0018,0.4766,0.0004,0.5137,0.0013,0.3965,0.0012,0.4365,0,4
cand244,0.0304,0.0623,172.1693,0.5488,0.0010,0.2949,0.0007,0.2051,0.0047,0.0684,0.0007,0.2793,0,4
cand245,-0.0038,0.1086,-30.4421,0.3281,0.0011,0.6328,0.0005,0.6875,0.0004,0.3125,0.0026,0.4902,0,4
cand246,-0.0299,0.0860,-82.1812,0.1777,0.0014,0.2793,0.0004,0.2695,0.0015,0.0000,0.0202,0.1816,1,3
cand247,0.0122,0.0711,-108.1162,0.1445,0.0024,0.0039,0.0080,0.0371,0.0026,0.3027,0.0010,0.1221,0,4
cand248,-0.0462,0.1086,114.2605,0.5664,0.0007,0.0000,0.0106,0.0000,0.0273,0.0000,0.0344,0.1416,0,1
cand249,-0.0364,0.0933,-87.0731,0.2891,0.0007,0.3359,0.0008,0.0566,0.0057,0.0000,0.0275,0.1704,1,3
cand250,-0.0228,0.0850,92.6503,0.5293,0.0013,0.5293,0.0009,0.1777,0.0028,0.0000,0.0279,0.3091,0,3
cand251,0.0431,0.0150,89.1310,0.0059,0.0079,0.0371,0.0037,0.1797,0.0019,0.2930,0.0019,0.1289,1,4
cand252,0.0017,0.0358,84.3490,0.2656,0.0018,0.2012,0.0018,0.2793,0.0003,0.4023,0.0015,0.2871,1,4
cand253,0.0430,0.0355,-124.2678,0.0000,0.0204,0.0000,0.0185,0.0039,0.0085,0.0039,0.0076,0.0020,0,2
cand254,0.0591,0.1011,-75.6572,0.0000,0.0183,0.1152,0.0021,0.2715,0.0015,0.5059,0.0004,0.2231,0,3
cand255,0.0396,0.0099,148.5165,0.0195,0.0054,0.0898,0.0025,0.1699,0.0006,0.1504,0.0007,0.1074,1,4
cand256,0.0352,0.0217,-73.5526,0.0000,0.0167,0.0000,0.0193,0.0059,0.0081,0.0664,0.0028,0.0181,1,2
cand257,0.0155,0.0391,85.0442,0.2539,0.0015,0.2246,0.0011,0.3125,0.0015,0.4434,0.0007,0.3086,1,4
cand258,0.0152,0.0228,39.6394,0.1426,0.0003,0.1191,0.0013,0.1777,0.0016,0.2598,0.0016,0.1748,1,4
cand259,-0.0485,0.0123,-121.9652,0.0000,0.0175,0.0000,0.0350,0.0000,0.0391,0.0000,0.0361,0.0000,1,0
cand260,-0.0111,0.0013,154.7667,0.0195,0.0062,0.0000,0.0337,0.0000,0.0389,0.0000,0.0335,0.0049,1,1
cand261,-0.0237,0.0298,-44.7688,0.0957,0.0024,0.0977,0.0025,0.0566,0.0035,0.0254,0.0061,0.0688,1,4
cand262,0.0535,0.0387,-24.7922,0.0000,0.0187,0.0156,0.0064,0.0742,0.0025,0.2734,0.0019,0.0908,1,3
cand263,-0.0172,0.1074,-48.6514,0.3809,0.0011,0.6543,0.0009,0.5098,0.0014,0.0000,0.0125,0.3862,0,3
cand264,-0.0408,0.0724,77.9778,0.4863,0.0008,0.3613,0.0012,0.0527,0.0076,0.0000,0.0299,0.2251,1,3
cand265,-0.0091,0.0233,-32.6695,0.0742,0.0003,0.0840,0.0030,0.1074,0.0015,0.1152,0.0022,0.0952,1,4
cand266,-0.0017,0.1095,129.0367,0.6621,0.0005,0.5625,0.0006,0.0957,0.0021,0.0234,0.0025,0.3359,0,4
cand267,0.0183,0.0213,67.6492,0.1328,0.0019,0.1035,0.0026,0.1914,0.0015,0.2910,0.0007,0.1797,1,4
cand268,0.0335,0.0083,-43.3849,0.0000,0.0242,0.0000,0.0174,0.0352,0.0052,0.1113,0.0021,0.0366,1,2
cand269,-0.0140,0.0627,55.0992,0.3926,0.0007,0.3242,0.0011,0.3516,0.0012,0.3066,0.0017,0.3438,1,4
cand270,-0.0300,0.0517,177.1804,0.0566,0.0031,0.0000,0.0149,0.0000,0.0165,0.0078,0.0070,0.0161,0,2
cand271,-0.0483,0.0408,-59.6475,0.1484,0.0015,0.0508,0.0030,0.0000,0.0196,0.0000,0.0286,0.0498,1,2
cand272,-0.0054,0.0956,-22.2102,0.3301,0.0009,0.5410,0.0013,0.5781,0.0009,0.4121,0.0010,0.4653,0,4
cand273,0.0471,0.0633,-27.1376,0.0000,0.0128,0.0527,0.0019,0.1934,0.0022,0.4980,0.0016,0.1860,0,3
cand274,-0.0222,0.0906,51.9122,0.5352,0.0006,0.4941,0.0004,0.4258,0.0009,0.1562,0.0009,0.4028,0,4
cand275,-0.0267,0.0143,-134.8447,0.0000,0.0178,0.0000,0.0164,0.0000,0.0263,0.0000,0.0251,0.0000,1,0
cand276,0.0500,0.0444,115.3108,0.0879,0.0035,0.2109,0.0010,0.3848,0.0008,0.5625,0.0012,0.3115,1,4
cand277,0.0485,0.0249,-168.2740,0.0938,0.0013,0.0000,0.0104,0.0488,0.0011,0.0527,0.0030,0.0488,0,3
cand278,-0.0302,0.0850,-174.4513,0.0566,0.0070,0.0234,0.0040,0.0000,0.0127,0.0000,0.0155,0.0200,0,2
cand279,0.0121,0.0210,95.9978,0.1523,0.0013,0.1289,0.0016,0.2129,0.0011,0.3711,0.0002,0.2163,1,4
cand280,0.0027,0.0604,-74.3730,0.0000,0.0102,0.0195,0.0065,0.2051,0.0019,0.3906,0.0012,0.1538,0,3
cand281,0.0002,0.0050,111.4271,0.1016,0.0016,0.0391,0.0032,0.1543,0.0012,0.0039,0.0091,0.0747,1,4
cand282,0.0498,0.0828,-1.5760,0.0391,0.0073,0.1328,0.0009,0.3379,0.0013,0.6836,0.0010,0.2983,0,4
cand283,0.0428,0.0004,59.7447,0.0000,0.0170,0.0000,0.0126,0.0645,0.0028,0.2070,0.0012,0.0679,1,2
cand284,0.0344,0.0359,128.3658,0.1836,0.0019,0.2305,0.0008,0.3984,0.0016,0.3965,0.0004,0.3022,1,4
cand285,-0.0500,0.0695,-71.6314,0.3125,0.0020,0.2012,0.0011,0.0000,0.0197,0.0000,0.0349,0.1284,1,2
cand286,0.0191,0.0276,-104.4792,0.0000,0.0121,0.0000,0.0161,0.0000,0.0125,0.0176,0.0047,0.0044,1,1
cand287,0.0189,0.0547,-112.5790,0.0703,0.0017,0.0000,0.0100,0.0020,0.0097,0.0879,0.0022,0.0400,0,3
cand288,0.0475,0.0971,17.8446,0.0996,0.0016,0.2520,0.0005,0.4453,0.0009,0.7207,0.0006,0.3794,0,4
cand289,0.0277,0.0497,108.5196,0.2832,0.0003,0.3047,0.0011,0.4277,0.0009,0.5762,0.0004,0.3979,0,4
cand290,0.0417,0.0841,-92.4664,0.0371,0.0071,0.0762,0.0025,0.1074,0.0032,0.3652,0.0018,0.1465,0,4
cand291,-0.0473,0.0724,-31.9472,0.4688,0.0014,0.1797,0.0014,0.0000,0.0169,0.0000,0.0331,0.1621,1,2
cand292,0.0484,0.0946,12.1508,0.0801,0.0044,0.2148,0.0014,0.4238,0.0013,0.7461,0.0002,0.3662,0,4
cand293,-0.0085,0.0784,75.3731,0.4688,0.0002,0.4375,0.0013,0.5078,0.0004,0.2617,0.0011,0.4189,1,4
cand294,0.0251,0.0927,27.8347,0.2539,0.0012,0.4023,0.0006,0.6074,0.0012,0.6934,0.0007,0.4893,0,4
cand295,0.0068,0.0569,140.0330,0.4766,0.0007,0.3984,0.0006,0.1035,0.0026,0.0195,0.0038,0.2495,0,4
cand296,-0.0097,0.0926,1.7602,0.4531,0.0003,0.5039,0.0007,0.5176,0.0005,0.3770,0.0008,0.4629,0,4
cand297,-0.0406,0.0494,-75.1693,0.0918,0.0030,0.0938,0.0037,0.0117,0.0089,0.0000,0.0226,0.0493,1,3
cand298,0.0081,0.0939,-115.3960,0.3379,0.0011,0.0703,0.0038,0.2344,0.0015,0.4258,0.0009,0.2671,0,4
cand299,0.0023,0.0641,97.1353,0.4160,0.0004,0.3945,0.0003,0.5020,0.0005,0.1934,0.0032,0.3765,0,4
cand300,0.0535,0.0606,151.7825,0.1758,0.0019,0.4004,0.0004,0.5508,0.0005,0.4004,0.0011,0.3818,0,4
cand301,-0.0130,0.0841,94.9412,0.5215,0.0004,0.5117,0.0006,0.4512,0.0006,0.0000,0.0192,0.3711,0,3
cand302,0.0106,0.0191,-40.9665,0.0000,0.0111,0.0332,0.0040,0.0957,0.0014,0.2188,0.0014,0.0869,1,3
cand303,-0.0180,0.1064,52.0641,0.5566,0.0012,0.6016,0.0006,0.4883,0.0008,0.1777,0.0009,0.4561,0,4
cand304,0.0500,0.0326,-25.5816,0.0000,0.0180,0.0078,0.0058,0.0879,0.0034,0.2500,0.0012,0.0864,1,3
cand305,0.0124,0.0390,-15.6601,0.0645,0.0005,0.1250,0.0009,0.2559,0.0013,0.3125,0.0010,0.1895,1,4
cand306,0.0159,0.0031,-57.6680,0.0000,0.0240,0.0000,0.0210,0.0156,0.0066,0.0781,0.0044,0.0234,1,2
cand307,-0.0500,0.0531,38.8802,0.3223,0.0013,0.0918,0.0012,0.0000,0.0115,0.0000,0.0157,0.1035,1,2
cand308,-0.0398,0.0266,109.4371,0.2891,0.0008,0.0000,0.0105,0.0000,0.0318,0.0000,0.0455,0.0723,1,1
cand309,0.0424,0.0427,113.1205,0.1523,0.0008,0.2246,0.0010,0.3652,0.0011,0.5449,0.0009,0.3218,1,4
cand310,-0.0195,0.0777,16.3644,0.4609,0.0010,0.3887,0.0009,0.3496,0.0011,0.2207,0.0009,0.3550,1,4
cand311,-0.0016,0.0722,-175.1794,0.3477,0.0006,0.0430,0.0077,0.0312,0.0021,0.0000,0.0158,0.1055,0,3
cand312,-0.0321,0.0323,65.0025,0.2441,0.0012,0.1035,0.0013,0.0723,0.0013,0.0645,0.0047,0.1211,1,4
cand313,0.0277,0.0749,96.3422,0.4297,0.0002,0.4141,0.0011,0.5215,0.0011,0.6035,0.0006,0.4922,0,4
cand314,-0.0412,0.0116,127.9264,0.0801,0.0063,0.0000,0.0326,0.0000,0.0493,0.0000,0.0539,0.0200,1,1
cand315,-0.0107,0.0625,1.2610,0.3223,0.0019,0.3086,0.0016,0.3184,0.0010,0.2656,0.0008,0.3037,1,4
cand316,0.0189,0.0085,97.1245,0.0527,0.0025,0.0391,0.0030,0.1406,0.0005,0.2715,0.0006,0.1260,1,4
cand317,-0.0364,0.0750,-35.2288,0.4844,0.0011,0.2891,0.0008,0.0547,0.0063,0.0000,0.0238,0.2070,1,3
cand318,0.0041,0.0739,-46.4390,0.0273,0.0042,0.2012,0.0025,0.4688,0.0008,0.4648,0.0004,0.2905,0,4
cand319,-0.0449,0.1061,8.1637,0.7246,0.0005,0.4375,0.0008,0.0000,0.0140,0.0000,0.0299,0.2905,1,2
cand320,0.0316,0.0584,115.0873,0.3223,0.0007,0.3535,0.0011,0.5000,0.0007,0.5664,0.0006,0.4355,0,4
cand321,0.0121,0.0135,51.0864,0.0977,0.0017,0.0586,0.0023,0.1191,0.0009,0.2090,0.0015,0.1211,1,4
cand322,-0.0310,0.0906,65.1822,0.5625,0.0007,0.4980,0.0005,0.2930,0.0007,0.0000,0.0157,0.3384,0,3
cand323,0.0534,0.0692,-98.9413,0.0000,0.0197,0.0488,0.0038,0.0410,0.0039,0.2129,0.0017,0.0757,0,3
cand324,0.0113,0.0849,76.2798,0.4492,0.0007,0.4590,0.0005,0.5586,0.0004,0.5664,0.0009,0.5083,0,4
cand325,-0.0123,0.0721,156.6969,0.4395,0.0008,0.0586,0.0015,0.0059,0.0090,0.0020,0.0095,0.1265,0,4
cand326,0.0253,0.0404,147.8730,0.3184,0.0008,0.3555,0.0008,0.2129,0.0010,0.0762,0.0021,0.2407,0,4
cand327,0.0410,0.0941,-141.5371,0.4570,0.0008,0.3809,0.0009,0.2520,0.0015,0.3379,0.0012,0.3569,0,4
cand328,-0.0180,0.0869,-81.0693,0.1426,0.0011,0.2500,0.0015,0.4102,0.0010,0.0156,0.0092,0.2046,0,4
cand329,-0.0419,0.0752,107.7372,0.5645,0.0005,0.0332,0.0079,0.0000,0.0312,0.0000,0.0429,0.1494,0,2
cand330,0.0206,0.0379,21.5184,0.1172,0.0007,0.1973,0.0012,0.2715,0.0011,0.3359,0.0013,0.2305,1,4
cand331,-0.0476,0.0619,128.4484,0.2559,0.0010,0.0000,0.0228,0.0000,0.0367,0.0000,0.0397,0.0640,0,1
cand332,-0.0414,0.0422,-120.6491,0.0000,0.0111,0.0000,0.0191,0.0000,0.0165,0.0000,0.0166,0.0000,1,0
cand333,-0.0082,0.0014,117.9947,0.0898,0.0009,0.0508,0.0025,0.0000,0.0131,0.0000,0.0233,0.0352,1,2
cand334,0.0046,0.0480,36.6461,0.2617,0.0004,0.2539,0.0009,0.2930,0.0010,0.3633,0.0009,0.2930,1,4
cand335,0.0435,0.0320,-83.6939,0.0020,0.0094,0.0000,0.0142,0.0000,0.0102,0.0312,0.0038,0.0083,1,2
cand336,-0.0446,0.0293,-156.1637,0.0000,0.0118,0.0000,0.0144,0.0000,0.0244,0.0000,0.0325,0.0000,1,0
cand337,-0.0454,0.0608,-113.8194,0.0000,0.0101,0.0020,0.0084,0.0117,0.0066,0.0000,0.0215,0.0034,1,2
cand338,-0.0418,0.1008,-126.4558,0.2305,0.0028,0.0586,0.0024,0.0586,0.0063,0.0000,0.0265,0.0869,1,3
cand339,-0.0396,0.1068,60.1081,0.6426,0.0007,0.5000,0.0005,0.1797,0.0014,0.0000,0.0247,0.3306,0,3
cand340,0.0298,0.0620,-154.6597,0.2930,0.0006,0.1445,0.0004,0.0352,0.0052,0.0234,0.0053,0.1240,0,4
cand341,0.0426,0.0460,-38.7116,0.0000,0.0133,0.0000,0.0117,0.0801,0.0042,0.3496,0.0006,0.1074,1,2
cand342,-0.0351,0.0125,8.0085,0.1016,0.0015,0.0000,0.0124,0.0000,0.0182,0.0000,0.0187,0.0254,1,1
cand343,0.0126,0.0571,40.7249,0.2793,0.0016,0.2988,0.0004,0.3535,0.0009,0.4590,0.0008,0.3477,1,4
cand344,0.0465,0.0555,-43.5068,0.0000,0.0125,0.0156,0.0052,0.1016,0.0011,0.3613,0.0016,0.1196,1,3
cand345,-0.0218,0.0338,21.8905,0.2344,0.0009,0.1191,0.0011,0.0859,0.0023,0.0801,0.0018,0.1299,1,4
cand346,0.0375,0.0485,-165.3256,0.2617,0.0012,0.1113,0.0008,0.0762,0.0027,0.0391,0.0045,0.1221,0,4
cand347,-0.0293,0.0100,-59.9964,0.0078,0.0072,0.0078,0.0071,0.0039,0.0094,0.0000,0.0147,0.0049,1,3
cand348,0.0253,0.0650,58.3659,0.2832,0.0014,0.3340,0.0012,0.4316,0.0009,0.5469,0.0006,0.3989,0,4
cand349,0.0000,0.0121,-73.3479,0.0000,0.0177,0.0000,0.0207,0.0059,0.0086,0.0781,0.0039,0.0210,1,2
cand350,0.0062,0.0547,-92.2819,0.0020,0.0098,0.0000,0.0105,0.0312,0.0048,0.2598,0.0011,0.0732,0,3
cand351,0.0408,0.0477,124.3642,0.1992,0.0011,0.2695,0.0008,0.4375,0.0005,0.5293,0.0006,0.3589,0,4
cand352,-0.0208,0.1036,-139.7314,0.2324,0.0018,0.0762,0.0024,0.1055,0.0022,0.0391,0.0075,0.1133,0,4
cand353,0.0346,0.0022,-94.9246,0.0000,0.0189,0.0000,0.0237,0.0000,0.0217,0.0000,0.0149,0.0000,1,0
cand354,0.0458,0.0385,155.6926,0.1484,0.0027,0.3086,0.0007,0.3184,0.0009,0.2715,0.0004,0.2617,0,4
cand355,0.0522,0.0880,-37.4020,0.0000,0.0140,0.0098,0.0071,0.1875,0.0012,0.6797,0.0007,0.2192,0,3
cand356,0.0444,0.0503,-134.5780,0.0430,0.0018,0.0332,0.0022,0.0273,0.0057,0.0273,0.0064,0.0327,0,4
cand357,0.0437,0.0898,-131.1964,0.3555,0.0009,0.3223,0.0007,0.2207,0.0015,0.3477,0.0011,0.3115,0,4
cand358,0.0453,0.0571,87.6927,0.1934,0.0011,0.2910,0.0007,0.4102,0.0006,0.5293,0.0008,0.3560,0,4
cand359,-0.0205,0.0237,125.3926,0.3086,0.0013,0.0059,0.0095,0.0000,0.0261,0.0000,0.0318,0.0786,1,2
cand360,0.0160,0.0162,-48.2868,0.0000,0.0134,0.0039,0.0096,0.0449,0.0029,0.1914,0.0016,0.0601,1,3
cand361,0.0445,0.0515,-58.7330,0.0000,0.0114,0.0000,0.0130,0.0020,0.0098,0.2305,0.0028,0.0581,1,2
cand362,-0.0125,0.0907,-16.4524,0.4434,0.0011,0.4980,0.0005,0.4961,0.0008,0.2344,0.0040,0.4180,0,4
cand363,0.0543,0.0343,92.3329,0.0117,0.0076,0.1152,0.0015,0.2832,0.0006,0.4355,0.0005,0.2114,1,4
cand364,-0.0186,0.0845,-173.6647,0.1973,0.0012,0.0078,0.0082,0.0000,0.0143,0.0020,0.0098,0.0518,0,3
cand365,-0.0357,0.0285,133.2331,0.2461,0.0009,0.0000,0.0265,0.0000,0.0397,0.0000,0.0413,0.0615,1,1
cand366,-0.0145,0.0532,-141.4640,0.0234,0.0073,0.0000,0.0122,0.0000,0.0111,0.0059,0.0067,0.0073,0,2
cand367,0.0123,0.0106,-129.0232,0.0000,0.0258,0.0000,0.0237,0.0000,0.0106,0.0000,0.0143,0.0000,1,0
cand368,0.0381,0.0268,-157.9487,0.0312,0.0041,0.0000,0.0145,0.0020,0.0091,0.0156,0.0063,0.0122,0,3
cand369,0.0162,0.0161,-160.9860,0.0000,0.0117,0.0000,0.0265,0.0000,0.0187,0.0000,0.0117,0.0000,1,0
cand370,0.0414,0.0437,131.5710,0.1738,0.0014,0.2793,0.0011,0.4551,0.0006,0.4395,0.0006,0.3369,0,4
cand371,0.0318,0.0221,-149.4679,0.0000,0.0139,0.0000,0.0224,0.0000,0.0140,0.0039,0.0092,0.0010,0,1
cand372,-0.0312,0.0544,-51.2107,0.2051,0.0013,0.2090,0.0007,0.0996,0.0009,0.0000,0.0150,0.1284,1,3
cand373,0.0415,0.0516,19.7099,0.0879,0.0028,0.1523,0.0021,0.3066,0.0013,0.4590,0.0004,0.2515,1,4
cand374,-0.0074,0.0830,68.0183,0.4707,0.0012,0.4707,0.0011,0.5215,0.0008,0.3340,0.0012,0.4492,1,4
cand375,0.0254,0.0849,-36.5018,0.0098,0.0077,0.1094,0.0009,0.5137,0.0010,0.6914,0.0009,0.3311,0,4
cand376,-0.0369,0.0900,-55.6119,0.5059,0.0006,0.3906,0.0006,0.0176,0.0085,0.0000,0.0278,0.2285,1,3
cand377,0.0261,0.1087,72.6342,0.4922,0.0012,0.5020,0.0010,0.5762,0.0007,0.5801,0.0011,0.5376,0,4
cand378,0.0497,0.0015,37.3383,0.0000,0.0135,0.0000,0.0139,0.0645,0.0014,0.2031,0.0008,0.0669,1,2
cand379,-0.0393,0.0960,165.6892,0.1094,0.0029,0.0215,0.0031,0.0000,0.0123,0.0000,0.0144,0.0327,0,2
cand380,-0.0462,0.0147,119.7940,0.1973,0.0011,0.0000,0.0291,0.0000,0.0482,0.0000,0.0570,0.0493,1,1
cand381,0.0256,0.1080,92.3433,0.5742,0.0012,0.5391,0.0003,0.5605,0.0004,0.5293,0.0007,0.5508,0,4
cand382,0.0154,0.0593,-176.4478,0.3535,0.0008,0.1699,0.0020,0.0312,0.0003,0.0332,0.0050,0.1470,0,4
cand383,0.0362,0.0422,-141.6048,0.0449,0.0018,0.0098,0.0078,0.0137,0.0060,0.0117,0.0075,0.0200,0,4
cand384,0.0102,0.0407,38.1089,0.2266,0.0010,0.2188,0.0008,0.2812,0.0009,0.3320,0.0009,0.2646,1,4
cand385,-0.0482,0.0181,14.3391,0.1035,0.0010,0.0000,0.0168,0.0000,0.0252,0.0000,0.0311,0.0259,1,1
cand386,0.0171,0.0090,49.0960,0.0625,0.0011,0.0293,0.0029,0.1055,0.0015,0.2031,0.0011,0.1001,1,4
cand387,0.0425,0.0315,7.6791,0.0410,0.0044,0.0801,0.0018,0.2012,0.0002,0.3320,0.0013,0.1636,1,4
cand388,0.0497,0.0773,-105.5800,0.0137,0.0073,0.1406,0.0017,0.1055,0.0025,0.2695,0.0013,0.1323,0,4
cand389,0.0563,0.0376,116.7129,0.0078,0.0081,0.1367,0.0016,0.3281,0.0014,0.5098,0.0001,0.2456,1,4
cand390,-0.0002,0.0869,151.5322,0.6660,0.0005,0.3105,0.0012,0.0410,0.0048,0.0293,0.0024,0.2617,0,4
cand391,0.0493,0.0885,-63.7300,0.0195,0.0039,0.0059,0.0087,0.1465,0.0018,0.5039,0.0014,0.1689,0,4
cand392,0.0504,0.0169,-86.3298,0.0000,0.0191,0.0000,0.0193,0.0000,0.0175,0.0000,0.0135,0.0000,1,0
cand393,0.0211,0.0823,-161.8789,0.4746,0.0007,0.2676,0.0030,0.0625,0.0036,0.0762,0.0036,0.2202,0,4
cand394,-0.0204,0.0406,125.0087,0.3984,0.0008,0.0977,0.0047,0.0000,0.0215,0.0000,0.0269,0.1240,1,2
cand395,-0.0498,0.0979,-59.4970,0.6484,0.0008,0.3047,0.0013,0.0000,0.0214,0.0000,0.0427,0.2383,1,2
cand396,0.0178,0.1029,-157.8245,0.6172,0.0004,0.2812,0.0011,0.1113,0.0033,0.1914,0.0020,0.3003,0,4
cand397,0.0100,0.0244,72.8091,0.1719,0.0015,0.1270,0.0016,0.2051,0.0011,0.2949,0.0009,0.1997,1,4
cand398,0.0400,0.0271,129.5620,0.0840,0.0015,0.1543,0.0011,0.3477,0.0008,0.4336,0.0005,0.2549,1,4
cand399,-0.0305,0.0528,-132.7383,0.0000,0.0100,0.0000,0.0116,0.0000,0.0126,0.0039,0.0081,0.0010,0,1
cand400,-0.0162,0.0412,70.2961,0.2891,0.0020,0.2109,0.0009,0.2246,0.0009,0.2422,0.0016,0.2417,1,4
cand401,-0.0151,0.0583,54.4753,0.3691,0.0010,0.2891,0.0010,0.3164,0.0010,0.2891,0.0012,0.3159,1,4
cand402,0.0364,0.0323,-159.7142,0.0820,0.0017,0.0059,0.0091,0.0059,0.0078,0.0254,0.0051,0.0298,0,4
cand403,-0.0239,0.0601,135.9638,0.5254,0.0006,0.0215,0.0069,0.0000,0.0177,0.0000,0.0181,0.1367,0,2
cand404,0.0223,0.0668,-168.5619,0.3926,0.0005,0.2109,0.0006,0.0469,0.0030,0.0410,0.0052,0.1729,0,4
cand405,0.0048,0.0364,-54.9301,0.0156,0.0052,0.0293,0.0054,0.1562,0.0033,0.2695,0.0010,0.1177,1,4
cand406,0.0555,0.0180,-148.1876,0.0000,0.0219,0.0000,0.0297,0.0000,0.0136,0.0234,0.0036,0.0059,0,1
cand407,-0.0164,0.0707,-82.9409,0.0391,0.0041,0.0977,0.0022,0.3320,0.0014,0.1406,0.0037,0.1523,0,4
cand408,0.0276,0.0765,-22.2501,0.0352,0.0059,0.1504,0.0022,0.4453,0.0005,0.6309,0.0004,0.3154,1,4
cand409,0.0418,0.0356,44.3498,0.0820,0.0021,0.1523,0.0011,0.2695,0.0013,0.3828,0.0015,0.2217,1,4
cand410,0.0094,0.0079,-54.9987,0.0000,0.0171,0.0000,0.0145,0.0312,0.0044,0.1172,0.0021,0.0371,1,2
cand411,0.0119,0.1074,102.1146,0.6074,0.0008,0.5586,0.0011,0.5742,0.0008,0.0977,0.0021,0.4595,0,4
cand412,0.0029,0.0216,-82.8135,0.0000,0.0178,0.0000,0.0170,0.0117,0.0048,0.0879,0.0013,0.0249,1,2
cand413,-0.0453,0.0640,-27.2771,0.3984,0.0013,0.1543,0.0018,0.0000,0.0147,0.0000,0.0287,0.1382,1,2
cand414,0.0224,0.0585,-29.9577,0.0078,0.0093,0.1055,0.0014,0.3125,0.0022,0.4785,0.0007,0.2261,1,4
cand415,-0.0113,0.0045,173.8681,0.0000,0.0166,0.0000,0.0388,0.0000,0.0367,0.0000,0.0244,0.0000,1,0
cand416,-0.0417,0.0028,-102.4909,0.0000,0.0230,0.0000,0.0370,0.0000,0.0348,0.0000,0.0269,0.0000,1,0
cand417,-0.0350,0.0874,-125.4133,0.0820,0.0051,0.0000,0.0100,0.1484,0.0015,0.0000,0.0165,0.0576,0,2
cand418,-0.0126,0.0015,155.3649,0.0098,0.0079,0.0000,0.0351,0.0000,0.0402,0.0000,0.0341,0.0024,1,1
cand419,-0.0147,0.0927,166.2965,0.4238,0.0010,0.0527,0.0064,0.0312,0.0023,0.0000,0.0145,0.1270,0,3
cand420,0.0300,0.0287,-2.8276,0.0547,0.0025,0.0859,0.0018,0.1992,0.0009,0.3184,0.0015,0.1646,1,4
cand421,0.0361,0.0769,117.9258,0.4219,0.0011,0.4688,0.0007,0.5645,0.0006,0.4941,0.0009,0.4873,0,4
cand422,0.0099,0.0723,-49.2494,0.0254,0.0063,0.1074,0.0038,0.4512,0.0008,0.5176,0.0008,0.2754,0,4
cand423,-0.0289,0.0767,-178.9624,0.1035,0.0036,0.0195,0.0041,0.0000,0.0130,0.0000,0.0128,0.0308,0,2
cand424,0.0362,0.0008,42.0483,0.0000,0.0104,0.0000,0.0111,0.0664,0.0021,0.1875,0.0007,0.0635,1,2
cand425,0.0154,0.0116,33.1928,0.0840,0.0022,0.0449,0.0006,0.1133,0.0012,0.1953,0.0011,0.1094,1,4
cand426,0.0334,0.0590,62.1938,0.2090,0.0018,0.2949,0.0012,0.3906,0.0013,0.5234,0.0007,0.3545,0,4
cand427,0.0280,0.0227,153.5819,0.1855,0.0005,0.1934,0.0011,0.0859,0.0017,0.0605,0.0057,0.1313,0,4
cand428,-0.0140,0.0642,-142.8542,0.0488,0.0055,0.0000,0.0122,0.0000,0.0119,0.0273,0.0047,0.0190,0,2
cand429,0.0596,0.0720,-13.7572,0.0000,0.0131,0.0547,0.0012,0.2031,0.0015,0.4883,0.0011,0.1865,0,3
cand430,0.0123,0.0030,-93.5713,0.0000,0.0172,0.0000,0.0287,0.0000,0.0210,0.0000,0.0103,0.0000,1,0
cand431,0.0572,0.0089,-128.9877,0.0000,0.0471,0.0000,0.0435,0.0000,0.0220,0.0078,0.0076,0.0020,0,1
cand432,0.0130,0.0851,127.0343,0.6113,0.0011,0.5801,0.0014,0.3906,0.0006,0.0684,0.0048,0.4126,0,4
cand433,0.0447,0.0836,-54.8432,0.0039,0.0087,0.0039,0.0087,0.1699,0.0024,0.5840,0.0005,0.1904,0,4
cand434,0.0140,0.0894,-130.0155,0.4082,0.0007,0.0781,0.0036,0.0996,0.0010,0.2734,0.0012,0.2148,0,4
cand435,-0.0410,0.0504,-68.2775,0.1133,0.0040,0.1270,0.0022,0.0000,0.0101,0.0000,0.0230,0.0601,1,2
cand436,-0.0496,0.0569,-45.7280,0.3457,0.0009,0.0977,0.0023,0.0000,0.0189,0.0000,0.0316,0.1108,1,2
cand437,0.0471,0.0368,58.5616,0.0762,0.0013,0.1445,0.0009,0.2773,0.0009,0.3906,0.0006,0.2222,1,4
cand438,0.0125,0.0330,-11.6597,0.0801,0.0038,0.1035,0.0012,0.2246,0.0007,0.2754,0.0009,0.1709,1,4
cand439,-0.0096,0.0261,-148.2759,0.0000,0.0128,0.0000,0.0181,0.0039,0.0086,0.0000,0.0136,0.0010,0,1
cand440,-0.0443,0.0245,-150.0051,0.0000,0.0160,0.0000,0.0143,0.0000,0.0277,0.0000,0.0341,0.0000,1,0
cand441,-0.0334,0.0137,-45.6124,0.0391,0.0045,0.0195,0.0041,0.0000,0.0154,0.0000,0.0193,0.0146,1,2
cand442,-0.0238,0.0005,-168.1516,0.0000,0.0304,0.0000,0.0412,0.0000,0.0331,0.0000,0.0164,0.0000,1,0
cand443,0.0589,0.0270,-165.3021,0.0703,0.0022,0.0078,0.0090,0.0625,0.0008,0.1602,0.0015,0.0752,0,4
cand444,0.0189,0.0607,-40.0135,0.0176,0.0056,0.0605,0.0039,0.3262,0.0014,0.4824,0.0010,0.2217,1,4
cand445,0.0307,0.1031,-37.3121,0.0137,0.0075,0.1445,0.0022,0.6016,0.0006,0.8574,0.0010,0.4043,0,4
cand446,-0.0087,0.0566,-95.5886,0.0059,0.0087,0.0000,0.0115,0.0820,0.0017,0.2676,0.0013,0.0889,0,3
cand447,-0.0309,0.0428,63.7268,0.2871,0.0005,0.1719,0.0010,0.1387,0.0012,0.0879,0.0032,0.1714,1,4
cand448,-0.0484,0.0152,110.9189,0.2109,0.0009,0.0000,0.0215,0.0000,0.0425,0.0000,0.0546,0.0527,1,1
cand449,-0.0135,0.0615,-160.0223,0.0859,0.0020,0.0176,0.0043,0.0000,0.0124,0.0000,0.0110,0.0259,0,2
cand450,0.0106,0.0031,-105.3870,0.0000,0.0128,0.0000,0.0240,0.0000,0.0213,0.0000,0.0122,0.0000,1,0
cand451,-0.0007,0.0576,-134.8890,0.0762,0.0006,0.0000,0.0106,0.0000,0.0126,0.0098,0.0081,0.0215,0,2
cand452,0.0005,0.0859,74.0835,0.4805,0.0010,0.4844,0.0008,0.5645,0.0005,0.4082,0.0011,0.4844,0,4
cand453,-0.0094,0.0546,107.6410,0.3926,0.0007,0.3633,0.0008,0.2715,0.0004,0.0000,0.0161,0.2568,1,3
cand454,-0.0211,0.0154,168.8426,0.0020,0.0099,0.0000,0.0342,0.0000,0.0329,0.0000,0.0260,0.0005,1,1
cand455,0.0460,0.0962,-8.2180,0.0195,0.0078,0.1484,0.0029,0.4277,0.0008,0.7832,0.0006,0.3447,0,4
cand456,-0.0461,0.0817,104.4568,0.5781,0.0008,0.0137,0.0093,0.0000,0.0339,0.0000,0.0476,0.1479,0,2
cand457,0.0562,0.0039,112.6122,0.0000,0.0238,0.0000,0.0140,0.0879,0.0028,0.2832,0.0010,0.0928,1,2
cand458,-0.0130,0.0733,144.2017,0.5801,0.0008,0.1426,0.0016,0.0156,0.0049,0.0059,0.0085,0.1860,0,4
cand459,-0.0223,0.1093,-166.3745,0.2754,0.0020,0.0430,0.0053,0.0039,0.0095,0.0000,0.0117,0.0806,0,3
cand460,-0.0374,0.0529,78.8223,0.3672,0.0005,0.2500,0.0009,0.1133,0.0028,0.0000,0.0226,0.1826,1,3
cand461,0.0519,0.0932,169.3848,0.4551,0.0017,0.6797,0.0005,0.5723,0.0007,0.3105,0.0009,0.5044,0,4
cand462,-0.0015,0.0447,32.2020,0.2598,0.0007,0.2266,0.0004,0.2676,0.0007,0.3008,0.0007,0.2637,1,4
cand463,0.0261,0.0993,33.1284,0.2695,0.0017,0.4219,0.0005,0.6328,0.0009,0.6895,0.0006,0.5034,0,4
cand464,0.0497,0.0457,97.6890,0.0898,0.0018,0.2090,0.0009,0.3516,0.0007,0.4961,0.0005,0.2866,1,4
cand465,0.0598,0.0087,74.6079,0.0000,0.0241,0.0000,0.0140,0.1016,0.0018,0.2676,0.0014,0.0923,1,2
cand466,0.0493,0.0984,134.1931,0.3711,0.0012,0.6641,0.0007,0.7012,0.0006,0.4043,0.0009,0.5352,0,4
cand467,-0.0193,0.0447,2.9148,0.2734,0.0006,0.1875,0.0013,0.1621,0.0021,0.1211,0.0028,0.1860,1,4
cand468,0.0567,0.0292,57.7786,0.0117,0.0052,0.0703,0.0012,0.2266,0.0020,0.3438,0.0014,0.1631,1,4
cand469,0.0336,0.0161,133.3238,0.0566,0.0027,0.0977,0.0010,0.3066,0.0012,0.2695,0.0009,0.1826,1,4
cand470,0.0056,0.1052,140.2888,0.7480,0.0007,0.5234,0.0012,0.1113,0.0022,0.0293,0.0056,0.3530,0,4
cand471,0.0542,0.0201,120.4737,0.0000,0.0134,0.0391,0.0025,0.2324,0.0008,0.4316,0.0008,0.1758,1,3
cand472,0.0449,0.1042,53.8369,0.2168,0.0009,0.4219,0.0005,0.5098,0.0009,0.6074,0.0007,0.4390,0,4
cand473,-0.0095,0.0646,-123.1624,0.0293,0.0077,0.0000,0.0135,0.0000,0.0111,0.1309,0.0013,0.0400,0,2
cand474,0.0596,0.0794,-57.7596,0.0000,0.0118,0.0000,0.0123,0.0566,0.0024,0.3281,0.0017,0.0962,0,2
cand475,0.0511,0.0784,-60.0752,0.0078,0.0074,0.0000,0.0119,0.0664,0.0024,0.4082,0.0012,0.1206,0,3
cand476,0.0522,0.0357,-64.8140,0.0000,0.0152,0.0000,0.0170,0.0059,0.0080,0.0957,0.0047,0.0254,1,2
cand477,-0.0467,0.0771,-141.1194,0.0195,0.0069,0.0000,0.0116,0.0000,0.0134,0.0000,0.0261,0.0049,0,1
cand478,-0.0446,0.0722,168.6079,0.0312,0.0054,0.0020,0.0090,0.0000,0.0139,0.0000,0.0150,0.0083,0,2
cand479,-0.0429,0.0836,-97.6822,0.1660,0.0026,0.1895,0.0027,0.0137,0.0072,0.0000,0.0283,0.0923,1,3
cand480,0.0447,0.0013,-110.1063,0.0000,0.0421,0.0000,0.0264,0.0000,0.0114,0.0000,0.0117,0.0000,1,0
cand481,0.0573,0.0633,-132.5811,0.0879,0.0021,0.0840,0.0012,0.1816,0.0014,0.1738,0.0015,0.1318,0,4
cand482,-0.0495,0.0450,-23.6065,0.2578,0.0005,0.0391,0.0043,0.0000,0.0188,0.0000,0.0315,0.0742,1,2
cand483,0.0086,0.0749,-124.5690,0.2402,0.0009,0.0098,0.0064,0.0293,0.0035,0.1797,0.0015,0.1147,0,4
cand484,-0.0150,0.0058,178.7414,0.0000,0.0184,0.0000,0.0400,0.0000,0.0334,0.0000,0.0259,0.0000,1,0
cand485,-0.0034,0.0746,-77.3052,0.0312,0.0067,0.0508,0.0043,0.3711,0.0013,0.3945,0.0007,0.2119,0,4
cand486,-0.0344,0.0213,-174.5315,0.0000,0.0187,0.0000,0.0296,0.0000,0.0243,0.0000,0.0143,0.0000,1,0
cand487,0.0257,0.1089,-147.0237,0.6270,0.0008,0.4180,0.0014,0.2812,0.0005,0.3789,0.0018,0.4263,0,4
cand488,-0.0318,0.0882,49.1000,0.5723,0.0005,0.4551,0.0010,0.3184,0.0007,0.0410,0.0077,0.3467,0,4
cand489,0.0543,0.0401,-25.8975,0.0000,0.0198,0.0117,0.0086,0.0781,0.0012,0.2852,0.0009,0.0938,1,3
cand490,-0.0185,0.0885,-112.4941,0.1367,0.0028,0.0605,0.0030,0.2070,0.0010,0.0840,0.0036,0.1221,0,4
cand491,-0.0082,0.0725,148.8183,0.5625,0.0006,0.1719,0.0007,0.0176,0.0033,0.0156,0.0052,0.1919,0,4
cand492,0.0394,0.0093,131.0686,0.0098,0.0081,0.0391,0.0027,0.2168,0.0008,0.3496,0.0008,0.1538,1,4
cand493,0.0370,0.0518,19.3596,0.0977,0.0020,0.1699,0.0014,0.3203,0.0005,0.4570,0.0014,0.2612,1,4
cand494,-0.0012,0.0061,-64.6985,0.0000,0.0177,0.0000,0.0174,0.0215,0.0031,0.0918,0.0006,0.0283,1,2
cand495,0.0504,0.0659,-144.6545,0.2402,0.0005,0.1660,0.0009,0.2168,0.0025,0.1289,0.0037,0.1880,0,4
cand496,0.0107,0.0680,112.0459,0.4746,0.0010,0.4434,0.0014,0.5664,0.0008,0.1270,0.0017,0.4028,0,4
cand497,0.0140,0.0221,169.1742,0.2109,0.0003,0.0000,0.0103,0.0000,0.0139,0.0020,0.0091,0.0532,0,2
cand498,-0.0174,0.0798,67.5812,0.4727,0.0013,0.4355,0.0010,0.4375,0.0003,0.1797,0.0021,0.3813,0,4
cand499,0.0516,0.0842,-40.4262,0.0000,0.0143,0.0098,0.0061,0.1504,0.0029,0.6406,0.0009,0.2002,0,3
cand500,-0.0447,0.0722,-175.7213,0.0254,0.0071,0.0000,0.0128,0.0059,0.0079,0.0000,0.0259,0.0078,0,2
cand501,-0.0442,0.0025,26.3270,0.0254,0.0043,0.0000,0.0248,0.0000,0.0299,0.0000,0.0309,0.0063,1,1
cand502,0.0366,0.0077,-65.0533,0.0000,0.0241,0.0000,0.0282,0.0000,0.0148,0.0430,0.0038,0.0107,1,1
cand503,-0.0083,0.0989,52.6810,0.4766,0.0006,0.5586,0.0008,0.5664,0.0007,0.3379,0.0006,0.4849,0,4
cand504,-0.0055,0.1014,67.3672,0.5020,0.0005,0.5586,0.0012,0.5879,0.0008,0.2871,0.0008,0.4839,0,4
cand505,0.0239,0.0783,15.0580,0.1797,0.0011,0.3203,0.0013,0.4941,0.0003,0.6152,0.0004,0.4023,1,4
cand506,0.0014,0.1070,25.8577,0.4492,0.0011,0.6133,0.0008,0.6875,0.0002,0.5176,0.0010,0.5669,0,4
cand507,-0.0053,0.0103,-110.7866,0.0020,0.0090,0.0000,0.0219,0.0000,0.0222,0.0000,0.0135,0.0005,1,1
cand508,0.0582,0.1058,-178.9286,0.2793,0.0045,0.6973,0.0007,0.6777,0.0004,0.4785,0.0022,0.5332,0,4
cand509,-0.0414,0.0747,-101.5140,0.0625,0.0032,0.0859,0.0026,0.0762,0.0051,0.0000,0.0232,0.0562,1,3
cand510,0.0230,0.0231,-37.1366,0.0000,0.0128,0.0000,0.0103,0.0859,0.0023,0.2539,0.0010,0.0850,1,2
cand511,-0.0142,0.0271,99.0412,0.2383,0.0009,0.1582,0.0011,0.2246,0.0014,0.0000,0.0139,0.1553,1,3
cand512,-0.0166,0.1006,-112.0605,0.2461,0.0012,0.1738,0.0023,0.3379,0.0012,0.0586,0.0042,0.2041,0,4
cand513,0.0484,0.0169,-73.4600,0.0000,0.0157,0.0000,0.0233,0.0000,0.0165,0.0117,0.0065,0.0029,1,1
cand514,0.0582,0.0052,121.7860,0.0000,0.0250,0.0000,0.0149,0.1035,0.0011,0.3164,0.0003,0.1050,1,2
cand515,-0.0320,0.0571,164.9520,0.0977,0.0033,0.0000,0.0136,0.0000,0.0170,0.0000,0.0112,0.0244,0,1
cand516,-0.0369,0.0415,2.9448,0.2715,0.0007,0.1016,0.0026,0.0117,0.0066,0.0000,0.0178,0.0962,1,3
cand517,0.0217,0.0370,-90.4512,0.0020,0.0096,0.0000,0.0165,0.0000,0.0105,0.0859,0.0021,0.0220,1,2
cand518,0.0499,0.0009,173.2403,0.0000,0.0114,0.0000,0.0144,0.0000,0.0127,0.0527,0.0014,0.0132,1,1
cand519,-0.0336,0.0254,83.3872,0.2207,0.0010,0.0645,0.0016,0.0801,0.0035,0.0000,0.0184,0.0913,1,3
cand520,0.0328,0.0564,-172.2429,0.3730,0.0007,0.1816,0.0010,0.0840,0.0025,0.0430,0.0052,0.1704,0,4
cand521,-0.0255,0.0229,141.2342,0.2207,0.0013,0.0000,0.0245,0.0000,0.0347,0.0000,0.0342,0.0552,1,1
cand522,0.0005,0.0844,146.2448,0.6855,0.0004,0.3438,0.0010,0.0586,0.0041,0.0273,0.0029,0.2788,0,4
cand523,-0.0068,0.1016,64.9492,0.5039,0.0007,0.5723,0.0010,0.5781,0.0006,0.2871,0.0010,0.4854,0,4
cand524,0.0165,0.0496,-20.8399,0.0410,0.0026,0.1250,0.0014,0.3145,0.0006,0.3926,0.0009,0.2183,1,4
cand525,-0.0144,0.0307,-5.3480,0.1777,0.0014,0.1250,0.0017,0.1094,0.0017,0.1152,0.0011,0.1318,1,4
cand526,-0.0052,0.0289,-153.4586,0.0059,0.0083,0.0000,0.0164,0.0000,0.0139,0.0000,0.0122,0.0015,0,1
cand527,0.0571,0.0630,-59.0519,0.0000,0.0126,0.0000,0.0120,0.0195,0.0066,0.2285,0.0018,0.0620,0,2
cand528,0.0424,0.0536,120.9048,0.2012,0.0006,0.3125,0.0016,0.4688,0.0005,0.5918,0.0007,0.3936,0,4
cand529,-0.0319,0.0160,-95.3058,0.0000,0.0164,0.0000,0.0245,0.0000,0.0158,0.0078,0.0087,0.0020,1,1
cand530,0.0446,0.0841,-61.9053,0.0156,0.0060,0.0059,0.0081,0.1289,0.0020,0.5430,0.0011,0.1733,0,4
cand531,0.0527,0.0946,-40.2910,0.0020,0.0095,0.0078,0.0079,0.2031,0.0015,0.7031,0.0005,0.2290,0,4
cand532,0.0160,0.1083,74.2676,0.5078,0.0010,0.5273,0.0008,0.5957,0.0006,0.5527,0.0004,0.5459,0,4
cand533,-0.0282,0.0658,140.8504,0.4180,0.0007,0.0098,0.0071,0.0000,0.0185,0.0000,0.0196,0.1069,0,2
cand534,0.0086,0.0514,88.3418,0.3359,0.0004,0.2949,0.0010,0.3945,0.0005,0.5176,0.0009,0.3857,1,4
cand535,-0.0001,0.0696,-177.4703,0.3613,0.0010,0.0625,0.0052,0.0195,0.0050,0.0000,0.0151,0.1108,0,3
cand536,0.0339,0.1057,124.2799,0.6523,0.0007,0.6445,0.0002,0.5996,0.0004,0.2168,0.0009,0.5283,0,4
cand537,0.0398,0.0521,84.7294,0.2090,0.0004,0.2676,0.0004,0.3926,0.0012,0.5117,0.0009,0.3452,0,4
cand538,0.0038,0.0125,-167.9273,0.0000,0.0131,0.0000,0.0306,0.0000,0.0219,0.0000,0.0158,0.0000,1,0
cand539,-0.0117,0.0920,-10.7406,0.4473,0.0010,0.5000,0.0007,0.4980,0.0008,0.2832,0.0031,0.4321,0,4
cand540,-0.0378,0.0037,10.0290,0.0430,0.0021,0.0000,0.0207,0.0000,0.0257,0.0000,0.0239,0.0107,1,1
cand541,-0.0227,0.0703,-73.5377,0.0703,0.0034,0.1758,0.0036,0.2988,0.0014,0.0137,0.0087,0.1396,1,4
cand542,-0.0012,0.0156,-33.9042,0.0039,0.0095,0.0527,0.0014,0.1035,0.0008,0.1387,0.0010,0.0747,1,4
cand543,0.0125,0.0584,-143.2177,0.2070,0.0010,0.0098,0.0080,0.0020,0.0100,0.0020,0.0090,0.0552,0,4
cand544,0.0446,0.0785,-126.4207,0.2285,0.0009,0.2168,0.0007,0.1133,0.0015,0.2480,0.0015,0.2017,0,4
cand545,-0.0379,0.0191,-32.3125,0.1211,0.0016,0.0059,0.0081,0.0000,0.0179,0.0000,0.0213,0.0317,1,2
cand546,-0.0231,0.0252,45.9533,0.1914,0.0009,0.0723,0.0016,0.0547,0.0016,0.0586,0.0022,0.0942,1,4
cand547,-0.0369,0.0234,149.2018,0.0078,0.0089,0.0000,0.0355,0.0000,0.0417,0.0000,0.0361,0.0020,1,1
cand548,-0.0371,0.0245,147.0583,0.0156,0.0077,0.0000,0.0344,0.0000,0.0417,0.0000,0.0364,0.0039,1,1
cand549,0.0359,0.0493,169.0371,0.4180,0.0005,0.2812,0.0004,0.2148,0.0008,0.0996,0.0039,0.2534,0,4
cand550,-0.0140,0.0653,-106.7878,0.0137,0.0066,0.0000,0.0108,0.0684,0.0014,0.2598,0.0013,0.0854,0,3
cand551,0.0005,0.0270,79.4743,0.2090,0.0010,0.1465,0.0019,0.2090,0.0011,0.3164,0.0007,0.2202,1,4
cand552,-0.0297,0.0975,142.8983,0.4180,0.0007,0.0430,0.0055,0.0098,0.0070,0.0000,0.0111,0.1177,0,3
cand553,0.0345,0.0975,-71.1419,0.1055,0.0026,0.1055,0.0013,0.2852,0.0012,0.6875,0.0008,0.2959,0,4
cand554,-0.0443,0.0999,27.6734,0.6641,0.0013,0.4277,0.0006,0.1230,0.0023,0.0000,0.0211,0.3037,1,3
cand555,-0.0452,0.0854,-64.2546,0.4766,0.0003,0.3027,0.0016,0.0000,0.0156,0.0000,0.0344,0.1948,1,2
cand556,0.0547,0.1083,36.9507,0.1348,0.0032,0.3008,0.0007,0.4844,0.0016,0.5840,0.0014,0.3760,0,4
cand557,0.0499,0.0393,-81.1247,0.0000,0.0114,0.0000,0.0132,0.0000,0.0101,0.0332,0.0054,0.0083,0,1
cand558,0.0303,0.0615,-171.1090,0.3984,0.0007,0.1992,0.0014,0.0859,0.0031,0.0273,0.0062,0.1777,0,4
cand559,-0.0116,0.0009,-68.7416,0.0000,0.0188,0.0000,0.0223,0.0000,0.0104,0.0449,0.0026,0.0112,1,1
cand560,0.0014,0.0398,8.6916,0.1777,0.0022,0.2031,0.0007,0.2383,0.0013,0.2891,0.0011,0.2271,1,4
cand561,-0.0468,0.1044,-104.0004,0.3809,0.0013,0.3242,0.0010,0.0000,0.0125,0.0000,0.0351,0.1763,1,2
cand562,-0.0407,0.0667,61.5769,0.4297,0.0010,0.2852,0.0011,0.1699,0.0014,0.0000,0.0168,0.2212,1,3
cand563,-0.0147,0.1007,-124.3699,0.2617,0.0015,0.1191,0.0025,0.1836,0.0012,0.1152,0.0018,0.1699,0,4
cand564,-0.0311,0.0928,-18.3119,0.6133,0.0014,0.4492,0.0008,0.2227,0.0027,0.0000,0.0224,0.3213,1,3
cand565,0.0116,0.0845,-8.8136,0.1777,0.0011,0.3809,0.0020,0.5352,0.0004,0.5977,0.0005,0.4229,0,4
cand566,0.0480,0.0246,-3.7637,0.0000,0.0129,0.0273,0.0061,0.1250,0.0010,0.2617,0.0013,0.1035,1,3
cand567,-0.0313,0.0262,40.8199,0.1914,0.0008,0.0508,0.0010,0.0176,0.0055,0.0098,0.0079,0.0674,1,4
cand568,0.0162,0.0419,-176.7053,0.2422,0.0006,0.0605,0.0010,0.0078,0.0071,0.0254,0.0017,0.0840,0,4
cand569,-0.0007,0.0297,178.3007,0.1074,0.0013,0.0000,0.0168,0.0000,0.0167,0.0000,0.0107,0.0269,1,1
cand570,0.0136,0.0974,68.8508,0.4629,0.0008,0.5000,0.0010,0.5938,0.0008,0.5801,0.0007,0.5342,0,4
cand571,-0.0399,0.0540,161.8943,0.0488,0.0027,0.0000,0.0197,0.0000,0.0224,0.0000,0.0129,0.0122,0,1
cand572,0.0085,0.0156,94.4926,0.1289,0.0016,0.0859,0.0014,0.1719,0.0010,0.3203,0.0005,0.1768,1,4
cand573,0.0356,0.0808,57.8582,0.2559,0.0018,0.3691,0.0008,0.4922,0.0007,0.5977,0.0009,0.4287,0,4
cand574,0.0436,0.0473,-57.4823,0.0000,0.0127,0.0000,0.0155,0.0078,0.0096,0.2285,0.0030,0.0591,1,2
cand575,0.0485,0.0094,168.8803,0.0039,0.0098,0.0312,0.0026,0.0332,0.0039,0.1016,0.0011,0.0425,1,4
cand576,-0.0304,0.0368,108.6698,0.3418,0.0007,0.2129,0.0014,0.0000,0.0216,0.0000,0.0366,0.1387,1,2
cand577,-0.0363,0.0410,53.5752,0.2754,0.0010,0.1250,0.0013,0.0586,0.0015,0.0586,0.0039,0.1294,1,4
cand578,-0.0136,0.0929,-74.0149,0.1836,0.0006,0.3164,0.0016,0.5039,0.0005,0.0508,0.0058,0.2637,0,4
cand579,0.0149,0.0388,-140.5216,0.0586,0.0011,0.0000,0.0129,0.0000,0.0126,0.0000,0.0124,0.0146,0,1
cand580,-0.0194,0.0898,-65.9005,0.2129,0.0024,0.4355,0.0017,0.3906,0.0008,0.0000,0.0106,0.2598,0,3
cand581,-0.0120,0.0977,149.6722,0.5801,0.0006,0.1641,0.0022,0.0234,0.0073,0.0000,0.0116,0.1919,0,3
cand582,0.0131,0.0121,-86.6842,0.0000,0.0163,0.0000,0.0222,0.0000,0.0133,0.0391,0.0020,0.0098,1,1
cand583,0.0371,0.0417,154.1560,0.2539,0.0009,0.3691,0.0010,0.2871,0.0006,0.2031,0.0032,0.2783,0,4
cand584,-0.0083,0.1086,56.0015,0.5078,0.0013,0.6094,0.0009,0.5762,0.0008,0.2969,0.0013,0.4976,0,4
cand585,-0.0193,0.0602,108.1202,0.4590,0.0008,0.4238,0.0007,0.0000,0.0101,0.0000,0.0249,0.2207,1,2
cand586,-0.0227,0.0325,-30.0906,0.1406,0.0021,0.1172,0.0014,0.0742,0.0016,0.0273,0.0042,0.0898,1,4
cand587,-0.0101,0.1033,52.9797,0.5098,0.0005,0.5723,0.0009,0.5645,0.0009,0.3184,0.0013,0.4912,0,4
cand588,0.0149,0.1041,-35.2939,0.0781,0.0036,0.3574,0.0014,0.7266,0.0008,0.7324,0.0013,0.4736,0,4
cand589,0.0255,0.0185,120.1958,0.1113,0.0019,0.1191,0.0011,0.2812,0.0009,0.3613,0.0004,0.2183,1,4
cand590,-0.0139,0.0526,-170.1155,0.1367,0.0034,0.0000,0.0110,0.0000,0.0124,0.0078,0.0084,0.0361,0,2
cand591,-0.0338,0.0896,63.2806,0.5762,0.0005,0.4766,0.0003,0.2656,0.0016,0.0000,0.0169,0.3296,0,3
cand592,-0.0495,0.0838,45.6522,0.5312,0.0008,0.3203,0.0006,0.0918,0.0043,0.0000,0.0228,0.2358,1,3
cand593,0.0543,0.1023,-28.1578,0.0000,0.0126,0.0098,0.0082,0.2832,0.0018,0.8125,0.0007,0.2764,0,3
cand594,-0.0378,0.0461,-37.1459,0.2402,0.0009,0.1230,0.0014,0.0059,0.0083,0.0000,0.0185,0.0923,1,3
cand595,0.0050,0.0274,-62.5568,0.0000,0.0129,0.0078,0.0064,0.0840,0.0010,0.2227,0.0015,0.0786,1,3
cand596,-0.0430,0.0828,-79.4349,0.3047,0.0008,0.3164,0.0012,0.0000,0.0129,0.0000,0.0323,0.1553,1,2
cand597,0.0249,0.0304,122.8903,0.1914,0.0018,0.2070,0.0004,0.3711,0.0005,0.3340,0.0009,0.2759,1,4
cand598,-0.0238,0.0133,101.1624,0.1621,0.0008,0.0625,0.0019,0.0039,0.0085,0.0000,0.0238,0.0571,1,3
cand599,-0.0249,0.0192,25.5439,0.1621,0.0010,0.0391,0.0035,0.0234,0.0059,0.0156,0.0066,0.0601,1,4
cand600,-0.0431,0.0614,-173.3883,0.0195,0.0071,0.0000,0.0144,0.0039,0.0079,0.0000,0.0243,0.0059,0,2
cand601,-0.0029,0.0457,-149.2415,0.0684,0.0032,0.0059,0.0074,0.0000,0.0106,0.0000,0.0114,0.0186,0,2
cand602,-0.0410,0.0646,-178.5169,0.0352,0.0010,0.0000,0.0120,0.0039,0.0088,0.0000,0.0201,0.0098,0,2
cand603,0.0305,0.0405,-85.3827,0.0020,0.0088,0.0000,0.0157,0.0000,0.0119,0.1035,0.0028,0.0264,1,2
cand604,0.0546,0.0025,45.7072,0.0000,0.0186,0.0000,0.0158,0.0664,0.0022,0.2168,0.0005,0.0708,1,2
cand605,-0.0480,0.0420,-67.4787,0.1133,0.0026,0.0684,0.0002,0.0000,0.0180,0.0000,0.0297,0.0454,1,2
cand606,-0.0412,0.0862,25.8693,0.5547,0.0005,0.3574,0.0018,0.1230,0.0017,0.0000,0.0148,0.2588,1,3
cand607,-0.0415,0.1075,-140.1331,0.2227,0.0019,0.0195,0.0073,0.0391,0.0076,0.0000,0.0285,0.0703,0,3
cand608,0.0041,0.0034,-33.9046,0.0000,0.0120,0.0156,0.0054,0.0527,0.0013,0.1094,0.0009,0.0444,1,3
cand609,0.0041,0.0942,63.9164,0.4824,0.0009,0.5020,0.0007,0.5957,0.0006,0.4746,0.0012,0.5137,0,4
cand610,-0.0112,0.0203,-163.7212,0.0000,0.0135,0.0000,0.0257,0.0000,0.0213,0.0059,0.0081,0.0015,1,1
cand611,-0.0139,0.0069,-116.6739,0.0020,0.0100,0.0000,0.0242,0.0000,0.0259,0.0000,0.0196,0.0005,1,1
cand612,0.0216,0.0222,-45.3894,0.0000,0.0127,0.0117,0.0055,0.0742,0.0017,0.2148,0.0029,0.0752,1,3
cand613,-0.0492,0.1004,122.7086,0.4023,0.0005,0.0000,0.0126,0.0000,0.0272,0.0000,0.0295,0.1006,0,1
cand614,-0.0396,0.0753,-2.9568,0.4785,0.0006,0.2793,0.0012,0.0195,0.0089,0.0000,0.0242,0.1943,1,3
cand615,0.0404,0.0197,-115.1625,0.0000,0.0327,0.0000,0.0222,0.0078,0.0083,0.0000,0.0114,0.0020,1,1
cand616,0.0549,0.0229,-23.4026,0.0000,0.0244,0.0000,0.0121,0.0684,0.0015,0.1738,0.0012,0.0605,1,2
cand617,-0.0316,0.0357,-61.0393,0.0449,0.0052,0.0684,0.0018,0.0410,0.0052,0.0000,0.0145,0.0386,1,3
cand618,0.0168,0.0582,164.4397,0.5234,0.0006,0.2539,0.0005,0.0684,0.0012,0.0371,0.0059,0.2207,0,4
cand619,0.0389,0.0818,-73.1827,0.0410,0.0043,0.0156,0.0074,0.1133,0.0027,0.4355,0.0009,0.1514,0,4
cand620,-0.0167,0.0503,-74.3882,0.0137,0.0062,0.0449,0.0027,0.1523,0.0013,0.1445,0.0006,0.0889,1,4
cand621,-0.0296,0.0216,-43.5248,0.0645,0.0025,0.0449,0.0016,0.0059,0.0094,0.0000,0.0114,0.0288,1,3
cand622,-0.0130,0.1035,37.8095,0.5391,0.0006,0.5859,0.0003,0.5566,0.0008,0.3184,0.0011,0.5000,0,4
cand623,0.0457,0.0108,-165.9125,0.0000,0.0104,0.0000,0.0256,0.0000,0.0141,0.0059,0.0079,0.0015,0,1
cand624,0.0417,0.0481,18.2410,0.0781,0.0042,0.1387,0.0013,0.2949,0.0015,0.4395,0.0008,0.2378,1,4
cand625,-0.0200,0.0477,-132.2283,0.0117,0.0086,0.0000,0.0117,0.0000,0.0126,0.0137,0.0048,0.0063,0,2
cand626,0.0591,0.0605,-144.4255,0.1621,0.0007,0.1172,0.0012,0.2344,0.0014,0.1855,0.0012,0.1748,0,4
cand627,0.0437,0.0473,48.6710,0.1055,0.0008,0.1992,0.0011,0.3262,0.0004,0.4238,0.0011,0.2637,1,4
cand628,-0.0327,0.0435,-0.7247,0.2793,0.0014,0.1348,0.0009,0.0449,0.0036,0.0000,0.0140,0.1147,1,3
cand629,0.0047,0.0902,-1.5158,0.2812,0.0018,0.4688,0.0007,0.5723,0.0011,0.5840,0.0005,0.4766,0,4
cand630,-0.0167,0.0295,-69.2273,0.0059,0.0069,0.0039,0.0092,0.0801,0.0010,0.1016,0.0011,0.0479,1,4
cand631,0.0020,0.0291,-168.8593,0.0605,0.0031,0.0000,0.0189,0.0000,0.0120,0.0000,0.0127,0.0151,0,1
cand632,-0.0281,0.0636,-82.6079,0.0410,0.0026,0.0879,0.0046,0.2090,0.0018,0.0000,0.0128,0.0845,1,3
cand633,-0.0135,0.0284,-145.1616,0.0000,0.0114,0.0000,0.0187,0.0000,0.0104,0.0000,0.0152,0.0000,0,0
cand634,-0.0302,0.0280,122.1660,0.3359,0.0011,0.0000,0.0128,0.0000,0.0320,0.0000,0.0394,0.0840,1,1
cand635,-0.0257,0.0911,87.5879,0.5469,0.0011,0.5488,0.0006,0.2012,0.0020,0.0000,0.0290,0.3242,0,3
cand636,0.0572,0.0829,-138.5593,0.3027,0.0012,0.2793,0.0010,0.3574,0.0010,0.3184,0.0010,0.3145,0,4
cand637,0.0534,0.0926,-20.2937,0.0000,0.0111,0.0527,0.0013,0.2852,0.0011,0.7656,0.0007,0.2759,0,3
cand638,-0.0023,0.0034,-101.6490,0.0000,0.0171,0.0000,0.0294,0.0000,0.0233,0.0000,0.0106,0.0000,1,0
cand639,0.0286,0.0122,177.0282,0.0938,0.0015,0.0000,0.0176,0.0000,0.0138,0.0000,0.0108,0.0234,0,1
cand640,-0.0476,0.1090,-73.3653,0.5684,0.0005,0.4297,0.0007,0.0000,0.0213,0.0000,0.0424,0.2495,1,2
cand641,0.0007,0.0600,-75.7609,0.0000,0.0107,0.0195,0.0068,0.2070,0.0023,0.3730,0.0009,0.1499,0,3
cand642,-0.0257,0.0056,116.4359,0.1289,0.0017,0.0059,0.0081,0.0000,0.0275,0.0000,0.0380,0.0337,1,2
cand643,0.0570,0.0138,129.5391,0.0000,0.0185,0.0078,0.0087,0.1875,0.0007,0.4199,0.0012,0.1538,1,3
cand644,0.0293,0.0825,-40.3900,0.0039,0.0090,0.0996,0.0020,0.4219,0.0008,0.6953,0.0007,0.3052,0,4
cand645,-0.0437,0.0759,166.3655,0.0508,0.0063,0.0059,0.0076,0.0000,0.0143,0.0000,0.0133,0.0142,0,2
cand646,0.0225,0.0257,13.2247,0.0742,0.0008,0.1172,0.0013,0.2012,0.0007,0.2754,0.0012,0.1670,1,4
cand647,-0.0366,0.0790,62.2311,0.5176,0.0007,0.4023,0.0011,0.2363,0.0016,0.0000,0.0162,0.2891,1,3
cand648,-0.0009,0.0010,-158.2682,0.0000,0.0277,0.0000,0.0388,0.0000,0.0277,0.0000,0.0128,0.0000,1,0
cand649,0.0250,0.0762,27.0754,0.2188,0.0009,0.3320,0.0010,0.4902,0.0016,0.6133,0.0006,0.4136,1,4
cand650,-0.0250,0.0729,-142.0181,0.0410,0.0042,0.0000,0.0115,0.0000,0.0103,0.0410,0.0043,0.0205,0,2
cand651,0.0190,0.0630,-52.0223,0.0000,0.0126,0.0703,0.0044,0.2812,0.0008,0.5117,0.0005,0.2158,0,3
cand652,-0.0259,0.0797,-114.8429,0.0586,0.0034,0.0098,0.0084,0.1504,0.0017,0.0312,0.0073,0.0625,0,4
cand653,-0.0327,0.0696,57.8248,0.4453,0.0013,0.3320,0.0011,0.2578,0.0017,0.0371,0.0076,0.2681,1,4
cand654,-0.0388,0.0289,-144.5054,0.0000,0.0141,0.0000,0.0127,0.0000,0.0258,0.0000,0.0284,0.0000,1,0
cand655,0.0505,0.0009,-53.6358,0.0000,0.0350,0.0000,0.0332,0.0000,0.0184,0.0371,0.0031,0.0093,1,1
cand656,-0.0327,0.0514,146.4614,0.2324,0.0017,0.0000,0.0166,0.0000,0.0245,0.0000,0.0243,0.0581,0,1
cand657,0.0278,0.0396,-112.8047,0.0000,0.0135,0.0000,0.0102,0.0000,0.0113,0.0059,0.0074,0.0015,1,1
cand658,0.0276,0.0596,79.3044,0.2988,0.0008,0.3164,0.0008,0.4238,0.0005,0.5410,0.0006,0.3950,0,4
cand659,-0.0451,0.0190,-64.8456,0.0430,0.0045,0.0078,0.0086,0.0000,0.0197,0.0000,0.0270,0.0127,1,2
cand660,0.0013,0.0626,22.3538,0.2891,0.0011,0.3164,0.0001,0.3613,0.0009,0.4082,0.0006,0.3438,1,4
cand661,0.0097,0.0623,-29.7088,0.0742,0.0025,0.1836,0.0013,0.4023,0.0012,0.4492,0.0009,0.2773,1,4
cand662,-0.0193,0.0570,-136.1302,0.0215,0.0035,0.0020,0.0095,0.0000,0.0111,0.0215,0.0025,0.0112,0,3
cand663,0.0324,0.1048,-160.5253,0.6660,0.0010,0.5039,0.0010,0.2520,0.0021,0.3223,0.0008,0.4360,0,4
cand664,0.0361,0.0246,-58.8919,0.0000,0.0206,0.0000,0.0162,0.0254,0.0066,0.1328,0.0019,0.0396,1,2
cand665,-0.0463,0.1066,22.3544,0.6992,0.0007,0.4414,0.0010,0.0352,0.0068,0.0000,0.0255,0.2939,1,3
cand666,-0.0410,0.0354,171.8212,0.0000,0.0113,0.0000,0.0271,0.0000,0.0281,0.0000,0.0148,0.0000,0,0
cand667,-0.0434,0.1010,-79.3762,0.4414,0.0014,0.4121,0.0010,0.0000,0.0154,0.0000,0.0373,0.2134,1,2
cand668,-0.0414,0.0687,142.6451,0.1914,0.0009,0.0000,0.0160,0.0000,0.0218,0.0000,0.0218,0.0479,0,1
cand669,-0.0097,0.0381,-85.5470,0.0000,0.0106,0.0039,0.0093,0.0508,0.0068,0.1504,0.0010,0.0513,1,3
cand670,-0.0158,0.0074,1.8976,0.0898,0.0006,0.0078,0.0078,0.0078,0.0074,0.0234,0.0040,0.0322,1,4
cand671,-0.0124,0.0183,80.0533,0.1719,0.0006,0.0801,0.0025,0.1035,0.0016,0.2070,0.0008,0.1406,1,4
cand672,0.0483,0.0888,-131.2032,0.3223,0.0008,0.3242,0.0009,0.2461,0.0013,0.3281,0.0009,0.3052,0,4
cand673,0.0505,0.0450,149.2514,0.1211,0.0015,0.2910,0.0013,0.4629,0.0006,0.3574,0.0009,0.3081,0,4
cand674,-0.0408,0.1082,-145.1738,0.2051,0.0022,0.0059,0.0087,0.0391,0.0074,0.0000,0.0283,0.0625,0,3
cand675,0.0320,0.0786,92.5803,0.4043,0.0003,0.4336,0.0013,0.5078,0.0010,0.5801,0.0003,0.4814,0,4
cand676,-0.0231,0.0823,4.6444,0.5137,0.0012,0.4219,0.0006,0.3281,0.0007,0.0586,0.0066,0.3306,0,4
cand677,-0.0448,0.0107,-79.1146,0.0000,0.0105,0.0000,0.0196,0.0000,0.0200,0.0000,0.0239,0.0000,1,0
cand678,0.0432,0.0468,-81.3442,0.0078,0.0080,0.0000,0.0118,0.0000,0.0114,0.0664,0.0031,0.0186,1,2
cand679,0.0088,0.0363,-69.0925,0.0000,0.0109,0.0020,0.0096,0.0312,0.0078,0.2676,0.0018,0.0752,1,3
cand680,-0.0282,0.0386,-120.3503,0.0000,0.0116,0.0000,0.0165,0.0000,0.0150,0.0117,0.0057,0.0029,1,1
cand681,0.0132,0.0415,-165.8071,0.1621,0.0017,0.0059,0.0071,0.0000,0.0102,0.0000,0.0102,0.0420,0,2
cand682,-0.0262,0.0526,-79.9099,0.0254,0.0051,0.0508,0.0058,0.1582,0.0019,0.0215,0.0090,0.0640,1,4
cand683,0.0471,0.0064,53.2536,0.0000,0.0138,0.0000,0.0112,0.0977,0.0011,0.2344,0.0012,0.0830,1,2
cand684,0.0447,0.1013,-5.6864,0.0234,0.0062,0.1855,0.0017,0.5137,0.0009,0.7949,0.0008,0.3794,0,4
cand685,-0.0057,0.0039,-12.7274,0.0566,0.0037,0.0156,0.0052,0.0215,0.0043,0.0586,0.0016,0.0381,1,4
cand686,0.0215,0.0372,-121.7733,0.0000,0.0102,0.0000,0.0120,0.0000,0.0140,0.0000,0.0103,0.0000,1,0
cand687,0.0018,0.0179,20.8564,0.1289,0.0014,0.0723,0.0017,0.1113,0.0025,0.1797,0.0009,0.1230,1,4
cand688,0.0003,0.1094,-121.3576,0.4102,0.0012,0.1914,0.0022,0.3242,0.0009,0.3242,0.0010,0.3125,0,4
cand689,0.0199,0.0219,-29.3503,0.0137,0.0060,0.0449,0.0030,0.1074,0.0013,0.2578,0.0013,0.1060,1,4
cand690,0.0322,0.0547,-50.1483,0.0000,0.0104,0.0078,0.0080,0.0957,0.0048,0.4590,0.0009,0.1406,1,3
cand691,0.0478,0.0959,-42.2895,0.0020,0.0082,0.0078,0.0090,0.2734,0.0005,0.7676,0.0004,0.2627,0,4
cand692,-0.0396,0.0377,-112.8176,0.0000,0.0146,0.0000,0.0173,0.0000,0.0152,0.0000,0.0126,0.0000,1,0
cand693,0.0319,0.0702,1.8516,0.0938,0.0014,0.2207,0.0010,0.4141,0.0012,0.5879,0.0004,0.3291,1,4
cand694,-0.0482,0.1063,-175.1517,0.0352,0.0037,0.0000,0.0160,0.0000,0.0152,0.0000,0.0351,0.0088,0,1
cand695,0.0080,0.0475,-85.7181,0.0000,0.0118,0.0000,0.0129,0.0312,0.0073,0.2578,0.0011,0.0723,0,2
cand696,0.0479,0.0377,23.4387,0.0449,0.0037,0.1055,0.0007,0.2422,0.0011,0.3672,0.0007,0.1899,1,4
cand697,-0.0356,0.0058,122.4811,0.1875,0.0008,0.0000,0.0240,0.0000,0.0415,0.0000,0.0503,0.0469,1,1
cand698,-0.0358,0.0149,56.4622,0.1250,0.0014,0.0000,0.0103,0.0000,0.0145,0.0039,0.0090,0.0322,1,2
cand699,-0.0264,0.0859,-153.1232,0.0820,0.0036,0.0000,0.0117,0.0000,0.0111,0.0020,0.0098,0.0210,0,2
cand700,-0.0466,0.0417,132.1057,0.1113,0.0025,0.0000,0.0305,0.0000,0.0429,0.0000,0.0426,0.0278,1,1
cand701,-0.0352,0.0006,-6.4492,0.0410,0.0020,0.0000,0.0227,0.0000,0.0257,0.0000,0.0235,0.0103,1,1
cand702,-0.0006,0.0482,-97.2537,0.0000,0.0130,0.0000,0.0107,0.0137,0.0070,0.1641,0.0022,0.0444,0,2
cand703,0.0281,0.0937,-16.5928,0.0449,0.0019,0.2520,0.0019,0.6094,0.0011,0.7656,0.0006,0.4180,0,4
cand704,0.0518,0.0788,-152.3581,0.4004,0.0003,0.3027,0.0009,0.3496,0.0014,0.2324,0.0021,0.3213,0,4
cand705,0.0534,0.0432,46.1756,0.0742,0.0038,0.1387,0.0019,0.2793,0.0012,0.4121,0.0008,0.2261,1,4
cand706,-0.0307,0.0573,-100.6286,0.0020,0.0099,0.0020,0.0082,0.1152,0.0025,0.0039,0.0091,0.0308,1,4
cand707,0.0220,0.0336,178.8562,0.2500,0.0007,0.0352,0.0034,0.0098,0.0060,0.0137,0.0067,0.0771,0,4
cand708,-0.0380,0.0620,-113.9154,0.0039,0.0094,0.0078,0.0069,0.0488,0.0027,0.0000,0.0146,0.0151,1,3
cand709,-0.0175,0.0946,0.4593,0.5703,0.0003,0.4961,0.0011,0.4668,0.0007,0.1387,0.0058,0.4180,0,4
cand710,-0.0402,0.0801,-20.1244,0.5215,0.0008,0.2891,0.0008,0.0020,0.0098,0.0000,0.0281,0.2031,1,3
cand711,-0.0409,0.0533,-19.6100,0.3301,0.0007,0.1367,0.0005,0.0000,0.0103,0.0000,0.0221,0.1167,1,2
cand712,0.0142,0.0478,36.3246,0.2246,0.0014,0.2559,0.0013,0.3105,0.0010,0.3906,0.0010,0.2954,1,4
cand713,0.0274,0.1088,20.7450,0.2090,0.0011,0.4316,0.0015,0.7090,0.0009,0.7246,0.0008,0.5186,0,4
cand714,-0.0015,0.0783,148.9892,0.6426,0.0008,0.2949,0.0010,0.0352,0.0065,0.0293,0.0029,0.2505,0,4
cand715,-0.0475,0.0040,171.8364,0.0000,0.0335,0.0000,0.0518,0.0000,0.0492,0.0000,0.0328,0.0000,1,0
cand716,0.0101,0.0057,57.7343,0.0605,0.0028,0.0234,0.0049,0.0762,0.0017,0.1641,0.0006,0.0811,1,4
cand717,-0.0394,0.0117,-35.0161,0.0859,0.0030,0.0000,0.0134,0.0000,0.0225,0.0000,0.0238,0.0215,1,1
cand718,0.0230,0.0902,127.3930,0.6445,0.0012,0.5879,0.0005,0.5566,0.0004,0.1152,0.0025,0.4761,0,4
cand719,-0.0075,0.1078,-129.7924,0.3535,0.0008,0.1348,0.0031,0.2168,0.0010,0.2285,0.0012,0.2334,0,4
cand720,0.0238,0.0255,74.9637,0.1328,0.0018,0.1348,0.0022,0.2285,0.0009,0.3223,0.0007,0.2046,1,4
cand721,0.0016,0.0033,-163.9231,0.0000,0.0229,0.0000,0.0384,0.0000,0.0261,0.0000,0.0185,0.0000,1,0
cand722,-0.0175,0.0107,67.7072,0.1133,0.0011,0.0215,0.0056,0.0332,0.0026,0.0840,0.0010,0.0630,1,4
cand723,0.0007,0.0708,59.9764,0.4062,0.0012,0.3789,0.0013,0.4492,0.0008,0.4570,0.0007,0.4229,1,4
cand724,-0.0448,0.0456,65.8379,0.3086,0.0014,0.1172,0.0018,0.0703,0.0029,0.0000,0.0184,0.1240,1,3
cand725,0.0493,0.1041,-42.2255,0.0137,0.0051,0.0117,0.0069,0.3203,0.0013,0.7852,0.0008,0.2827,0,4
cand726,0.0134,0.1027,-163.7359,0.6191,0.0006,0.2363,0.0007,0.0664,0.0015,0.1074,0.0017,0.2573,0,4
cand727,0.0574,0.0500,125.7654,0.0352,0.0060,0.2207,0.0014,0.4258,0.0004,0.6250,0.0010,0.3267,1,4
cand728,-0.0315,0.1029,98.8042,0.5645,0.0008,0.5566,0.0005,0.0000,0.0189,0.0000,0.0364,0.2803,0,2
cand729,0.0218,0.0190,-22.2220,0.0117,0.0052,0.0332,0.0063,0.1270,0.0014,0.2402,0.0013,0.1030,1,4
cand730,0.0144,0.0442,141.4333,0.3867,0.0006,0.3828,0.0005,0.1875,0.0027,0.0430,0.0046,0.2500,0,4
cand731,0.0106,0.0098,135.1211,0.1328,0.0015,0.1426,0.0012,0.0137,0.0089,0.0000,0.0108,0.0723,1,3
cand732,-0.0158,0.0189,51.4369,0.1641,0.0005,0.0508,0.0016,0.0586,0.0028,0.0996,0.0011,0.0933,1,4
cand733,0.0389,0.0319,-4.5415,0.0098,0.0060,0.0645,0.0014,0.1836,0.0024,0.3359,0.0006,0.1484,1,4
cand734,0.0565,0.0486,-45.7007,0.0000,0.0155,0.0000,0.0146,0.0273,0.0072,0.1934,0.0020,0.0552,0,2
cand735,0.0105,0.0778,51.5630,0.3691,0.0014,0.4062,0.0009,0.4922,0.0010,0.5625,0.0007,0.4575,1,4
cand736,-0.0463,0.1034,-14.9328,0.7109,0.0007,0.3594,0.0013,0.0000,0.0184,0.0000,0.0402,0.2676,1,2
cand737,0.0275,0.0659,-120.8775,0.1777,0.0011,0.0254,0.0032,0.0137,0.0060,0.1270,0.0011,0.0859,0,4
cand738,0.0594,0.0866,62.1808,0.1074,0.0022,0.2988,0.0012,0.4668,0.0011,0.5469,0.0009,0.3550,0,4
cand739,-0.0203,0.0211,-147.7294,0.0000,0.0155,0.0000,0.0209,0.0000,0.0135,0.0000,0.0202,0.0000,1,0
cand740,0.0113,0.0232,-28.4710,0.0215,0.0039,0.0430,0.0046,0.1504,0.0017,0.2383,0.0010,0.1133,1,4
cand741,0.0337,0.0667,-65.6963,0.0000,0.0106,0.0000,0.0140,0.0840,0.0025,0.4863,0.0006,0.1426,0,2
cand742,-0.0398,0.0339,-108.9705,0.0000,0.0125,0.0000,0.0183,0.0000,0.0148,0.0000,0.0128,0.0000,1,0
cand743,0.0100,0.0465,-50.8311,0.0176,0.0044,0.0469,0.0040,0.2227,0.0016,0.3613,0.0004,0.1621,1,4
cand744,-0.0075,0.0449,-26.5629,0.1387,0.0011,0.1973,0.0018,0.2324,0.0012,0.2266,0.0009,0.1987,1,4
cand745,-0.0140,0.0836,10.5019,0.4551,0.0009,0.4473,0.0008,0.4473,0.0006,0.3184,0.0014,0.4170,0,4
cand746,-0.0488,0.0452,-98.9996,0.0156,0.0056,0.0039,0.0078,0.0000,0.0113,0.0000,0.0240,0.0049,1,2
cand747,0.0155,0.0923,87.6121,0.4941,0.0003,0.5000,0.0005,0.5703,0.0010,0.5723,0.0006,0.5342,0,4
cand748,-0.0365,0.0551,-12.4147,0.3477,0.0006,0.1777,0.0020,0.0312,0.0069,0.0000,0.0190,0.1392,1,3
cand749,-0.0016,0.0406,67.2107,0.2832,0.0013,0.2188,0.0008,0.2656,0.0009,0.3652,0.0003,0.2832,1,4
cand750,-0.0366,0.0055,51.6510,0.0625,0.0023,0.0000,0.0174,0.0000,0.0210,0.0000,0.0185,0.0156,1,1
cand751,-0.0279,0.0395,151.9414,0.1699,0.0015,0.0000,0.0207,0.0000,0.0269,0.0000,0.0234,0.0425,1,1
cand752,-0.0344,0.0935,-33.9287,0.6211,0.0006,0.4395,0.0002,0.0801,0.0061,0.0000,0.0261,0.2852,1,3
cand753,-0.0289,0.1083,38.7590,0.6738,0.0004,0.5859,0.0007,0.4023,0.0004,0.0469,0.0081,0.4272,0,4
cand754,-0.0256,0.0840,-46.6079,0.3770,0.0020,0.4355,0.0006,0.2637,0.0012,0.0000,0.0147,0.2690,1,3
cand755,0.0085,0.0392,-121.1353,0.0059,0.0084,0.0059,0.0077,0.0000,0.0123,0.0039,0.0097,0.0039,0,3
cand756,0.0411,0.0777,-86.1856,0.0273,0.0074,0.0137,0.0060,0.0859,0.0040,0.3516,0.0014,0.1196,0,4
cand757,0.0080,0.0014,124.1383,0.0625,0.0017,0.0508,0.0023,0.0723,0.0035,0.0000,0.0131,0.0464,1,3
cand758,-0.0255,0.0338,140.6325,0.3027,0.0010,0.0000,0.0192,0.0000,0.0298,0.0000,0.0280,0.0757,1,1
cand759,-0.0284,0.0744,-160.1277,0.0488,0.0032,0.0000,0.0115,0.0000,0.0113,0.0000,0.0132,0.0122,0,1
cand760,0.0129,0.0847,23.9782,0.3301,0.0017,0.4141,0.0011,0.5488,0.0005,0.6113,0.0006,0.4761,1,4
cand761,0.0594,0.0650,-28.6442,0.0000,0.0133,0.0137,0.0061,0.1074,0.0028,0.3984,0.0013,0.1299,0,3
cand762,-0.0174,0.0697,79.2895,0.4453,0.0007,0.3945,0.0012,0.3945,0.0010,0.0215,0.0079,0.3140,1,4
cand763,-0.0051,0.1046,67.6144,0.4980,0.0009,0.5742,0.0010,0.5977,0.0003,0.2656,0.0004,0.4839,0,4
cand764,0.0171,0.0319,174.0785,0.2500,0.0005,0.0293,0.0048,0.0059,0.0072,0.0078,0.0076,0.0732,0,4
cand765,-0.0233,0.0543,-14.5424,0.3047,0.0017,0.2344,0.0016,0.1797,0.0012,0.0645,0.0060,0.1958,1,4
cand766,0.0017,0.0397,76.6272,0.2812,0.0009,0.2246,0.0010,0.2871,0.0005,0.3867,0.0014,0.2949,1,4
cand767,0.0396,0.0149,-165.3101,0.0137,0.0067,0.0000,0.0229,0.0000,0.0139,0.0078,0.0066,0.0054,0,2
cand768,-0.0011,0.1100,60.1096,0.5098,0.0008,0.5684,0.0009,0.6328,0.0009,0.3496,0.0010,0.5151,0,4
cand769,0.0171,0.0492,107.0002,0.3203,0.0010,0.3027,0.0006,0.4219,0.0005,0.4980,0.0009,0.3857,0,4
cand770,-0.0428,0.0679,113.2148,0.5469,0.0007,0.0000,0.0128,0.0000,0.0340,0.0000,0.0419,0.1367,0,1
cand771,-0.0101,0.0495,-71.0295,0.0078,0.0080,0.0488,0.0001,0.2012,0.0032,0.2402,0.0009,0.1245,1,4
cand772,0.0002,0.0724,-179.8639,0.3965,0.0008,0.0723,0.0033,0.0156,0.0062,0.0000,0.0145,0.1211,0,3
cand773,-0.0454,0.0574,-108.3455,0.0000,0.0104,0.0098,0.0053,0.0156,0.0061,0.0000,0.0212,0.0063,1,2
cand774,-0.0255,0.0482,19.4745,0.3086,0.0006,0.1836,0.0017,0.1406,0.0015,0.0742,0.0035,0.1768,1,4
cand775,0.0317,0.0220,132.3509,0.1113,0.0013,0.1465,0.0014,0.3477,0.0010,0.2754,0.0006,0.2202,1,4
cand776,0.0432,0.0637,-132.8581,0.1484,0.0008,0.1230,0.0015,0.0625,0.0036,0.0977,0.0025,0.1079,0,4
cand777,-0.0023,0.0072,168.0344,0.0215,0.0076,0.0000,0.0306,0.0000,0.0314,0.0000,0.0231,0.0054,1,1
cand778,-0.0332,0.0966,9.1074,0.6406,0.0009,0.4473,0.0011,0.2695,0.0031,0.0000,0.0157,0.3394,1,3
cand779,-0.0152,0.0088,23.3706,0.0977,0.0019,0.0078,0.0063,0.0098,0.0061,0.0391,0.0024,0.0386,1,4
cand780,-0.0067,0.0130,-150.8034,0.0000,0.0210,0.0000,0.0254,0.0000,0.0153,0.0000,0.0140,0.0000,1,0
cand781,0.0017,0.0150,-83.8349,0.0000,0.0193,0.0000,0.0208,0.0020,0.0084,0.0605,0.0024,0.0156,1,2
cand782,0.0579,0.0778,80.3936,0.1289,0.0018,0.3184,0.0011,0.4766,0.0005,0.5488,0.0006,0.3682,0,4
cand783,0.0574,0.0203,143.6125,0.0000,0.0152,0.0488,0.0010,0.3027,0.0009,0.4102,0.0005,0.1904,1,3
cand784,-0.0410,0.0746,-80.5660,0.2012,0.0008,0.2344,0.0009,0.0039,0.0100,0.0000,0.0285,0.1099,1,3
cand785,0.0425,0.0995,9.0903,0.0879,0.0026,0.2617,0.0013,0.5039,0.0006,0.7715,0.0005,0.4062,0,4
cand786,-0.0070,0.0393,158.6066,0.2930,0.0005,0.0078,0.0073,0.0000,0.0160,0.0000,0.0102,0.0752,0,2
cand787,0.0445,0.0960,63.2412,0.2344,0.0012,0.4258,0.0005,0.5156,0.0007,0.5801,0.0008,0.4390,0,4
cand788,-0.0479,0.0478,151.7640,0.0117,0.0056,0.0000,0.0283,0.0000,0.0319,0.0000,0.0257,0.0029,0,1
cand789,-0.0400,0.0399,146.7770,0.0605,0.0040,0.0000,0.0277,0.0000,0.0344,0.0000,0.0330,0.0151,1,1
cand790,-0.0191,0.0858,-75.2576,0.1582,0.0013,0.2891,0.0014,0.3867,0.0004,0.0059,0.0096,0.2100,0,4
cand791,-0.0036,0.0197,137.3023,0.2656,0.0006,0.0625,0.0063,0.0000,0.0186,0.0000,0.0196,0.0820,1,2
cand792,0.0527,0.0706,139.7790,0.1934,0.0007,0.4355,0.0006,0.6465,0.0005,0.4844,0.0001,0.4399,0,4
cand793,-0.0093,0.1097,120.8153,0.6035,0.0007,0.5840,0.0007,0.0723,0.0037,0.0078,0.0080,0.3169,0,4
cand794,0.0297,0.0075,144.3885,0.0488,0.0024,0.1074,0.0009,0.1055,0.0025,0.0859,0.0009,0.0869,1,4
cand795,0.0417,0.0378,-7.3647,0.0195,0.0042,0.0605,0.0017,0.1816,0.0008,0.3516,0.0014,0.1533,1,4
cand796,-0.0416,0.0329,-37.4599,0.1758,0.0013,0.0391,0.0036,0.0000,0.0141,0.0000,0.0240,0.0537,1,2
cand797,-0.0084,0.0848,142.0815,0.6465,0.0003,0.2832,0.0009,0.0234,0.0034,0.0195,0.0048,0.2432,0,4
cand798,-0.0037,0.0180,146.1321,0.3027,0.0010,0.0000,0.0122,0.0000,0.0214,0.0000,0.0225,0.0757,1,1
cand799,-0.0342,0.0669,6.3719,0.4180,0.0013,0.2656,0.0009,0.1387,0.0021,0.0000,0.0151,0.2056,1,3
cand800,-0.0060,0.0160,40.2028,0.1465,0.0022,0.0586,0.0008,0.0781,0.0009,0.1387,0.0018,0.1055,1,4
cand801,0.0517,0.0266,160.9826,0.0254,0.0066,0.2109,0.0014,0.2520,0.0005,0.2520,0.0013,0.1851,1,4
cand802,0.0076,0.0782,6.1643,0.2559,0.0007,0.3926,0.0014,0.5000,0.0010,0.5371,0.0006,0.4214,1,4
cand803,-0.0320,0.0090,-167.7053,0.0000,0.0255,0.0000,0.0357,0.0000,0.0245,0.0000,0.0173,0.0000,1,0
cand804,-0.0449,0.0493,-54.6668,0.2422,0.0011,0.1055,0.0012,0.0000,0.0159,0.0000,0.0270,0.0869,1,2
cand805,0.0288,0.0442,-4.2850,0.0605,0.0030,0.1113,0.0022,0.2793,0.0013,0.4043,0.0007,0.2139,1,4
cand806,-0.0351,0.0791,-69.9470,0.2793,0.0007,0.3203,0.0004,0.0918,0.0056,0.0000,0.0228,0.1729,1,3
cand807,0.0340,0.0752,51.5372,0.2227,0.0010,0.3438,0.0010,0.4648,0.0007,0.5918,0.0004,0.4058,0,4
cand808,-0.0485,0.0898,42.7450,0.5840,0.0004,0.3574,0.0010,0.1016,0.0033,0.0000,0.0228,0.2607,1,3
cand809,0.0167,0.0919,-104.3200,0.3164,0.0015,0.0723,0.0021,0.2246,0.0021,0.5000,0.0008,0.2783,0,4
cand810,0.0153,0.1071,118.7227,0.6797,0.0009,0.5977,0.0005,0.5234,0.0005,0.0781,0.0044,0.4697,0,4
cand811,0.0512,0.0576,-152.6441,0.2266,0.0015,0.1328,0.0009,0.2129,0.0011,0.1211,0.0023,0.1733,0,4
cand812,0.0229,0.0911,-76.8632,0.1953,0.0006,0.0664,0.0035,0.2988,0.0019,0.6816,0.0005,0.3105,0,4
cand813,0.0007,0.0312,-115.1853,0.0000,0.0103,0.0000,0.0150,0.0000,0.0128,0.0098,0.0064,0.0024,0,1
cand814,0.0438,0.0746,13.4040,0.0859,0.0015,0.2012,0.0014,0.3965,0.0005,0.6348,0.0008,0.3296,0,4
cand815,0.0411,0.0271,62.6974,0.0684,0.0010,0.1113,0.0010,0.2266,0.0010,0.3438,0.0014,0.1875,1,4
cand816,0.0545,0.0889,72.5105,0.1465,0.0005,0.3887,0.0010,0.5078,0.0008,0.5566,0.0005,0.3999,0,4
cand817,0.0444,0.0371,-50.6232,0.0000,0.0179,0.0000,0.0116,0.0488,0.0029,0.1953,0.0028,0.0610,1,2
cand818,-0.0489,0.0763,130.3947,0.2207,0.0011,0.0000,0.0198,0.0000,0.0297,0.0000,0.0318,0.0552,0,1
cand819,-0.0038,0.0973,116.9323,0.5996,0.0007,0.5938,0.0008,0.1738,0.0015,0.0117,0.0048,0.3447,0,4
cand820,0.0344,0.0400,103.6743,0.1816,0.0017,0.2246,0.0014,0.3457,0.0009,0.4922,0.0011,0.3110,1,4
cand821,0.0175,0.1048,-128.4059,0.5430,0.0007,0.2227,0.0008,0.2500,0.0024,0.4277,0.0008,0.3608,0,4
cand822,0.0375,0.0483,-88.7231,0.0020,0.0094,0.0000,0.0118,0.0000,0.0102,0.0723,0.0018,0.0186,0,2
cand823,-0.0466,0.1022,-164.8646,0.0645,0.0027,0.0000,0.0161,0.0000,0.0149,0.0000,0.0335,0.0161,0,1
cand824,0.0449,0.0420,142.2892,0.1484,0.0014,0.2734,0.0009,0.4707,0.0006,0.3691,0.0008,0.3154,0,4
cand825,-0.0155,0.0731,-48.5963,0.1523,0.0018,0.3418,0.0009,0.3398,0.0011,0.1738,0.0033,0.2520,1,4
cand826,-0.0131,0.0711,99.1924,0.4629,0.0010,0.4570,0.0008,0.3789,0.0005,0.0000,0.0190,0.3247,1,3
cand827,-0.0345,0.0093,-94.4765,0.0000,0.0206,0.0000,0.0285,0.0000,0.0213,0.0000,0.0130,0.0000,1,0
cand828,-0.0339,0.0267,152.4201,0.0234,0.0059,0.0000,0.0320,0.0000,0.0373,0.0000,0.0316,0.0059,1,1
cand829,0.0497,0.0680,146.3118,0.2578,0.0015,0.4668,0.0013,0.6035,0.0005,0.4023,0.0004,0.4326,0,4
cand830,-0.0178,0.0104,-48.3385,0.0020,0.0095,0.0273,0.0027,0.0234,0.0026,0.0215,0.0060,0.0186,1,4
cand831,0.0468,0.0031,134.9914,0.0000,0.0169,0.0000,0.0103,0.1660,0.0013,0.3516,0.0008,0.1294,1,2
cand832,0.0003,0.0819,9.7699,0.3320,0.0009,0.4336,0.0008,0.4941,0.0011,0.4902,0.0009,0.4375,1,4
cand833,-0.0401,0.0807,-134.0657,0.0332,0.0045,0.0000,0.0107,0.0312,0.0045,0.0000,0.0203,0.0161,0,2
cand834,0.0540,0.0563,52.3179,0.0918,0.0027,0.1973,0.0013,0.3477,0.0012,0.4785,0.0011,0.2788,1,4
cand835,-0.0484,0.0151,114.2662,0.2227,0.0013,0.0000,0.0253,0.0000,0.0454,0.0000,0.0569,0.0557,1,1
cand836,-0.0436,0.0046,-148.8228,0.0000,0.0248,0.0000,0.0233,0.0000,0.0336,0.0000,0.0395,0.0000,1,0
cand837,-0.0308,0.0826,59.4539,0.5254,0.0005,0.4258,0.0009,0.3047,0.0012,0.0039,0.0099,0.3149,0,4
cand838,0.0370,0.0838,-156.6851,0.4805,0.0007,0.3320,0.0007,0.1875,0.0032,0.1582,0.0025,0.2896,0,4
cand839,-0.0228,0.1022,12.7609,0.6641,0.0007,0.5684,0.0012,0.4570,0.0008,0.0898,0.0052,0.4448,0,4
cand840,0.0274,0.1075,153.6855,0.8320,0.0004,0.6543,0.0009,0.3145,0.0013,0.0508,0.0040,0.4629,0,4
cand841,0.0520,0.0451,12.8589,0.0195,0.0091,0.0781,0.0031,0.2422,0.0014,0.3867,0.0005,0.1816,1,4
cand842,-0.0426,0.0052,12.4222,0.0469,0.0018,0.0000,0.0218,0.0000,0.0284,0.0000,0.0283,0.0117,1,1
cand843,-0.0247,0.0388,-90.2172,0.0000,0.0114,0.0020,0.0092,0.0645,0.0024,0.0605,0.0031,0.0317,1,3
cand844,0.0014,0.1020,-97.0867,0.2910,0.0016,0.1543,0.0017,0.4395,0.0016,0.4863,0.0007,0.3428,0,4
cand845,-0.0410,0.1049,49.3651,0.6699,0.0010,0.4941,0.0010,0.2051,0.0022,0.0000,0.0208,0.3423,0,3
cand846,-0.0093,0.0553,-145.1190,0.0430,0.0019,0.0000,0.0110,0.0000,0.0119,0.0020,0.0098,0.0112,0,2
cand847,-0.0158,0.0042,-125.9702,0.0000,0.0180,0.0000,0.0208,0.0000,0.0279,0.0000,0.0233,0.0000,1,0
cand848,0.0022,0.0091,-63.5645,0.0000,0.0171,0.0000,0.0153,0.0293,0.0009,0.0977,0.0019,0.0317,1,2
cand849,0.0151,0.0948,-97.7283,0.2910,0.0011,0.0918,0.0024,0.2871,0.0009,0.5586,0.0009,0.3071,0,4
cand850,-0.0101,0.0305,-76.9186,0.0000,0.0143,0.0039,0.0091,0.0566,0.0002,0.1660,0.0011,0.0566,1,3
cand851,0.0556,0.0476,111.3931,0.0410,0.0035,0.2051,0.0019,0.3711,0.0010,0.5547,0.0007,0.2930,1,4
cand852,-0.0335,0.0508,-11.6727,0.3242,0.0006,0.1602,0.0009,0.0684,0.0051,0.0000,0.0153,0.1382,1,3
cand853,0.0185,0.0740,-38.7553,0.0137,0.0077,0.1074,0.0037,0.4629,0.0013,0.5781,0.0008,0.2905,0,4
cand854,-0.0282,0.1039,-46.6451,0.5449,0.0004,0.5820,0.0007,0.2129,0.0024,0.0000,0.0224,0.3350,1,3
cand855,-0.0363,0.0596,-105.5170,0.0039,0.0087,0.0098,0.0089,0.0879,0.0023,0.0000,0.0138,0.0254,1,3
cand856,0.0381,0.0760,35.9754,0.1602,0.0024,0.3184,0.0008,0.4512,0.0008,0.6113,0.0005,0.3853,0,4
cand857,-0.0483,0.0465,18.7785,0.2754,0.0018,0.0586,0.0011,0.0000,0.0164,0.0000,0.0255,0.0835,1,2
cand858,0.0340,0.0375,156.8267,0.2695,0.0012,0.3105,0.0011,0.2129,0.0005,0.1172,0.0035,0.2275,0,4
cand859,-0.0009,0.0095,-23.0401,0.0352,0.0045,0.0449,0.0014,0.0605,0.0004,0.1113,0.0009,0.0630,1,4
cand860,0.0425,0.0207,-63.9035,0.0000,0.0186,0.0000,0.0207,0.0039,0.0088,0.0801,0.0018,0.0210,1,2
cand861,0.0575,0.0081,-57.9996,0.0000,0.0298,0.0000,0.0308,0.0000,0.0149,0.0254,0.0078,0.0063,1,1
cand862,-0.0017,0.0529,17.4342,0.2598,0.0015,0.2617,0.0012,0.3027,0.0012,0.3281,0.0012,0.2881,1,4
cand863,0.0254,0.0430,-167.5852,0.2148,0.0006,0.0625,0.0011,0.0137,0.0055,0.0254,0.0015,0.0791,0,4
cand864,-0.0127,0.0023,0.3222,0.0703,0.0010,0.0000,0.0101,0.0020,0.0093,0.0234,0.0049,0.0239,1,3
cand865,0.0456,0.0093,-33.5691,0.0000,0.0276,0.0000,0.0186,0.0410,0.0044,0.1094,0.0012,0.0376,1,2
cand866,0.0504,0.0913,85.7910,0.2422,0.0010,0.4590,0.0003,0.5254,0.0004,0.5605,0.0005,0.4468,0,4
cand867,0.0282,0.0008,-23.1275,0.0000,0.0183,0.0000,0.0114,0.0547,0.0020,0.1445,0.0015,0.0498,1,2
cand868,0.0478,0.0794,-53.3018,0.0000,0.0100,0.0000,0.0104,0.1016,0.0046,0.5195,0.0013,0.1553,0,2
cand869,0.0117,0.0681,130.9135,0.5195,0.0003,0.5137,0.0005,0.3398,0.0009,0.0625,0.0040,0.3589,0,4
cand870,0.0104,0.0940,85.2566,0.5273,0.0006,0.5039,0.0009,0.5801,0.0008,0.5156,0.0010,0.5317,0,4
cand871,0.0596,0.0375,5.6472,0.0000,0.0146,0.0371,0.0046,0.1367,0.0008,0.3223,0.0005,0.1240,1,3
cand872,0.0194,0.0016,14.0981,0.0371,0.0032,0.0117,0.0066,0.0605,0.0022,0.1543,0.0018,0.0659,1,4
cand873,0.0017,0.0307,41.6218,0.2070,0.0012,0.1504,0.0013,0.1934,0.0010,0.2637,0.0009,0.2036,1,4
cand874,0.0293,0.0737,146.2882,0.5449,0.0012,0.5879,0.0006,0.3945,0.0005,0.1152,0.0016,0.4106,0,4
cand875,0.0012,0.0783,-115.3825,0.1504,0.0028,0.0039,0.0082,0.0840,0.0020,0.3105,0.0009,0.1372,0,4
cand876,0.0218,0.0145,106.5526,0.0938,0.0016,0.0820,0.0008,0.1953,0.0008,0.3691,0.0007,0.1851,1,4
cand877,0.0393,0.0153,152.9802,0.0488,0.0018,0.1543,0.0006,0.1504,0.0009,0.1484,0.0011,0.1255,1,4
cand878,0.0038,0.1005,131.4178,0.6738,0.0006,0.5977,0.0006,0.1582,0.0030,0.0332,0.0066,0.3657,0,4
cand879,-0.0111,0.0802,137.3497,0.6309,0.0007,0.2734,0.0019,0.0195,0.0041,0.0137,0.0068,0.2344,0,4
cand880,0.0599,0.0279,104.0345,0.0000,0.0144,0.0527,0.0039,0.2461,0.0010,0.4238,0.0005,0.1807,1,3
cand881,-0.0074,0.0075,-78.9136,0.0000,0.0191,0.0000,0.0245,0.0000,0.0107,0.0410,0.0047,0.0103,1,1
cand882,-0.0325,0.0794,16.3086,0.4922,0.0010,0.3516,0.0009,0.2402,0.0007,0.0078,0.0090,0.2729,1,4
cand883,-0.0333,0.0665,-122.1008,0.0059,0.0085,0.0000,0.0107,0.0430,0.0031,0.0000,0.0100,0.0122,0,2
cand884,0.0129,0.0378,93.0784,0.2598,0.0016,0.2305,0.0010,0.3164,0.0009,0.4629,0.0008,0.3174,1,4
cand885,0.0043,0.0906,-53.3366,0.1328,0.0019,0.2090,0.0010,0.6113,0.0006,0.5508,0.0008,0.3760,0,4
cand886,-0.0055,0.0300,69.7296,0.2246,0.0008,0.1543,0.0009,0.1914,0.0007,0.2734,0.0008,0.2109,1,4
cand887,0.0521,0.0078,30.2100,0.0000,0.0122,0.0078,0.0071,0.1016,0.0011,0.2344,0.0005,0.0859,1,3
cand888,0.0087,0.0926,-8.3516,0.2266,0.0021,0.4551,0.0008,0.6055,0.0011,0.6074,0.0004,0.4736,0,4
cand889,0.0194,0.0328,42.0471,0.1699,0.0014,0.1797,0.0013,0.2383,0.0010,0.3242,0.0005,0.2280,1,4
cand890,0.0403,0.0131,61.8038,0.0156,0.0057,0.0293,0.0040,0.1445,0.0014,0.2637,0.0010,0.1133,1,4
cand891,-0.0371,0.0859,7.8565,0.5547,0.0010,0.3496,0.0011,0.1367,0.0052,0.0000,0.0189,0.2603,1,3
cand892,0.0169,0.0439,-6.6530,0.0820,0.0024,0.1582,0.0012,0.2910,0.0015,0.3672,0.0008,0.2246,1,4
cand893,-0.0305,0.0902,-91.2299,0.2109,0.0015,0.2676,0.0020,0.2695,0.0014,0.0000,0.0207,0.1870,1,3
cand894,0.0163,0.0754,-73.5165,0.0293,0.0026,0.0137,0.0062,0.2500,0.0008,0.6055,0.0011,0.2246,0,4
cand895,-0.0367,0.0175,-128.6867,0.0059,0.0086,0.0000,0.0247,0.0000,0.0314,0.0000,0.0276,0.0015,1,1
cand896,0.0025,0.0378,-126.7829,0.0059,0.0085,0.0020,0.0093,0.0000,0.0120,0.0000,0.0105,0.0020,0,2
cand897,0.0482,0.0283,-179.8814,0.1816,0.0016,0.0762,0.0018,0.1016,0.0009,0.1484,0.0035,0.1270,0,4
cand898,-0.0153,0.0284,-37.4291,0.0879,0.0026,0.0957,0.0025,0.1055,0.0010,0.0840,0.0021,0.0933,1,4
cand899,-0.0240,0.0372,20.2737,0.2520,0.0004,0.1270,0.0014,0.0918,0.0017,0.0684,0.0022,0.1348,1,4
cand900,-0.0426,0.0075,-88.2481,0.0000,0.0179,0.0000,0.0285,0.0000,0.0242,0.0000,0.0218,0.0000,1,0
cand901,-0.0015,0.0580,-70.5161,0.0020,0.0095,0.0469,0.0076,0.2559,0.0011,0.3340,0.0013,0.1597,0,4
cand902,-0.0468,0.0974,-77.3566,0.4746,0.0005,0.3496,0.0004,0.0000,0.0185,0.0000,0.0393,0.2061,1,2
cand903,0.0051,0.0106,-128.5841,0.0000,0.0218,0.0000,0.0177,0.0000,0.0166,0.0000,0.0152,0.0000,1,0
cand904,0.0242,0.0262,40.1674,0.1250,0.0005,0.1250,0.0013,0.2090,0.0009,0.3008,0.0013,0.1899,1,4
cand905,0.0078,0.0585,143.9753,0.5195,0.0010,0.3828,0.0007,0.1035,0.0041,0.0273,0.0019,0.2583,0,4
cand906,0.0020,0.1005,36.4813,0.4414,0.0009,0.5605,0.0009,0.6348,0.0013,0.4941,0.0005,0.5327,0,4
cand907,0.0317,0.0518,48.3541,0.1680,0.0010,0.2500,0.0010,0.3535,0.0014,0.4648,0.0010,0.3091,1,4
cand908,0.0489,0.0649,71.1707,0.1504,0.0009,0.2910,0.0009,0.4004,0.0004,0.5254,0.0010,0.3418,0,4
cand909,-0.0287,0.0086,163.0364,0.0000,0.0173,0.0000,0.0426,0.0000,0.0430,0.0000,0.0341,0.0000,1,0
cand910,-0.0299,0.0345,-33.2696,0.1621,0.0021,0.1074,0.0012,0.0312,0.0029,0.0000,0.0107,0.0752,1,3
cand911,0.0399,0.0326,-123.4146,0.0000,0.0214,0.0000,0.0189,0.0000,0.0123,0.0039,0.0090,0.0010,0,1
cand912,-0.0030,0.0908,-164.1462,0.4590,0.0006,0.0625,0.0023,0.0098,0.0084,0.0176,0.0066,0.1372,0,4
cand913,0.0087,0.0774,-12.0558,0.1699,0.0019,0.3438,0.0019,0.4805,0.0010,0.5273,0.0006,0.3804,0,4
cand914,0.0460,0.0419,74.5074,0.1113,0.0011,0.1777,0.0013,0.3066,0.0010,0.4297,0.0009,0.2563,1,4
cand915,-0.0314,0.0150,48.2491,0.1348,0.0009,0.0059,0.0075,0.0000,0.0112,0.0000,0.0107,0.0352,1,2
cand916,-0.0027,0.0594,41.9799,0.3438,0.0004,0.3047,0.0005,0.3555,0.0008,0.4023,0.0008,0.3516,1,4
cand917,-0.0191,0.0538,122.7677,0.4629,0.0005,0.3047,0.0014,0.0000,0.0164,0.0000,0.0225,0.1919,1,2
cand918,-0.0400,0.0628,118.1629,0.5430,0.0008,0.0000,0.0137,0.0000,0.0325,0.0000,0.0379,0.1357,0,1
cand919,-0.0477,0.0787,-107.3381,0.1094,0.0010,0.0879,0.0018,0.0000,0.0103,0.0000,0.0288,0.0493,1,2
cand920,-0.0134,0.0004,-57.1919,0.0000,0.0136,0.0000,0.0143,0.0156,0.0071,0.0273,0.0034,0.0107,1,2
cand921,0.0419,0.0088,150.0669,0.0117,0.0076,0.0762,0.0026,0.1621,0.0013,0.1523,0.0009,0.1006,1,4
cand922,-0.0027,0.0544,-77.3741,0.0000,0.0107,0.0078,0.0076,0.1562,0.0017,0.3105,0.0019,0.1187,0,3
cand923,0.0529,0.0218,100.4717,0.0000,0.0117,0.0410,0.0021,0.2070,0.0014,0.3691,0.0007,0.1543,1,3
cand924,0.0079,0.0347,64.2075,0.2324,0.0008,0.1914,0.0011,0.2539,0.0014,0.3359,0.0006,0.2534,1,4
cand925,0.0372,0.0967,-157.6647,0.5879,0.0004,0.4316,0.0005,0.2695,0.0014,0.2598,0.0012,0.3872,0,4
cand926,-0.0480,0.0299,-61.5547,0.0820,0.0016,0.0254,0.0034,0.0000,0.0209,0.0000,0.0296,0.0269,1,2
cand927,-0.0205,0.0208,-78.8131,0.0000,0.0115,0.0000,0.0113,0.0352,0.0064,0.0488,0.0022,0.0210,1,2
cand928,0.0304,0.0395,31.2754,0.1016,0.0020,0.1934,0.0011,0.2832,0.0009,0.3691,0.0013,0.2368,1,4
cand929,0.0106,0.0898,59.9171,0.4180,0.0006,0.4668,0.0007,0.5840,0.0005,0.5684,0.0006,0.5093,0,4
cand930,0.0404,0.0608,-162.1455,0.3359,0.0014,0.1875,0.0006,0.1348,0.0016,0.0742,0.0028,0.1831,0,4
cand931,-0.0101,0.0303,-105.0807,0.0000,0.0136,0.0000,0.0160,0.0000,0.0111,0.0469,0.0053,0.0117,1,1
cand932,0.0215,0.0911,98.7869,0.5488,0.0008,0.5156,0.0010,0.5586,0.0007,0.5488,0.0005,0.5430,0,4
cand933,-0.0163,0.0499,-73.9803,0.0137,0.0060,0.0449,0.0028,0.1523,0.0014,0.1465,0.0009,0.0894,1,4
cand934,-0.0097,0.0494,176.1185,0.2051,0.0012,0.0000,0.0105,0.0020,0.0082,0.0000,0.0119,0.0518,0,2
cand935,-0.0411,0.0450,149.7002,0.0527,0.0057,0.0000,0.0267,0.0000,0.0299,0.0000,0.0292,0.0132,0,1
cand936,0.0136,0.0395,92.5125,0.2637,0.0016,0.2344,0.0009,0.3184,0.0006,0.4766,0.0002,0.3232,1,4
cand937,0.0579,0.0825,148.0598,0.1270,0.0038,0.5215,0.0015,0.7109,0.0004,0.5020,0.0005,0.4653,0,4
cand938,0.0121,0.0331,-131.4033,0.0000,0.0103,0.0000,0.0124,0.0039,0.0087,0.0000,0.0122,0.0010,1,1
cand939,0.0537,0.0214,106.3654,0.0000,0.0130,0.0391,0.0032,0.2148,0.0014,0.3770,0.0008,0.1577,1,3
cand940,0.0153,0.0447,-69.4515,0.0000,0.0122,0.0117,0.0062,0.0781,0.0028,0.3457,0.0018,0.1089,1,3
cand941,-0.0482,0.0996,22.6853,0.6602,0.0007,0.3770,0.0015,0.0176,0.0080,0.0000,0.0256,0.2637,1,3
cand942,0.0345,0.0725,141.1396,0.4590,0.0014,0.5391,0.0006,0.5117,0.0005,0.2246,0.0025,0.4336,0,4
cand943,-0.0386,0.0761,73.2299,0.5098,0.0003,0.3926,0.0009,0.1426,0.0021,0.0000,0.0251,0.2612,1,3
cand944,0.0018,0.0212,-21.5465,0.0645,0.0038,0.0840,0.0012,0.1348,0.0012,0.1777,0.0010,0.1152,1,4
cand945,-0.0479,0.0791,175.4497,0.0449,0.0032,0.0000,0.0112,0.0078,0.0076,0.0000,0.0253,0.0132,0,2
cand946,0.0435,0.0545,77.0450,0.1836,0.0019,0.2656,0.0007,0.3711,0.0005,0.4980,0.0011,0.3296,0,4
cand947,-0.0147,0.0379,-42.2708,0.0488,0.0072,0.1094,0.0027,0.1562,0.0016,0.1250,0.0024,0.1099,1,4
cand948,0.0357,0.0389,36.8401,0.1016,0.0028,0.1777,0.0013,0.2852,0.0008,0.3828,0.0005,0.2368,1,4
cand949,0.0373,0.1023,71.5727,0.3438,0.0007,0.4766,0.0006,0.5508,0.0016,0.5840,0.0005,0.4888,0,4
cand950,0.0092,0.0897,-39.6431,0.0762,0.0017,0.3145,0.0009,0.6113,0.0006,0.5977,0.0006,0.3999,0,4
cand951,0.0013,0.0941,-159.1384,0.4961,0.0007,0.0703,0.0028,0.0391,0.0051,0.0547,0.0034,0.1650,0,4
cand952,0.0421,0.0859,169.5678,0.6387,0.0011,0.5566,0.0010,0.4141,0.0012,0.1523,0.0028,0.4404,0,4
cand953,-0.0182,0.0651,141.6436,0.5176,0.0007,0.0723,0.0052,0.0000,0.0107,0.0000,0.0119,0.1475,0,2
cand954,-0.0475,0.0906,113.6499,0.5957,0.0005,0.0000,0.0154,0.0000,0.0335,0.0000,0.0424,0.1489,0,1
cand955,0.0216,0.0636,164.4970,0.5820,0.0012,0.3105,0.0004,0.1133,0.0026,0.0508,0.0026,0.2642,0,4
cand956,-0.0065,0.0430,-49.0977,0.0547,0.0044,0.1016,0.0023,0.2129,0.0016,0.2285,0.0006,0.1494,1,4
cand957,0.0054,0.0775,-21.8288,0.1504,0.0012,0.3438,0.0009,0.4883,0.0015,0.5117,0.0005,0.3735,0,4
cand958,-0.0024,0.0207,17.8316,0.1484,0.0013,0.0879,0.0019,0.1133,0.0019,0.1621,0.0017,0.1279,1,4
cand959,-0.0265,0.0684,172.7435,0.1348,0.0009,0.0059,0.0086,0.0000,0.0118,0.0098,0.0075,0.0376,0,3
cand960,-0.0010,0.0167,177.3182,0.0293,0.0033,0.0000,0.0250,0.0000,0.0240,0.0000,0.0136,0.0073,1,1
cand961,-0.0071,0.0550,134.4696,0.5039,0.0009,0.3008,0.0004,0.0098,0.0069,0.0000,0.0117,0.2036,0,3
cand962,0.0279,0.0512,130.6610,0.3223,0.0009,0.3574,0.0016,0.5020,0.0002,0.2773,0.0010,0.3647,0,4
cand963,-0.0227,0.0200,54.6923,0.1699,0.0016,0.0527,0.0019,0.0449,0.0021,0.0605,0.0026,0.0820,1,4
cand964,-0.0080,0.0588,90.4525,0.4121,0.0009,0.3438,0.0006,0.4395,0.0008,0.0703,0.0063,0.3164,1,4
cand965,0.0019,0.1034,-127.0570,0.4180,0.0008,0.1328,0.0016,0.2500,0.0014,0.3457,0.0009,0.2866,0,4
cand966,0.0423,0.0868,-137.5062,0.3770,0.0006,0.3203,0.0012,0.2090,0.0011,0.3027,0.0011,0.3022,0,4
cand967,0.0106,0.0862,-30.6719,0.0723,0.0021,0.3027,0.0022,0.5742,0.0005,0.5957,0.0011,0.3862,0,4
cand968,0.0034,0.0820,130.1602,0.6035,0.0006,0.5762,0.0007,0.1719,0.0014,0.0273,0.0047,0.3447,0,4
cand969,-0.0067,0.0921,112.4402,0.5781,0.0008,0.5742,0.0006,0.1914,0.0011,0.0000,0.0101,0.3359,0,3
cand970,-0.0370,0.0736,116.5590,0.5664,0.0005,0.0098,0.0091,0.0000,0.0275,0.0000,0.0336,0.1440,0,2
cand971,0.0421,0.0460,-102.4138,0.0000,0.0195,0.0039,0.0086,0.0000,0.0117,0.0332,0.0040,0.0093,0,2
cand972,-0.0312,0.0938,-59.9317,0.3672,0.0004,0.5000,0.0006,0.1582,0.0041,0.0000,0.0236,0.2563,1,3
cand973,0.0386,0.0669,-101.7773,0.0215,0.0070,0.0039,0.0092,0.0234,0.0067,0.1797,0.0015,0.0571,0,4
cand974,-0.0038,0.0887,133.2438,0.6270,0.0005,0.4961,0.0005,0.0664,0.0014,0.0195,0.0033,0.3022,0,4
cand975,-0.0112,0.0859,-159.3893,0.2441,0.0012,0.0254,0.0043,0.0000,0.0151,0.0410,0.0052,0.0776,0,3
cand976,0.0082,0.0152,166.4846,0.1406,0.0012,0.0000,0.0179,0.0000,0.0210,0.0000,0.0150,0.0352,1,1
cand977,0.0268,0.0390,166.0996,0.3887,0.0007,0.1816,0.0006,0.1250,0.0026,0.0254,0.0077,0.1802,0,4
cand978,-0.0390,0.0494,-68.9161,0.0977,0.0031,0.0996,0.0020,0.0137,0.0081,0.0000,0.0214,0.0527,1,3
cand979,0.0592,0.0097,9.9348,0.0000,0.0218,0.0078,0.0063,0.0781,0.0009,0.1914,0.0011,0.0693,1,3
cand980,-0.0255,0.0765,-10.5685,0.4648,0.0009,0.3574,0.0012,0.2656,0.0008,0.0000,0.0125,0.2720,1,3
cand981,0.0438,0.0788,94.0624,0.2969,0.0009,0.4004,0.0006,0.5176,0.0006,0.5605,0.0009,0.4438,0,4
cand982,-0.0154,0.0172,-40.9261,0.0449,0.0046,0.0586,0.0016,0.0508,0.0016,0.0469,0.0027,0.0503,1,4
cand983,-0.0459,0.0268,41.1439,0.1777,0.0016,0.0039,0.0096,0.0000,0.0185,0.0000,0.0199,0.0454,1,2
cand984,-0.0278,0.0043,22.8148,0.0684,0.0006,0.0000,0.0138,0.0000,0.0182,0.0000,0.0155,0.0171,1,1
cand985,0.0359,0.0208,152.3289,0.1113,0.0006,0.2129,0.0012,0.1680,0.0009,0.1426,0.0016,0.1587,0,4
cand986,-0.0124,0.0583,47.8737,0.3672,0.0011,0.2969,0.0011,0.3125,0.0007,0.3301,0.0013,0.3267,1,4
cand987,0.0103,0.0641,-142.7548,0.2461,0.0011,0.0195,0.0061,0.0039,0.0085,0.0078,0.0082,0.0693,0,4
cand988,0.0050,0.0825,-129.0706,0.2910,0.0008,0.0176,0.0062,0.0684,0.0026,0.1875,0.0009,0.1411,0,4
cand989,0.0522,0.0070,100.7971,0.0000,0.0196,0.0000,0.0119,0.1152,0.0010,0.2812,0.0012,0.0991,1,2
cand990,-0.0074,0.0323,125.8336,0.3203,0.0011,0.2910,0.0014,0.0000,0.0129,0.0000,0.0182,0.1528,1,2
cand991,0.0403,0.0668,-42.7603,0.0020,0.0100,0.0078,0.0085,0.1406,0.0047,0.5391,0.0008,0.1724,1,4
cand992,0.0369,0.0166,-36.0087,0.0000,0.0197,0.0000,0.0110,0.0664,0.0025,0.1816,0.0024,0.0620,1,2
cand993,-0.0037,0.0175,-34.8322,0.0215,0.0084,0.0566,0.0025,0.1035,0.0017,0.1328,0.0008,0.0786,1,4
cand994,-0.0096,0.0158,-126.6200,0.0000,0.0151,0.0000,0.0129,0.0000,0.0203,0.0000,0.0160,0.0000,1,0
cand995,0.0562,0.0076,-135.4034,0.0000,0.0434,0.0000,0.0436,0.0000,0.0244,0.0078,0.0067,0.0020,0,1
cand996,0.0563,0.1045,-59.2526,0.0098,0.0078,0.0410,0.0053,0.2852,0.0009,0.5781,0.0008,0.2285,0,4
cand997,-0.0387,0.0670,-22.2850,0.4316,0.0008,0.2207,0.0012,0.0137,0.0088,0.0000,0.0230,0.1665,1,3
cand998,0.0547,0.0141,100.1581,0.0000,0.0170,0.0098,0.0061,0.1602,0.0022,0.3203,0.0003,0.1226,1,3
cand999,-0.0473,0.0228,-71.8097,0.0078,0.0080,0.0078,0.0059,0.0000,0.0184,0.0000,0.0283,0.0039,1,2
cand1000,-0.0319,0.0874,-117.5082,0.1133,0.0003,0.0215,0.0063,0.2129,0.0006,0.0000,0.0146,0.0869,0,3
cand1001,0.0007,0.0142,99.3656,0.1484,0.0016,0.0840,0.0020,0.1602,0.0017,0.2578,0.0007,0.1626,1,4
cand1002,0.0238,0.0054,-115.3264,0.0000,0.0283,0.0000,0.0168,0.0000,0.0175,0.0000,0.0137,0.0000,1,0
cand1003,0.0187,0.0465,-71.2398,0.0000,0.0158,0.0020,0.0091,0.0801,0.0027,0.3281,0.0008,0.1025,1,3
cand1004,0.0193,0.0973,-10.9538,0.1270,0.0021,0.3672,0.0014,0.6523,0.0005,0.7441,0.0009,0.4727,0,4
cand1005,-0.0254,0.0587,34.6251,0.3730,0.0011,0.2676,0.0008,0.2246,0.0014,0.1504,0.0011,0.2539,1,4
cand1006,-0.0269,0.0805,15.2371,0.5254,0.0011,0.3867,0.0005,0.2930,0.0010,0.0664,0.0051,0.3179,1,4
cand1007,0.0222,0.0498,-22.0726,0.0508,0.0012,0.1230,0.0007,0.2910,0.0010,0.4258,0.0010,0.2227,1,4
cand1008,-0.0269,0.0981,-108.9514,0.2305,0.0005,0.1621,0.0033,0.3359,0.0021,0.0000,0.0134,0.1821,0,3
cand1009,-0.0226,0.0400,170.2991,0.1172,0.0028,0.0000,0.0196,0.0000,0.0169,0.0000,0.0161,0.0293,0,1
cand1010,0.0107,0.0161,122.2315,0.1523,0.0011,0.1270,0.0017,0.2480,0.0003,0.0469,0.0065,0.1436,1,4
cand1011,-0.0181,0.0023,83.6219,0.0801,0.0027,0.0000,0.0101,0.0176,0.0053,0.0938,0.0021,0.0479,1,3
cand1012,0.0558,0.0984,-166.4255,0.6113,0.0009,0.5527,0.0008,0.5840,0.0004,0.3828,0.0006,0.5327,0,4
cand1013,0.0008,0.0210,-70.8098,0.0000,0.0154,0.0000,0.0146,0.0352,0.0056,0.1172,0.0015,0.0381,1,2
cand1014,-0.0294,0.0862,-79.1150,0.1973,0.0017,0.3125,0.0004,0.2637,0.0011,0.0000,0.0201,0.1934,1,3
cand1015,0.0562,0.0577,25.9455,0.0547,0.0042,0.1172,0.0029,0.2988,0.0008,0.4492,0.0010,0.2300,1,4
cand1016,0.0367,0.0749,130.4200,0.4219,0.0010,0.4883,0.0005,0.6113,0.0005,0.3398,0.0012,0.4653,0,4
cand1017,-0.0360,0.0545,17.0918,0.3477,0.0009,0.1875,0.0015,0.0566,0.0027,0.0000,0.0130,0.1479,1,3
cand1018,-0.0380,0.0806,-16.5629,0.5293,0.0005,0.3164,0.0011,0.0391,0.0076,0.0000,0.0263,0.2212,1,3
cand1019,0.0182,0.0950,75.0365,0.4902,0.0013,0.4902,0.0009,0.5723,0.0008,0.5898,0.0007,0.5356,0,4
cand1020,0.0348,0.0322,-18.9847,0.0078,0.0093,0.0645,0.0018,0.1621,0.0020,0.3242,0.0019,0.1396,1,4
cand1021,0.0516,0.0428,-10.3714,0.0000,0.0149,0.0469,0.0045,0.1426,0.0016,0.3438,0.0006,0.1333,1,3
cand1022,-0.0357,0.0736,-98.5508,0.0586,0.0024,0.0820,0.0015,0.1504,0.0025,0.0000,0.0188,0.0728,1,3
cand1023,-0.0319,0.0956,-116.3144,0.2012,0.0019,0.0801,0.0027,0.2422,0.0018,0.0000,0.0171,0.1309,0,3
cand1024,0.0148,0.0293,-5.7926,0.0684,0.0014,0.1094,0.0016,0.2148,0.0021,0.2715,0.0007,0.1660,1,4
cand1025,0.0509,0.0851,96.3926,0.2617,0.0010,0.4531,0.0004,0.5430,0.0007,0.5625,0.0012,0.4551,0,4
cand1026,-0.0398,0.0118,97.5066,0.1328,0.0005,0.0352,0.0020,0.0000,0.0208,0.0000,0.0356,0.0420,1,2
cand1027,0.0026,0.0931,-44.8216,0.1289,0.0016,0.3809,0.0014,0.6055,0.0002,0.5293,0.0014,0.4111,0,4
cand1028,0.0192,0.0294,-35.6292,0.0000,0.0128,0.0449,0.0045,0.1406,0.0012,0.2949,0.0008,0.1201,1,3
cand1029,0.0048,0.0192,-40.8045,0.0195,0.0051,0.0352,0.0038,0.1113,0.0007,0.1934,0.0018,0.0898,1,4
cand1030,-0.0109,0.0265,93.3172,0.2305,0.0010,0.1426,0.0014,0.2285,0.0014,0.0723,0.0062,0.1685,1,4
cand1031,0.0167,0.0477,26.7079,0.1816,0.0017,0.2363,0.0015,0.3086,0.0005,0.3984,0.0009,0.2812,1,4
cand1032,-0.0008,0.0365,-100.3157,0.0000,0.0149,0.0000,0.0137,0.0059,0.0068,0.0703,0.0029,0.0190,1,2
cand1033,0.0269,0.0015,-143.4411,0.0000,0.0349,0.0000,0.0394,0.0000,0.0220,0.0000,0.0129,0.0000,1,0
cand1034,0.0124,0.0318,-76.5973,0.0000,0.0166,0.0000,0.0131,0.0332,0.0050,0.1836,0.0015,0.0542,1,2
cand1035,0.0346,0.1091,11.5220,0.1250,0.0028,0.3301,0.0013,0.6895,0.0014,0.7598,0.0007,0.4761,0,4
cand1036,-0.0497,0.0662,92.1109,0.4941,0.0005,0.1738,0.0024,0.0000,0.0266,0.0000,0.0486,0.1670,1,2
cand1037,-0.0301,0.0267,-104.9668,0.0000,0.0157,0.0000,0.0195,0.0000,0.0143,0.0078,0.0053,0.0020,1,1
cand1038,0.0363,0.1024,108.9109,0.5488,0.0010,0.5781,0.0009,0.5762,0.0006,0.4727,0.0009,0.5439,0,4
cand1039,-0.0078,0.0859,16.4899,0.4199,0.0011,0.4570,0.0011,0.5039,0.0010,0.4316,0.0003,0.4531,1,4
cand1040,-0.0049,0.0502,-131.8424,0.0215,0.0069,0.0020,0.0098,0.0000,0.0121,0.0156,0.0052,0.0098,0,3
cand1041,0.0569,0.0906,-104.9317,0.0332,0.0054,0.2441,0.0009,0.2441,0.0019,0.4004,0.0011,0.2305,0,4
cand1042,0.0209,0.0116,-145.7396,0.0000,0.0228,0.0000,0.0310,0.0000,0.0163,0.0020,0.0095,0.0005,1,1
cand1043,-0.0339,0.0627,-65.1578,0.1699,0.0014,0.1953,0.0010,0.0898,0.0041,0.0000,0.0177,0.1138,1,3
cand1044,0.0420,0.0669,128.2121,0.3203,0.0011,0.4180,0.0009,0.5762,0.0008,0.4707,0.0010,0.4463,0,4
cand1045,0.0560,0.0124,-63.0885,0.0000,0.0253,0.0000,0.0279,0.0000,0.0155,0.0000,0.0112,0.0000,1,0
cand1046,-0.0060,0.0402,-93.9028,0.0000,0.0124,0.0000,0.0148,0.0293,0.0049,0.1562,0.0015,0.0464,1,2
cand1047,0.0278,0.0197,73.5790,0.0898,0.0013,0.0918,0.0020,0.1973,0.0020,0.3008,0.0012,0.1699,1,4
cand1048,-0.0072,0.0583,56.3167,0.3574,0.0008,0.2930,0.0007,0.3477,0.0008,0.3828,0.0006,0.3452,1,4
cand1049,0.0213,0.0265,-12.2334,0.0488,0.0047,0.0762,0.0013,0.2012,0.0020,0.2812,0.0013,0.1519,1,4
cand1050,-0.0130,0.1077,46.4745,0.5332,0.0011,0.6250,0.0003,0.5430,0.0007,0.2812,0.0015,0.4956,0,4
cand1051,-0.0136,0.0275,-175.2638,0.0312,0.0049,0.0000,0.0234,0.0000,0.0177,0.0000,0.0139,0.0078,1,1
cand1052,-0.0412,0.0893,-93.6722,0.2363,0.0021,0.2656,0.0017,0.0156,0.0081,0.0000,0.0302,0.1294,1,3
cand1053,0.0206,0.1046,-136.4946,0.5605,0.0006,0.2441,0.0009,0.2402,0.0014,0.3789,0.0015,0.3560,0,4
cand1054,0.0528,0.0209,138.6882,0.0020,0.0098,0.0645,0.0028,0.3086,0.0011,0.4160,0.0010,0.1978,1,4
cand1055,0.0302,0.0903,-51.8659,0.0059,0.0086,0.0391,0.0028,0.3672,0.0015,0.7656,0.0007,0.2944,0,4
cand1056,-0.0181,0.0651,42.5497,0.4121,0.0004,0.3203,0.0008,0.3125,0.0005,0.2812,0.0020,0.3315,1,4
cand1057,0.0446,0.0134,-34.2329,0.0000,0.0250,0.0000,0.0156,0.0469,0.0037,0.1230,0.0019,0.0425,1,2
cand1058,-0.0252,0.0393,-85.1093,0.0000,0.0109,0.0137,0.0035,0.0840,0.0033,0.0566,0.0049,0.0386,1,3
cand1059,-0.0368,0.0336,178.1629,0.0000,0.0119,0.0000,0.0244,0.0000,0.0240,0.0000,0.0121,0.0000,0,0
cand1060,0.0261,0.0649,108.0572,0.3984,0.0007,0.3867,0.0007,0.5020,0.0004,0.5762,0.0008,0.4658,0,4
cand1061,0.0208,0.0510,5.8859,0.1172,0.0024,0.2051,0.0013,0.3301,0.0015,0.4180,0.0008,0.2676,1,4
cand1062,-0.0447,0.0818,-51.4063,0.5332,0.0005,0.2754,0.0009,0.0000,0.0158,0.0000,0.0328,0.2021,1,2
cand1063,0.0416,0.0454,65.4080,0.1426,0.0006,0.2129,0.0013,0.3262,0.0010,0.4434,0.0015,0.2812,1,4
cand1064,-0.0020,0.0171,6.9154,0.1113,0.0024,0.0684,0.0013,0.0957,0.0024,0.1465,0.0017,0.1055,1,4
cand1065,0.0561,0.0271,-111.1658,0.0000,0.0394,0.0000,0.0249,0.0020,0.0094,0.0000,0.0116,0.0005,0,1
cand1066,0.0427,0.0418,3.8799,0.0273,0.0065,0.0801,0.0029,0.2363,0.0015,0.3887,0.0013,0.1831,1,4
cand1067,0.0118,0.0640,110.5105,0.4434,0.0004,0.4082,0.0009,0.5430,0.0005,0.1934,0.0014,0.3970,0,4
cand1068,-0.0051,0.0557,-150.1788,0.0957,0.0009,0.0156,0.0057,0.0000,0.0109,0.0000,0.0107,0.0278,0,2
cand1069,0.0464,0.0740,-59.8586,0.0020,0.0088,0.0000,0.0113,0.0371,0.0067,0.4531,0.0012,0.1230,0,3
cand1070,-0.0305,0.0582,-117.0897,0.0000,0.0107,0.0000,0.0118,0.0332,0.0023,0.0352,0.0063,0.0171,0,2
cand1071,-0.0098,0.0604,-3.6652,0.2832,0.0007,0.2969,0.0010,0.2988,0.0007,0.2695,0.0017,0.2871,1,4
cand1072,0.0110,0.1098,-102.4683,0.4238,0.0002,0.2188,0.0023,0.4277,0.0014,0.5723,0.0006,0.4106,0,4
cand1073,-0.0010,0.0059,111.4727,0.1074,0.0015,0.0488,0.0028,0.1562,0.0010,0.0000,0.0105,0.0781,1,3
cand1074,0.0144,0.1019,56.7552,0.4453,0.0003,0.5117,0.0008,0.6230,0.0002,0.5918,0.0008,0.5430,0,4
cand1075,0.0024,0.0583,-17.5058,0.1445,0.0015,0.2598,0.0020,0.3359,0.0012,0.3730,0.0009,0.2783,1,4
cand1076,-0.0133,0.0665,-29.8970,0.2266,0.0015,0.3359,0.0015,0.3086,0.0010,0.2051,0.0008,0.2690,1,4
cand1077,0.0403,0.0955,-58.3535,0.0254,0.0042,0.0449,0.0024,0.2734,0.0009,0.6934,0.0008,0.2593,0,4
cand1078,0.0261,0.0474,-92.3725,0.0078,0.0076,0.0000,0.0124,0.0000,0.0117,0.1074,0.0016,0.0288,0,2
cand1079,0.0588,0.0262,57.7062,0.0059,0.0084,0.0430,0.0018,0.2051,0.0015,0.3418,0.0008,0.1489,1,4
cand1080,0.0339,0.0764,-148.1865,0.3750,0.0011,0.2480,0.0005,0.0918,0.0031,0.1211,0.0022,0.2090,0,4
cand1081,-0.0185,0.0752,-88.1325,0.0547,0.0021,0.0762,0.0023,0.3359,0.0017,0.0977,0.0056,0.1411,0,4
cand1082,0.0565,0.0486,18.7771,0.0137,0.0088,0.0820,0.0026,0.2461,0.0012,0.3906,0.0005,0.1831,1,4
cand1083,0.0054,0.0475,-12.4344,0.1328,0.0012,0.2012,0.0012,0.2852,0.0011,0.3438,0.0016,0.2407,1,4
cand1084,0.0509,0.0026,169.1192,0.0000,0.0142,0.0117,0.0082,0.0156,0.0077,0.0703,0.0027,0.0244,1,3
cand1085,-0.0374,0.0474,69.3343,0.3164,0.0008,0.1855,0.0011,0.1426,0.0011,0.0000,0.0143,0.1611,1,3
cand1086,0.0380,0.0724,-3.5309,0.0547,0.0040,0.1738,0.0021,0.3887,0.0010,0.6074,0.0008,0.3062,0,4
cand1087,0.0479,0.0478,-90.9321,0.0000,0.0192,0.0000,0.0113,0.0000,0.0111,0.0430,0.0047,0.0107,0,1
cand1088,0.0359,0.0621,-131.6620,0.1543,0.0010,0.0781,0.0016,0.0195,0.0074,0.0742,0.0013,0.0815,0,4
cand1089,-0.0137,0.0098,14.8568,0.1113,0.0010,0.0195,0.0041,0.0234,0.0048,0.0410,0.0014,0.0488,1,4
cand1090,-0.0335,0.0787,19.9827,0.5098,0.0012,0.3496,0.0009,0.2148,0.0008,0.0098,0.0070,0.2710,1,4
cand1091,0.0568,0.0013,77.8001,0.0000,0.0266,0.0000,0.0188,0.0605,0.0036,0.2227,0.0011,0.0708,1,2
cand1092,-0.0276,0.0038,46.1415,0.0664,0.0021,0.0000,0.0133,0.0000,0.0173,0.0000,0.0135,0.0166,1,1
cand1093,0.0100,0.0333,2.6388,0.1016,0.0007,0.1660,0.0012,0.2227,0.0019,0.2812,0.0012,0.1929,1,4
cand1094,-0.0439,0.0470,27.6689,0.2852,0.0011,0.0977,0.0025,0.0000,0.0109,0.0000,0.0176,0.0957,1,2
cand1095,0.0462,0.0932,106.9976,0.3652,0.0006,0.5215,0.0007,0.5840,0.0006,0.5664,0.0004,0.5093,0,4
cand1096,0.0514,0.0460,-18.3422,0.0000,0.0124,0.0254,0.0041,0.1562,0.0016,0.3457,0.0015,0.1318,1,3
cand1097,-0.0490,0.0503,3.2741,0.2891,0.0009,0.0723,0.0033,0.0000,0.0180,0.0000,0.0287,0.0903,1,2
cand1098,0.0111,0.1049,-150.3888,0.5957,0.0006,0.1855,0.0012,0.1777,0.0026,0.2266,0.0010,0.2964,0,4
cand1099,-0.0158,0.0469,117.7349,0.4004,0.0004,0.3828,0.0005,0.0000,0.0136,0.0000,0.0233,0.1958,1,2
cand1100,0.0218,0.0885,-143.1446,0.4414,0.0007,0.1758,0.0015,0.0879,0.0025,0.2363,0.0022,0.2354,0,4
cand1101,-0.0136,0.0020,152.4639,0.0234,0.0058,0.0000,0.0335,0.0000,0.0397,0.0000,0.0349,0.0059,1,1
cand1102,0.0291,0.0396,1.7521,0.0645,0.0035,0.1230,0.0015,0.2598,0.0009,0.3574,0.0008,0.2012,1,4
cand1103,-0.0489,0.0862,150.5256,0.0820,0.0007,0.0000,0.0104,0.0000,0.0185,0.0000,0.0141,0.0205,0,1
cand1104,-0.0217,0.0772,4.4739,0.4707,0.0002,0.3848,0.0010,0.3203,0.0017,0.1074,0.0050,0.3208,1,4
cand1105,0.0233,0.0630,9.0865,0.1289,0.0024,0.2637,0.0019,0.4023,0.0010,0.5059,0.0007,0.3252,1,4
cand1106,0.0150,0.0118,-148.1810,0.0000,0.0206,0.0000,0.0304,0.0000,0.0175,0.0078,0.0085,0.0020,1,1
cand1107,-0.0155,0.0098,-43.7714,0.0117,0.0080,0.0273,0.0039,0.0254,0.0040,0.0293,0.0033,0.0234,1,4
cand1108,-0.0410,0.0183,73.9748,0.1504,0.0011,0.0098,0.0076,0.0117,0.0063,0.0000,0.0167,0.0430,1,3
cand1109,-0.0473,0.0648,-54.2786,0.3809,0.0017,0.1523,0.0013,0.0000,0.0160,0.0000,0.0321,0.1333,1,2
cand1110,0.0327,0.0881,-138.3118,0.4160,0.0007,0.2852,0.0005,0.1074,0.0040,0.2773,0.0013,0.2715,0,4
cand1111,-0.0060,0.0390,49.5267,0.2695,0.0020,0.1953,0.0016,0.2246,0.0008,0.2773,0.0001,0.2417,1,4
cand1112,-0.0144,0.0711,119.7097,0.5391,0.0007,0.5254,0.0007,0.0059,0.0080,0.0000,0.0170,0.2676,0,3
cand1113,-0.0130,0.0648,113.9908,0.4766,0.0004,0.4707,0.0009,0.0293,0.0079,0.0000,0.0172,0.2441,0,3
cand1114,0.0582,0.0955,170.8104,0.1602,0.0041,0.7148,0.0007,0.6465,0.0008,0.4688,0.0012,0.4976,0,4
cand1115,0.0587,0.0071,34.9946,0.0000,0.0182,0.0000,0.0114,0.0879,0.0013,0.2324,0.0016,0.0801,1,2
cand1116,-0.0487,0.0103,-126.1854,0.0000,0.0181,0.0000,0.0364,0.0000,0.0409,0.0000,0.0378,0.0000,1,0
cand1117,0.0580,0.0734,50.4334,0.0918,0.0025,0.2129,0.0008,0.4004,0.0017,0.5254,0.0008,0.3076,0,4
cand1118,-0.0445,0.0479,106.8005,0.4180,0.0005,0.0000,0.0103,0.0000,0.0333,0.0000,0.0486,0.1045,1,1
cand1119,-0.0004,0.0036,-48.7235,0.0000,0.0136,0.0020,0.0090,0.0508,0.0036,0.0977,0.0006,0.0376,1,3
cand1120,-0.0467,0.0293,130.5755,0.0391,0.0065,0.0000,0.0343,0.0000,0.0486,0.0000,0.0493,0.0098,1,1
cand1121,0.0277,0.0293,18.0302,0.0742,0.0013,0.1309,0.0017,0.2246,0.0011,0.3086,0.0008,0.1846,1,4
cand1122,-0.0058,0.0773,-20.1917,0.2578,0.0016,0.4102,0.0011,0.4395,0.0009,0.3496,0.0012,0.3643,0,4
cand1123,0.0460,0.1020,128.3729,0.4746,0.0006,0.6758,0.0004,0.6523,0.0003,0.3730,0.0007,0.5439,0,4
cand1124,-0.0359,0.0310,145.6652,0.0723,0.0045,0.0000,0.0300,0.0000,0.0374,0.0000,0.0331,0.0181,1,1
cand1125,0.0532,0.1046,-175.7453,0.6387,0.0009,0.6582,0.0009,0.6309,0.0005,0.3750,0.0019,0.5757,0,4
cand1126,-0.0121,0.0482,-35.4811,0.1289,0.0017,0.1992,0.0016,0.2246,0.0014,0.1895,0.0021,0.1855,1,4
cand1127,-0.0469,0.0269,160.2029,0.0000,0.0163,0.0000,0.0391,0.0000,0.0393,0.0000,0.0296,0.0000,1,0
cand1128,0.0500,0.0143,-162.0918,0.0000,0.0110,0.0000,0.0245,0.0000,0.0115,0.0156,0.0064,0.0039,0,1
cand1129,0.0283,0.0194,-72.8334,0.0000,0.0162,0.0000,0.0200,0.0000,0.0104,0.0664,0.0027,0.0166,1,1
cand1130,0.0599,0.0971,-124.1377,0.2598,0.0012,0.3398,0.0006,0.3906,0.0010,0.4473,0.0005,0.3594,0,4
cand1131,-0.0091,0.0448,-158.6977,0.0508,0.0027,0.0000,0.0104,0.0000,0.0131,0.0000,0.0112,0.0127,0,1
cand1132,0.0038,0.0210,114.1513,0.2012,0.0009,0.1543,0.0019,0.2910,0.0009,0.0137,0.0080,0.1650,1,4
cand1133,0.0476,0.0683,-99.8832,0.0000,0.0151,0.0391,0.0046,0.0410,0.0065,0.1953,0.0005,0.0688,0,3
cand1134,0.0073,0.0464,152.7889,0.4727,0.0007,0.1875,0.0009,0.0215,0.0022,0.0156,0.0050,0.1743,0,4
cand1135,0.0527,0.0595,-86.4064,0.0000,0.0195,0.0000,0.0131,0.0059,0.0078,0.1172,0.0026,0.0308,0,2
cand1136,-0.0226,0.0215,-19.5573,0.1152,0.0021,0.0488,0.0011,0.0273,0.0036,0.0176,0.0053,0.0522,1,4
cand1137,0.0295,0.0037,76.8310,0.0078,0.0075,0.0117,0.0060,0.0977,0.0013,0.2168,0.0007,0.0835,1,4
cand1138,-0.0152,0.0398,179.8437,0.1230,0.0026,0.0000,0.0166,0.0000,0.0128,0.0000,0.0127,0.0308,0,1
cand1139,-0.0296,0.0828,-39.1958,0.4648,0.0011,0.3926,0.0018,0.2188,0.0013,0.0000,0.0192,0.2690,1,3
cand1140,0.0455,0.0882,-108.3018,0.1660,0.0010,0.2188,0.0013,0.1719,0.0008,0.3652,0.0010,0.2305,0,4
cand1141,-0.0489,0.1087,176.7156,0.0352,0.0045,0.0000,0.0131,0.0000,0.0124,0.0000,0.0341,0.0088,0,1
cand1142,-0.0231,0.0274,97.6389,0.2500,0.0014,0.1445,0.0011,0.0684,0.0044,0.0000,0.0213,0.1157,1,3
cand1143,0.0385,0.0483,83.9302,0.1973,0.0017,0.2461,0.0009,0.3633,0.0007,0.4941,0.0010,0.3252,1,4
cand1144,0.0551,0.0885,-18.8673,0.0000,0.0112,0.0488,0.0008,0.2695,0.0015,0.7168,0.0007,0.2588,0,3
cand1145,0.0452,0.0355,-157.7629,0.0938,0.0014,0.0137,0.0066,0.0566,0.0021,0.0391,0.0049,0.0508,0,4
cand1146,-0.0492,0.0875,-89.2893,0.3164,0.0013,0.2812,0.0010,0.0000,0.0166,0.0000,0.0382,0.1494,1,2
cand1147,-0.0053,0.0767,-171.7579,0.3594,0.0004,0.0410,0.0025,0.0137,0.0078,0.0000,0.0148,0.1035,0,3
cand1148,0.0066,0.0133,-134.9701,0.0000,0.0226,0.0000,0.0238,0.0020,0.0089,0.0000,0.0132,0.0005,1,1
cand1149,0.0128,0.0804,-49.8356,0.0137,0.0087,0.1230,0.0009,0.5059,0.0014,0.5957,0.0008,0.3096,0,4
cand1150,-0.0264,0.0515,-32.5119,0.2500,0.0018,0.2129,0.0012,0.1367,0.0020,0.0059,0.0090,0.1514,1,4
cand1151,0.0044,0.1027,49.4323,0.4746,0.0004,0.5410,0.0009,0.6523,0.0008,0.4883,0.0009,0.5391,0,4
cand1152,-0.0395,0.0135,-168.7138,0.0000,0.0236,0.0000,0.0353,0.0000,0.0220,0.0000,0.0221,0.0000,1,0
cand1153,0.0166,0.0850,-3.6609,0.1797,0.0015,0.3652,0.0014,0.5469,0.0006,0.6484,0.0004,0.4351,0,4
cand1154,-0.0049,0.0979,-169.3979,0.5156,0.0011,0.0703,0.0022,0.0059,0.0091,0.0312,0.0043,0.1558,0,4
cand1155,0.0564,0.0706,117.2633,0.1172,0.0030,0.3496,0.0007,0.5352,0.0010,0.6309,0.0004,0.4082,1,4
cand1156,0.0347,0.0973,-142.5199,0.5117,0.0010,0.3926,0.0010,0.2129,0.0019,0.3535,0.0021,0.3677,0,4
cand1157,-0.0148,0.0658,-74.5136,0.0234,0.0061,0.1133,0.0022,0.2891,0.0013,0.1895,0.0016,0.1538,0,4
cand1158,0.0152,0.0991,62.3503,0.4570,0.0005,0.4980,0.0003,0.6035,0.0004,0.6016,0.0006,0.5400,0,4
cand1159,-0.0432,0.0135,170.4644,0.0000,0.0243,0.0000,0.0445,0.0000,0.0422,0.0000,0.0275,0.0000,1,0
cand1160,-0.0423,0.0927,175.1906,0.0645,0.0022,0.0117,0.0078,0.0039,0.0093,0.0000,0.0229,0.0200,0,3
cand1161,-0.0322,0.0774,110.8889,0.5527,0.0006,0.2988,0.0023,0.0000,0.0227,0.0000,0.0320,0.2129,0,2
cand1162,0.0547,0.0927,89.5536,0.2090,0.0015,0.4551,0.0006,0.5312,0.0008,0.5586,0.0011,0.4385,0,4
cand1163,0.0347,0.0856,-147.1994,0.4395,0.0005,0.3164,0.0015,0.1348,0.0030,0.2051,0.0016,0.2739,0,4
cand1164,-0.0128,0.0941,85.6443,0.5371,0.0012,0.5508,0.0010,0.4980,0.0012,0.0000,0.0164,0.3965,0,3
cand1165,0.0547,0.0925,54.7334,0.1504,0.0022,0.3203,0.0014,0.4824,0.0011,0.5488,0.0003,0.3755,0,4
cand1166,0.0087,0.0119,-23.8249,0.0332,0.0063,0.0430,0.0038,0.1035,0.0016,0.1699,0.0011,0.0874,1,4
cand1167,0.0558,0.0051,167.1466,0.0000,0.0186,0.0391,0.0014,0.0566,0.0027,0.1230,0.0009,0.0547,1,3
cand1168,-0.0397,0.0842,-133.2938,0.0488,0.0050,0.0000,0.0107,0.0547,0.0029,0.0000,0.0206,0.0259,0,2
cand1169,-0.0152,0.0337,-52.1646,0.0488,0.0009,0.0645,0.0041,0.1484,0.0014,0.1094,0.0020,0.0928,1,4
cand1170,0.0445,0.0199,133.6852,0.0254,0.0034,0.0918,0.0009,0.3047,0.0010,0.3984,0.0005,0.2051,1,4
cand1171,-0.0087,0.0079,136.1338,0.1992,0.0014,0.0000,0.0123,0.0000,0.0271,0.0000,0.0287,0.0498,1,1
cand1172,0.0344,0.0492,55.4128,0.1660,0.0012,0.2422,0.0012,0.3398,0.0013,0.4609,0.0009,0.3022,1,4
cand1173,0.0245,0.0440,17.3867,0.1113,0.0024,0.1855,0.0010,0.2910,0.0012,0.3906,0.0003,0.2446,1,4
cand1174,-0.0056,0.0527,73.1993,0.3379,0.0008,0.2871,0.0011,0.3516,0.0002,0.3594,0.0014,0.3340,1,4
cand1175,-0.0043,0.0444,97.8540,0.3320,0.0012,0.2793,0.0009,0.3906,0.0013,0.0586,0.0066,0.2651,1,4
cand1176,-0.0179,0.0380,-26.0358,0.1543,0.0017,0.1621,0.0019,0.1270,0.0022,0.0977,0.0018,0.1353,1,4
cand1177,-0.0249,0.0958,-35.9334,0.5215,0.0004,0.5137,0.0009,0.3379,0.0007,0.0000,0.0181,0.3433,1,3
cand1178,-0.0139,0.0068,-99.4935,0.0000,0.0172,0.0000,0.0282,0.0000,0.0227,0.0039,0.0088,0.0010,1,1
cand1179,0.0164,0.0053,169.6769,0.0664,0.0010,0.0000,0.0237,0.0000,0.0229,0.0000,0.0181,0.0166,1,1
cand1180,0.0595,0.0155,-161.8854,0.0000,0.0102,0.0000,0.0225,0.0020,0.0094,0.0879,0.0020,0.0225,0,2
cand1181,-0.0038,0.0292,-120.4907,0.0020,0.0098,0.0000,0.0139,0.0000,0.0141,0.0059,0.0071,0.0020,0,2
cand1182,-0.0387,0.0537,135.6542,0.3027,0.0008,0.0000,0.0194,0.0000,0.0307,0.0000,0.0315,0.0757,0,1
cand1183,0.0585,0.0373,-37.1607,0.0000,0.0215,0.0000,0.0135,0.0527,0.0020,0.1699,0.0016,0.0557,1,2
cand1184,0.0218,0.0423,145.9596,0.3477,0.0004,0.3711,0.0008,0.2148,0.0012,0.0625,0.0018,0.2490,0,4
cand1185,0.0372,0.0650,57.2301,0.1797,0.0008,0.3008,0.0007,0.4121,0.0009,0.5332,0.0005,0.3564,0,4
cand1186,0.0284,0.0727,-53.6585,0.0000,0.0120,0.0156,0.0081,0.1953,0.0019,0.6211,0.0011,0.2080,0,3
cand1187,0.0095,0.0325,-77.8585,0.0000,0.0163,0.0000,0.0121,0.0391,0.0037,0.1816,0.0013,0.0552,1,2
cand1188,0.0241,0.0470,122.6741,0.3027,0.0007,0.3125,0.0015,0.4707,0.0004,0.3340,0.0008,0.3550,0,4
cand1189,-0.0258,0.0287,131.4123,0.3730,0.0007,0.0000,0.0171,0.0000,0.0317,0.0000,0.0339,0.0933,1,1
cand1190,-0.0106,0.1070,-132.3791,0.3438,0.0015,0.1152,0.0028,0.1582,0.0016,0.2012,0.0012,0.2046,0,4
cand1191,0.0443,0.0608,13.2047,0.0664,0.0010,0.1387,0.0018,0.3320,0.0012,0.5059,0.0010,0.2607,0,4
cand1192,0.0087,0.0201,99.1971,0.1680,0.0012,0.1191,0.0024,0.2207,0.0009,0.3652,0.0010,0.2183,1,4
cand1193,-0.0056,0.0689,51.0092,0.3867,0.0012,0.3496,0.0008,0.4160,0.0009,0.4062,0.0006,0.3896,1,4
cand1194,0.0454,0.1019,13.3989,0.0957,0.0023,0.2578,0.0011,0.4922,0.0010,0.7598,0.0010,0.4014,0,4
cand1195,-0.0273,0.0578,179.6774,0.0703,0.0024,0.0000,0.0118,0.0000,0.0142,0.0078,0.0077,0.0195,0,2
cand1196,-0.0179,0.0260,86.5078,0.2285,0.0010,0.1270,0.0011,0.1816,0.0009,0.0645,0.0068,0.1504,1,4
cand1197,0.0480,0.0215,76.6200,0.0098,0.0074,0.0449,0.0035,0.2012,0.0012,0.3379,0.0006,0.1484,1,4
cand1198,0.0549,0.0620,138.5348,0.1289,0.0031,0.3457,0.0016,0.5840,0.0013,0.5254,0.0006,0.3960,0,4
cand1199,0.0253,0.0734,-131.3202,0.2773,0.0010,0.0684,0.0042,0.0293,0.0066,0.1855,0.0006,0.1401,0,4
cand1200,-0.0251,0.0264,-46.1504,0.0879,0.0017,0.0840,0.0042,0.0430,0.0039,0.0156,0.0061,0.0576,1,4
cand1201,-0.0359,0.0214,114.3484,0.2695,0.0006,0.0000,0.0125,0.0000,0.0327,0.0000,0.0449,0.0674,1,1
cand1202,-0.0211,0.0065,-118.8736,0.0000,0.0103,0.0000,0.0263,0.0000,0.0293,0.0000,0.0221,0.0000,1,0
cand1203,-0.0228,0.0170,-60.6703,0.0176,0.0033,0.0098,0.0065,0.0312,0.0022,0.0137,0.0065,0.0181,1,4
cand1204,-0.0174,0.0861,-31.7562,0.3867,0.0015,0.4648,0.0008,0.3867,0.0010,0.0254,0.0075,0.3159,0,4
cand1205,0.0334,0.0787,-58.8017,0.0059,0.0080,0.0137,0.0075,0.2031,0.0010,0.6426,0.0007,0.2163,0,4
cand1206,-0.0226,0.1062,56.9915,0.5762,0.0010,0.6016,0.0003,0.4219,0.0009,0.0840,0.0064,0.4209,0,4
cand1207,-0.0386,0.0845,-169.2694,0.0508,0.0054,0.0000,0.0126,0.0000,0.0111,0.0000,0.0234,0.0127,0,1
cand1208,0.0179,0.0958,-161.3755,0.5664,0.0004,0.2598,0.0020,0.0723,0.0048,0.1035,0.0011,0.2505,0,4
cand1209,0.0115,0.0068,116.5405,0.0820,0.0036,0.0547,0.0021,0.1895,0.0013,0.1055,0.0036,0.1079,1,4
cand1210,0.0351,0.0164,-61.8993,0.0000,0.0222,0.0000,0.0215,0.0000,0.0102,0.0488,0.0072,0.0122,1,1
cand1211,-0.0200,0.0541,11.3385,0.3281,0.0009,0.2441,0.0015,0.2090,0.0013,0.1582,0.0015,0.2349,1,4
cand1212,-0.0196,0.0781,-110.1598,0.0508,0.0051,0.0156,0.0064,0.1504,0.0019,0.1270,0.0013,0.0859,0,4
cand1213,-0.0445,0.0888,-122.2134,0.1348,0.0014,0.0371,0.0046,0.0391,0.0070,0.0000,0.0264,0.0527,1,3
cand1214,0.0549,0.0748,-53.2291,0.0000,0.0121,0.0000,0.0109,0.0410,0.0026,0.4082,0.0018,0.1123,0,2
cand1215,-0.0225,0.0474,-111.3147,0.0000,0.0129,0.0000,0.0125,0.0117,0.0049,0.0957,0.0029,0.0269,0,2
cand1216,-0.0152,0.0211,-172.9078,0.0000,0.0104,0.0000,0.0279,0.0000,0.0219,0.0000,0.0132,0.0000,1,0
cand1217,0.0025,0.0819,112.6941,0.5332,0.0009,0.5117,0.0007,0.5176,0.0010,0.0312,0.0039,0.3984,0,4
cand1218,-0.0186,0.0914,81.3314,0.5293,0.0011,0.5352,0.0005,0.4121,0.0016,0.0000,0.0163,0.3691,0,3
cand1219,0.0277,0.0513,10.7270,0.1074,0.0011,0.1973,0.0007,0.3262,0.0011,0.4375,0.0008,0.2671,1,4
cand1220,-0.0359,0.0943,56.0576,0.5977,0.0008,0.4883,0.0007,0.2637,0.0009,0.0000,0.0159,0.3374,0,3
cand1221,-0.0093,0.0437,-27.0415,0.1367,0.0015,0.1875,0.0006,0.2168,0.0014,0.1973,0.0012,0.1846,1,4
cand1222,-0.0040,0.0189,-97.4340,0.0000,0.0134,0.0000,0.0199,0.0000,0.0143,0.0254,0.0064,0.0063,1,1
cand1223,-0.0319,0.0795,-163.7298,0.0645,0.0027,0.0000,0.0119,0.0000,0.0112,0.0000,0.0164,0.0161,0,1
cand1224,-0.0025,0.0048,-127.8831,0.0000,0.0216,0.0000,0.0163,0.0000,0.0205,0.0000,0.0182,0.0000,1,0
cand1225,-0.0056,0.0263,-112.5526,0.0059,0.0075,0.0000,0.0154,0.0000,0.0166,0.0117,0.0062,0.0044,1,2
cand1226,-0.0000,0.0394,-109.9344,0.0020,0.0096,0.0000,0.0124,0.0000,0.0126,0.0469,0.0033,0.0122,0,2
cand1227,-0.0193,0.0156,34.7788,0.1484,0.0021,0.0312,0.0027,0.0293,0.0036,0.0391,0.0031,0.0620,1,4
cand1228,-0.0018,0.0591,26.3636,0.3125,0.0004,0.3105,0.0014,0.3438,0.0008,0.3750,0.0007,0.3354,1,4
cand1229,0.0454,0.0383,21.3828,0.0566,0.0044,0.1016,0.0007,0.2441,0.0004,0.3750,0.0008,0.1943,1,4
cand1230,-0.0172,0.0322,-35.7171,0.1055,0.0013,0.1172,0.0008,0.1133,0.0017,0.0918,0.0030,0.1069,1,4
cand1231,-0.0112,0.0757,-27.6704,0.2617,0.0016,0.3887,0.0012,0.3828,0.0011,0.2637,0.0015,0.3242,1,4
cand1232,-0.0445,0.0000,-27.5033,0.0293,0.0012,0.0000,0.0264,0.0000,0.0338,0.0000,0.0330,0.0073,1,1
cand1233,-0.0049,0.0656,-57.3229,0.0156,0.0076,0.1406,0.0027,0.3789,0.0009,0.3223,0.0011,0.2144,0,4
cand1234,0.0458,0.0673,82.5423,0.2168,0.0016,0.3418,0.0007,0.4395,0.0010,0.5430,0.0003,0.3853,0,4
cand1235,-0.0335,0.0263,-34.1448,0.1289,0.0018,0.0430,0.0020,0.0000,0.0106,0.0000,0.0163,0.0430,1,2
cand1236,0.0172,0.0195,101.3314,0.1367,0.0008,0.1191,0.0016,0.2168,0.0008,0.3809,0.0007,0.2134,1,4
cand1237,-0.0141,0.0826,58.9831,0.4902,0.0009,0.4473,0.0010,0.4746,0.0004,0.2812,0.0014,0.4233,0,4
cand1238,-0.0401,0.0741,107.4755,0.5547,0.0007,0.0820,0.0062,0.0000,0.0295,0.0000,0.0419,0.1592,0,2
cand1239,0.0597,0.0373,-167.0864,0.1426,0.0031,0.0742,0.0008,0.1367,0.0014,0.2441,0.0018,0.1494,0,4
cand1240,-0.0106,0.0644,14.7144,0.3457,0.0003,0.3281,0.0010,0.3457,0.0011,0.2969,0.0009,0.3291,1,4
cand1241,-0.0466,0.0034,-21.8434,0.0352,0.0020,0.0000,0.0262,0.0000,0.0318,0.0000,0.0345,0.0088,1,1
cand1242,0.0466,0.0079,118.6521,0.0000,0.0149,0.0098,0.0080,0.1562,0.0017,0.3516,0.0012,0.1294,1,3
cand1243,0.0090,0.0971,-51.7006,0.1543,0.0007,0.2363,0.0011,0.6699,0.0008,0.6406,0.0007,0.4253,0,4
cand1244,0.0398,0.0613,-123.6555,0.0820,0.0019,0.0566,0.0025,0.0117,0.0058,0.0879,0.0025,0.0596,0,4
cand1245,-0.0279,0.1067,-70.4438,0.4062,0.0010,0.5781,0.0008,0.1992,0.0028,0.0000,0.0225,0.2959,1,3
cand1246,-0.0452,0.0485,29.8109,0.2930,0.0011,0.1035,0.0017,0.0000,0.0120,0.0000,0.0177,0.0991,1,2
cand1247,0.0260,0.0001,-111.8345,0.0000,0.0312,0.0000,0.0176,0.0000,0.0187,0.0000,0.0143,0.0000,1,0
cand1248,-0.0493,0.0230,49.6909,0.1465,0.0009,0.0000,0.0122,0.0000,0.0219,0.0000,0.0186,0.0366,1,1
cand1249,-0.0164,0.0214,94.5160,0.2051,0.0011,0.1055,0.0016,0.1738,0.0008,0.0000,0.0113,0.1211,1,3
cand1250,0.0087,0.0702,109.2507,0.4824,0.0004,0.4434,0.0003,0.5625,0.0007,0.1191,0.0027,0.4019,0,4
cand1251,-0.0239,0.0065,58.8677,0.0879,0.0024,0.0020,0.0097,0.0000,0.0111,0.0156,0.0058,0.0264,1,3
cand1252,0.0375,0.0569,111.1596,0.2656,0.0010,0.3301,0.0014,0.4531,0.0001,0.5879,0.0004,0.4092,0,4
cand1253,-0.0103,0.0787,9.6960,0.3926,0.0008,0.3926,0.0006,0.4180,0.0013,0.3516,0.0014,0.3887,1,4
cand1254,-0.0140,0.0738,-135.8439,0.0762,0.0035,0.0000,0.0112,0.0000,0.0107,0.1191,0.0013,0.0488,0,2
cand1255,0.0047,0.0763,77.9115,0.4414,0.0010,0.4238,0.0004,0.5293,0.0007,0.5000,0.0011,0.4736,0,4
cand1256,-0.0368,0.0818,-140.8834,0.0215,0.0057,0.0000,0.0132,0.0195,0.0051,0.0000,0.0176,0.0103,0,2
cand1257,0.0377,0.0727,-94.0441,0.0488,0.0072,0.0176,0.0070,0.0449,0.0048,0.2715,0.0024,0.0957,0,4
cand1258,0.0127,0.1012,-162.0049,0.5957,0.0008,0.2129,0.0023,0.0742,0.0015,0.1055,0.0019,0.2471,0,4
cand1259,0.0283,0.0745,44.7634,0.2539,0.0006,0.3496,0.0006,0.4668,0.0010,0.6016,0.0005,0.4180,0,4
cand1260,0.0192,0.0348,-171.9518,0.1680,0.0006,0.0215,0.0055,0.0039,0.0085,0.0195,0.0031,0.0532,0,4
cand1261,-0.0076,0.0946,7.8197,0.4453,0.0013,0.5215,0.0019,0.5293,0.0006,0.4395,0.0004,0.4839,0,4
cand1262,-0.0200,0.0254,8.2453,0.2051,0.0012,0.0840,0.0024,0.0586,0.0014,0.0625,0.0019,0.1025,1,4
cand1263,0.0395,0.0047,-149.3401,0.0000,0.0313,0.0000,0.0386,0.0000,0.0248,0.0020,0.0085,0.0005,0,1
cand1264,0.0029,0.0851,61.2401,0.4590,0.0009,0.4746,0.0007,0.5566,0.0009,0.4902,0.0006,0.4951,0,4
cand1265,0.0207,0.0879,-103.7859,0.3047,0.0012,0.0547,0.0032,0.1816,0.0009,0.4746,0.0009,0.2539,0,4
cand1266,0.0107,0.0461,112.7954,0.3340,0.0010,0.3105,0.0012,0.4492,0.0007,0.1797,0.0020,0.3184,0,4
cand1267,0.0564,0.0909,23.2098,0.0859,0.0027,0.1836,0.0012,0.3984,0.0007,0.5762,0.0010,0.3110,0,4
cand1268,0.0511,0.0121,28.5805,0.0059,0.0076,0.0176,0.0035,0.1309,0.0007,0.2520,0.0005,0.1016,1,4
cand1269,0.0483,0.0714,34.8296,0.1094,0.0018,0.2422,0.0007,0.3945,0.0012,0.5273,0.0008,0.3184,0,4
cand1270,0.0058,0.0096,-134.2758,0.0000,0.0250,0.0000,0.0255,0.0000,0.0108,0.0000,0.0140,0.0000,1,0
cand1271,0.0328,0.0265,107.9958,0.1172,0.0021,0.1387,0.0015,0.2812,0.0013,0.4355,0.0012,0.2432,1,4
cand1272,-0.0396,0.0849,-20.3616,0.5625,0.0010,0.3242,0.0002,0.0039,0.0098,0.0000,0.0286,0.2227,1,3
cand1273,0.0384,0.0016,90.2120,0.0000,0.0149,0.0000,0.0114,0.0918,0.0007,0.2324,0.0010,0.0811,1,2
cand1274,-0.0048,0.1066,-89.4528,0.2988,0.0011,0.2637,0.0018,0.5273,0.0005,0.2461,0.0026,0.3340,0,4
cand1275,-0.0053,0.0732,74.0909,0.4355,0.0006,0.4062,0.0005,0.4863,0.0006,0.3496,0.0013,0.4194,1,4
cand1276,0.0257,0.0914,157.2778,0.7715,0.0006,0.5508,0.0007,0.2773,0.0018,0.0566,0.0027,0.4141,0,4
cand1277,0.0295,0.0565,88.7910,0.2930,0.0005,0.3145,0.0007,0.4121,0.0006,0.5527,0.0009,0.3931,0,4
cand1278,0.0580,0.0004,95.1032,0.0000,0.0278,0.0000,0.0194,0.0605,0.0016,0.2285,0.0010,0.0723,1,2
cand1279,-0.0024,0.0752,-102.2132,0.0684,0.0041,0.0059,0.0071,0.1523,0.0013,0.3848,0.0015,0.1528,0,4
cand1280,-0.0248,0.0850,93.8028,0.5352,0.0007,0.5254,0.0006,0.0781,0.0056,0.0000,0.0303,0.2847,0,3
cand1281,0.0230,0.0048,-22.2234,0.0000,0.0144,0.0117,0.0090,0.0742,0.0025,0.1875,0.0013,0.0684,1,3
cand1282,-0.0211,0.0068,-107.3397,0.0000,0.0167,0.0000,0.0292,0.0000,0.0266,0.0000,0.0166,0.0000,1,0
cand1283,0.0198,0.0347,127.8562,0.2500,0.0017,0.2637,0.0003,0.3945,0.0004,0.1875,0.0015,0.2739,0,4
cand1284,0.0285,0.0255,134.1238,0.1582,0.0020,0.1875,0.0011,0.3574,0.0006,0.2207,0.0008,0.2310,1,4
cand1285,-0.0436,0.0401,23.0914,0.2520,0.0004,0.0469,0.0026,0.0000,0.0130,0.0000,0.0206,0.0747,1,2
cand1286,0.0132,0.0099,79.3663,0.0840,0.0030,0.0488,0.0024,0.1250,0.0012,0.2266,0.0011,0.1211,1,4
cand1287,0.0543,0.0794,35.1367,0.0938,0.0039,0.2148,0.0012,0.4043,0.0009,0.5469,0.0006,0.3149,0,4
cand1288,-0.0194,0.0389,-169.3809,0.0215,0.0034,0.0000,0.0160,0.0000,0.0160,0.0078,0.0078,0.0073,0,2
cand1289,-0.0201,0.0648,6.9532,0.3828,0.0010,0.3145,0.0005,0.2676,0.0008,0.1699,0.0023,0.2837,1,4
cand1290,-0.0365,0.0380,18.4812,0.2598,0.0008,0.0879,0.0015,0.0098,0.0091,0.0000,0.0145,0.0894,1,3
cand1291,0.0078,0.0151,119.1266,0.1543,0.0012,0.1191,0.0007,0.2500,0.0014,0.0273,0.0074,0.1377,1,4
cand1292,0.0443,0.0944,49.9416,0.1836,0.0010,0.3906,0.0008,0.4863,0.0007,0.6016,0.0009,0.4155,0,4
cand1293,0.0339,0.0869,-0.8545,0.0801,0.0005,0.2441,0.0018,0.5039,0.0007,0.7227,0.0004,0.3877,0,4
cand1294,-0.0318,0.0431,65.5601,0.2949,0.0009,0.1719,0.0004,0.1445,0.0018,0.0605,0.0051,0.1680,1,4
cand1295,0.0314,0.0123,-138.1135,0.0000,0.0285,0.0000,0.0317,0.0000,0.0151,0.0039,0.0080,0.0010,1,1
cand1296,-0.0131,0.1081,-129.5388,0.3398,0.0009,0.1484,0.0032,0.2090,0.0018,0.1270,0.0025,0.2061,0,4
cand1297,-0.0452,0.0223,88.3722,0.1895,0.0015,0.0527,0.0017,0.0000,0.0173,0.0000,0.0335,0.0605,1,2
cand1298,0.0536,0.0038,-152.5693,0.0000,0.0308,0.0000,0.0407,0.0000,0.0245,0.0000,0.0115,0.0000,0,0
cand1299,0.0331,0.0478,-126.6702,0.0312,0.0049,0.0020,0.0092,0.0059,0.0082,0.0078,0.0062,0.0117,0,4
cand1300,0.0399,0.0129,-15.0878,0.0000,0.0156,0.0137,0.0044,0.0840,0.0015,0.2051,0.0014,0.0757,1,3
cand1301,-0.0248,0.0939,-20.2533,0.5801,0.0002,0.4980,0.0010,0.3320,0.0010,0.0000,0.0165,0.3525,0,3
cand1302,0.0537,0.0741,-131.1093,0.1777,0.0008,0.1719,0.0012,0.2168,0.0011,0.2227,0.0019,0.1973,0,4
cand1303,0.0029,0.0918,-129.6288,0.3496,0.0014,0.0410,0.0049,0.1426,0.0010,0.2793,0.0010,0.2031,0,4
cand1304,0.0361,0.1099,-83.7293,0.3457,0.0013,0.2402,0.0007,0.3672,0.0009,0.6816,0.0007,0.4087,0,4
cand1305,-0.0299,0.0713,-141.7309,0.0254,0.0062,0.0000,0.0118,0.0039,0.0094,0.0059,0.0090,0.0088,0,3
cand1306,0.0371,0.0198,25.7850,0.0645,0.0039,0.0762,0.0018,0.1836,0.0015,0.2793,0.0017,0.1509,1,4
cand1307,-0.0470,0.0212,70.4984,0.1562,0.0012,0.0039,0.0094,0.0039,0.0099,0.0000,0.0201,0.0410,1,3
cand1308,0.0170,0.0155,-111.5523,0.0000,0.0182,0.0000,0.0119,0.0000,0.0165,0.0000,0.0136,0.0000,1,0
cand1309,0.0308,0.1099,-85.1214,0.4102,0.0010,0.2266,0.0010,0.4023,0.0004,0.6992,0.0006,0.4346,0,4
cand1310,0.0372,0.0062,-10.2814,0.0000,0.0185,0.0176,0.0076,0.0781,0.0027,0.1992,0.0015,0.0737,1,3
cand1311,0.0517,0.0657,-54.2042,0.0000,0.0111,0.0000,0.0117,0.0137,0.0054,0.3516,0.0012,0.0913,0,2
cand1312,0.0291,0.0627,1.7753,0.0898,0.0034,0.2129,0.0020,0.3828,0.0009,0.5234,0.0012,0.3022,1,4
cand1313,0.0394,0.0858,-21.0166,0.0117,0.0059,0.1211,0.0008,0.4219,0.0014,0.7246,0.0005,0.3198,0,4
cand1314,0.0236,0.0647,-58.3882,0.0000,0.0116,0.0117,0.0071,0.1543,0.0017,0.5488,0.0008,0.1787,0,3
cand1315,-0.0302,0.0609,-63.4772,0.1582,0.0004,0.1895,0.0019,0.1367,0.0017,0.0000,0.0140,0.1211,1,3
cand1316,0.0340,0.0929,57.5318,0.3047,0.0011,0.4316,0.0009,0.5332,0.0009,0.6250,0.0005,0.4736,0,4
cand1317,-0.0212,0.0536,156.8803,0.2734,0.0010,0.0039,0.0090,0.0000,0.0156,0.0000,0.0154,0.0693,0,2
cand1318,-0.0026,0.0318,105.3541,0.2656,0.0003,0.2129,0.0014,0.3262,0.0007,0.0098,0.0083,0.2036,1,4
cand1319,0.0555,0.0635,40.2425,0.0723,0.0016,0.1641,0.0006,0.3477,0.0012,0.4961,0.0009,0.2700,0,4
cand1320,0.0139,0.0669,98.9100,0.4219,0.0007,0.3867,0.0005,0.5117,0.0008,0.5527,0.0010,0.4683,0,4
cand1321,-0.0032,0.0563,-136.6433,0.0508,0.0015,0.0000,0.0112,0.0000,0.0118,0.0078,0.0082,0.0146,0,2
cand1322,0.0064,0.0940,-149.4480,0.4844,0.0011,0.0566,0.0027,0.0879,0.0015,0.1230,0.0016,0.1880,0,4
cand1323,0.0498,0.0152,-16.5342,0.0000,0.0236,0.0000,0.0115,0.0586,0.0027,0.1836,0.0012,0.0605,1,2
cand1324,0.0135,0.1077,64.8007,0.4746,0.0007,0.5391,0.0006,0.6348,0.0008,0.5488,0.0011,0.5493,0,4
cand1325,0.0154,0.0704,-49.3248,0.0059,0.0085,0.1094,0.0009,0.3887,0.0014,0.5469,0.0006,0.2627,0,4
cand1326,0.0566,0.1040,-79.3110,0.0000,0.0185,0.1875,0.0011,0.2852,0.0007,0.5273,0.0003,0.2500,0,3
cand1327,-0.0438,0.0239,-161.5468,0.0000,0.0143,0.0000,0.0223,0.0000,0.0189,0.0000,0.0304,0.0000,1,0
cand1328,0.0447,0.0392,142.7798,0.1328,0.0011,0.2598,0.0015,0.4531,0.0003,0.3418,0.0009,0.2969,0,4
cand1329,0.0052,0.0066,135.0693,0.1348,0.0013,0.1035,0.0027,0.0000,0.0144,0.0000,0.0167,0.0596,1,2
cand1330,-0.0256,0.0794,-167.6941,0.0664,0.0056,0.0215,0.0055,0.0000,0.0119,0.0000,0.0128,0.0220,0,2
cand1331,-0.0475,0.0376,16.5764,0.2188,0.0012,0.0215,0.0045,0.0000,0.0194,0.0000,0.0259,0.0601,1,2
cand1332,0.0402,0.1051,-161.8510,0.6777,0.0005,0.5312,0.0005,0.3770,0.0012,0.3125,0.0017,0.4746,0,4
cand1333,-0.0289,0.0664,4.4388,0.4219,0.0010,0.2852,0.0007,0.1797,0.0008,0.0000,0.0101,0.2217,1,3
cand1334,0.0005,0.0956,108.8938,0.5840,0.0003,0.5527,0.0011,0.5332,0.0006,0.0195,0.0067,0.4224,0,4
cand1335,-0.0002,0.0241,-169.2210,0.0273,0.0026,0.0000,0.0231,0.0000,0.0152,0.0000,0.0137,0.0068,1,1
cand1336,-0.0116,0.0856,-150.8708,0.2090,0.0009,0.0176,0.0065,0.0000,0.0142,0.0996,0.0031,0.0815,0,3
cand1337,0.0365,0.0208,145.5187,0.0918,0.0012,0.1758,0.0014,0.2617,0.0011,0.2090,0.0013,0.1846,1,4
cand1338,-0.0364,0.0354,-65.2516,0.0449,0.0051,0.0566,0.0013,0.0117,0.0080,0.0000,0.0178,0.0283,1,3
cand1339,0.0597,0.0395,87.8193,0.0020,0.0095,0.1094,0.0016,0.2891,0.0011,0.4570,0.0009,0.2144,1,4
cand1340,-0.0121,0.0505,50.9286,0.3301,0.0008,0.2598,0.0009,0.2656,0.0010,0.3164,0.0007,0.2930,1,4
cand1341,0.0062,0.0248,-119.9075,0.0000,0.0115,0.0020,0.0089,0.0000,0.0146,0.0000,0.0113,0.0005,1,1
cand1342,0.0538,0.0662,-17.0066,0.0000,0.0105,0.0469,0.0034,0.2090,0.0011,0.4844,0.0012,0.1851,0,3
cand1343,-0.0030,0.1001,-95.2478,0.2539,0.0015,0.1816,0.0019,0.4453,0.0009,0.3730,0.0013,0.3135,0,4
cand1344,-0.0257,0.0782,-51.9352,0.2520,0.0019,0.3945,0.0006,0.2520,0.0005,0.0000,0.0136,0.2246,1,3
cand1345,0.0132,0.0249,154.0359,0.3125,0.0006,0.0801,0.0022,0.0098,0.0074,0.0000,0.0105,0.1006,0,3
cand1346,0.0408,0.0902,-164.8145,0.5918,0.0008,0.4141,0.0006,0.2812,0.0015,0.2227,0.0009,0.3774,0,4
cand1347,-0.0477,0.0078,-56.0839,0.0254,0.0074,0.0000,0.0155,0.0000,0.0284,0.0000,0.0328,0.0063,1,1
cand1348,-0.0142,0.0936,123.2069,0.6016,0.0004,0.5039,0.0004,0.0293,0.0040,0.0020,0.0098,0.2842,0,4
cand1349,0.0418,0.0531,21.2143,0.0938,0.0021,0.1543,0.0019,0.3086,0.0004,0.4648,0.0012,0.2554,1,4
cand1350,-0.0020,0.0406,-149.4310,0.0469,0.0021,0.0000,0.0100,0.0000,0.0117,0.0000,0.0108,0.0117,0,1
cand1351,0.0382,0.0638,16.3530,0.1016,0.0025,0.2109,0.0018,0.3613,0.0016,0.5391,0.0008,0.3032,0,4
cand1352,0.0082,0.0177,118.3604,0.1660,0.0010,0.1328,0.0016,0.2793,0.0009,0.0430,0.0063,0.1553,1,4
cand1353,0.0244,0.0491,-52.3285,0.0000,0.0115,0.0000,0.0108,0.1348,0.0015,0.4180,0.0008,0.1382,1,2
cand1354,-0.0421,0.0949,44.4866,0.6309,0.0005,0.4453,0.0007,0.2051,0.0023,0.0000,0.0181,0.3203,0,3
cand1355,0.0342,0.0949,-53.4921,0.0234,0.0055,0.0605,0.0033,0.3242,0.0008,0.8164,0.0004,0.3062,0,4
cand1356,-0.0053,0.1007,-141.1223,0.3691,0.0007,0.0488,0.0056,0.0781,0.0027,0.2344,0.0010,0.1826,0,4
cand1357,-0.0008,0.0708,-129.7034,0.1367,0.0016,0.0000,0.0101,0.0020,0.0091,0.1035,0.0032,0.0605,0,3
cand1358,-0.0131,0.0290,160.8764,0.1406,0.0010,0.0000,0.0182,0.0000,0.0230,0.0000,0.0161,0.0352,1,1
cand1359,-0.0499,0.0221,174.1780,0.0000,0.0221,0.0000,0.0373,0.0000,0.0325,0.0000,0.0229,0.0000,1,0
cand1360,-0.0178,0.0225,114.6451,0.2539,0.0015,0.1953,0.0006,0.0000,0.0152,0.0000,0.0281,0.1123,1,2
cand1361,0.0354,0.0431,-22.7693,0.0000,0.0100,0.0508,0.0039,0.2051,0.0024,0.3906,0.0015,0.1616,1,3
cand1362,-0.0142,0.0916,-122.2600,0.1816,0.0028,0.0449,0.0034,0.1172,0.0031,0.2012,0.0017,0.1362,0,4
cand1363,0.0068,0.0372,-164.6182,0.1094,0.0015,0.0000,0.0133,0.0059,0.0075,0.0000,0.0123,0.0288,0,2
cand1364,0.0482,0.0397,9.5002,0.0215,0.0083,0.0723,0.0036,0.2266,0.0005,0.3633,0.0008,0.1709,1,4
cand1365,-0.0135,0.0196,5.0571,0.1523,0.0017,0.0586,0.0014,0.0566,0.0027,0.0801,0.0025,0.0869,1,4
cand1366,0.0012,0.0815,106.3918,0.5195,0.0011,0.5098,0.0008,0.5820,0.0002,0.0234,0.0067,0.4087,0,4
cand1367,0.0208,0.0088,-90.2372,0.0000,0.0144,0.0000,0.0246,0.0000,0.0187,0.0000,0.0108,0.0000,1,0
cand1368,-0.0304,0.0057,79.5790,0.0820,0.0018,0.0000,0.0122,0.0098,0.0086,0.0039,0.0090,0.0239,1,3
cand1369,-0.0136,0.0569,-3.1506,0.2969,0.0006,0.2812,0.0004,0.2656,0.0016,0.2051,0.0006,0.2622,1,4
cand1370,-0.0023,0.1021,13.3183,0.4219,0.0010,0.5762,0.0006,0.6348,0.0009,0.5234,0.0009,0.5391,0,4
cand1371,-0.0348,0.0100,-6.8356,0.0918,0.0016,0.0000,0.0139,0.0000,0.0204,0.0000,0.0204,0.0229,1,1
cand1372,-0.0376,0.0663,1.4917,0.4102,0.0009,0.2266,0.0008,0.0762,0.0072,0.0000,0.0197,0.1782,1,3
cand1373,0.0430,0.0714,147.0133,0.3730,0.0006,0.5273,0.0009,0.5430,0.0008,0.3086,0.0010,0.4380,0,4
cand1374,0.0226,0.0902,22.0354,0.2539,0.0023,0.3965,0.0007,0.5957,0.0007,0.6816,0.0009,0.4819,0,4
cand1375,0.0025,0.0884,130.5098,0.6289,0.0003,0.5898,0.0006,0.1523,0.0023,0.0273,0.0070,0.3496,0,4
cand1376,0.0099,0.0985,9.8494,0.2793,0.0013,0.5000,0.0009,0.6543,0.0004,0.6582,0.0007,0.5229,0,4
cand1377,0.0282,0.0327,114.6616,0.1777,0.0011,0.1973,0.0008,0.3379,0.0007,0.5000,0.0007,0.3032,1,4
cand1378,-0.0431,0.0716,124.9846,0.4824,0.0004,0.0000,0.0155,0.0000,0.0310,0.0000,0.0354,0.1206,0,1
cand1379,-0.0313,0.0176,-179.8783,0.0000,0.0181,0.0000,0.0348,0.0000,0.0317,0.0000,0.0162,0.0000,1,0
cand1380,-0.0076,0.0365,144.6280,0.4141,0.0013,0.0352,0.0047,0.0000,0.0152,0.0000,0.0160,0.1123,0,2
cand1381,0.0496,0.0729,46.5835,0.1094,0.0007,0.2617,0.0025,0.4238,0.0009,0.5332,0.0013,0.3320,0,4
cand1382,0.0467,0.0725,-127.6444,0.1738,0.0010,0.1738,0.0009,0.1133,0.0018,0.1680,0.0011,0.1572,0,4
cand1383,-0.0289,0.0356,119.8580,0.3730,0.0009,0.0059,0.0084,0.0000,0.0281,0.0000,0.0366,0.0947,1,2
cand1384,0.0477,0.0814,101.5840,0.3008,0.0008,0.4492,0.0008,0.5371,0.0004,0.5723,0.0011,0.4648,0,4
cand1385,-0.0396,0.0671,32.5048,0.4160,0.0006,0.2461,0.0014,0.0957,0.0020,0.0137,0.0084,0.1929,1,4
cand1386,-0.0184,0.1091,-174.5979,0.3438,0.0019,0.0156,0.0075,0.0000,0.0141,0.0078,0.0083,0.0918,0,3
cand1387,-0.0135,0.0855,-63.7541,0.1543,0.0011,0.3379,0.0015,0.4668,0.0006,0.1250,0.0046,0.2710,0,4
cand1388,-0.0414,0.0717,-29.0190,0.4590,0.0014,0.2363,0.0009,0.0000,0.0114,0.0000,0.0270,0.1738,1,2
cand1389,-0.0197,0.0133,160.5842,0.0117,0.0077,0.0000,0.0328,0.0000,0.0364,0.0000,0.0270,0.0029,1,1
cand1390,0.0264,0.1027,156.7438,0.8340,0.0007,0.6172,0.0007,0.2891,0.0017,0.0469,0.0034,0.4468,0,4
cand1391,-0.0213,0.0088,147.5665,0.0508,0.0050,0.0000,0.0325,0.0000,0.0404,0.0000,0.0366,0.0127,1,1
cand1392,0.0195,0.0318,-46.1530,0.0039,0.0085,0.0234,0.0022,0.1094,0.0016,0.3008,0.0012,0.1094,1,4
cand1393,0.0038,0.0673,-154.2781,0.2812,0.0001,0.0234,0.0060,0.0039,0.0096,0.0000,0.0132,0.0771,0,3
cand1394,-0.0243,0.0145,135.9151,0.2441,0.0009,0.0000,0.0234,0.0000,0.0373,0.0000,0.0388,0.0610,1,1
cand1395,0.0012,0.0827,75.9347,0.4648,0.0007,0.4688,0.0003,0.5527,0.0008,0.4336,0.0013,0.4800,0,4
cand1396,-0.0289,0.0639,-131.7487,0.0078,0.0075,0.0000,0.0119,0.0059,0.0075,0.0312,0.0063,0.0112,0,3
cand1397,-0.0222,0.0804,-68.6602,0.1504,0.0018,0.3438,0.0014,0.3379,0.0013,0.0000,0.0108,0.2080,1,3
cand1398,0.0297,0.0256,122.6686,0.1406,0.0017,0.1621,0.0015,0.3301,0.0011,0.4004,0.0006,0.2583,1,4
cand1399,0.0250,0.0846,133.3798,0.5996,0.0006,0.5938,0.0006,0.5059,0.0006,0.1172,0.0013,0.4541,0,4
cand1400,0.0111,0.0284,-12.4105,0.0664,0.0027,0.0977,0.0015,0.2012,0.0011,0.2500,0.0009,0.1538,1,4
cand1401,-0.0473,0.0490,-35.5640,0.2812,0.0013,0.0703,0.0029,0.0000,0.0177,0.0000,0.0287,0.0879,1,2
cand1402,-0.0447,0.0106,51.0819,0.0762,0.0010,0.0000,0.0194,0.0000,0.0248,0.0000,0.0219,0.0190,1,1
cand1403,-0.0440,0.0430,-68.1704,0.0664,0.0037,0.1016,0.0035,0.0000,0.0141,0.0000,0.0257,0.0420,1,2
cand1404,-0.0489,0.0082,117.7327,0.1211,0.0028,0.0000,0.0310,0.0000,0.0498,0.0000,0.0600,0.0303,1,1
cand1405,0.0311,0.0294,77.7643,0.1367,0.0021,0.1445,0.0011,0.2578,0.0013,0.3633,0.0007,0.2256,1,4
cand1406,-0.0346,0.0802,-135.9526,0.0234,0.0053,0.0000,0.0139,0.0371,0.0017,0.0000,0.0153,0.0151,0,2
cand1407,0.0152,0.1097,158.5064,0.8828,0.0006,0.4727,0.0010,0.1113,0.0029,0.0117,0.0078,0.3696,0,4
cand1408,-0.0411,0.0653,-8.6050,0.4180,0.0008,0.1973,0.0012,0.0078,0.0098,0.0000,0.0248,0.1558,1,3
cand1409,-0.0443,0.0775,2.0571,0.4805,0.0005,0.2598,0.0011,0.0000,0.0127,0.0000,0.0277,0.1851,1,2
cand1410,0.0189,0.0149,-110.4879,0.0000,0.0191,0.0000,0.0121,0.0000,0.0163,0.0000,0.0132,0.0000,1,0
cand1411,0.0285,0.1019,-51.8453,0.0449,0.0032,0.1191,0.0014,0.5078,0.0007,0.8594,0.0008,0.3828,0,4
cand1412,0.0582,0.0241,-112.3098,0.0000,0.0425,0.0000,0.0285,0.0000,0.0114,0.0000,0.0103,0.0000,0,0
cand1413,0.0301,0.0283,163.5499,0.2734,0.0008,0.1406,0.0009,0.0801,0.0015,0.0488,0.0023,0.1357,0,4
cand1414,-0.0448,0.0625,108.8684,0.5273,0.0006,0.0000,0.0114,0.0000,0.0346,0.0000,0.0474,0.1318,1,1
cand1415,0.0315,0.1056,-97.6294,0.4414,0.0007,0.2188,0.0014,0.3125,0.0009,0.6016,0.0004,0.3936,0,4
cand1416,0.0178,0.0143,-127.6129,0.0000,0.0252,0.0000,0.0229,0.0039,0.0089,0.0000,0.0124,0.0010,1,1
cand1417,0.0314,0.0765,99.0065,0.4062,0.0013,0.4258,0.0005,0.5273,0.0005,0.5820,0.0004,0.4854,0,4
cand1418,0.0460,0.0205,77.4559,0.0137,0.0061,0.0586,0.0038,0.1953,0.0008,0.3320,0.0006,0.1499,1,4
cand1419,0.0393,0.0267,-3.8531,0.0020,0.0097,0.0566,0.0013,0.1562,0.0026,0.3047,0.0008,0.1299,1,4
cand1420,-0.0148,0.0108,129.7066,0.2148,0.0013,0.0000,0.0104,0.0000,0.0278,0.0000,0.0320,0.0537,1,1
cand1421,0.0327,0.0012,-35.7875,0.0000,0.0265,0.0000,0.0209,0.0254,0.0049,0.1074,0.0018,0.0332,1,2
cand1422,0.0400,0.1054,-91.7457,0.2910,0.0011,0.2441,0.0009,0.3281,0.0002,0.5918,0.0002,0.3638,0,4
cand1423,0.0547,0.0514,-162.1689,0.2520,0.0012,0.1504,0.0009,0.2129,0.0015,0.1543,0.0018,0.1924,0,4
cand1424,-0.0484,0.0106,18.4799,0.0586,0.0014,0.0000,0.0220,0.0000,0.0289,0.0000,0.0331,0.0146,1,1
cand1425,0.0593,0.0914,167.8005,0.1094,0.0053,0.7051,0.0003,0.6504,0.0002,0.5234,0.0013,0.4971,0,4
cand1426,0.0523,0.0985,112.7914,0.3008,0.0010,0.5723,0.0007,0.6172,0.0009,0.5332,0.0011,0.5059,0,4
cand1427,0.0176,0.0762,160.5427,0.6836,0.0008,0.3848,0.0011,0.1094,0.0019,0.0312,0.0065,0.3022,0,4
cand1428,0.0212,0.0095,11.5067,0.0625,0.0026,0.0391,0.0018,0.1094,0.0016,0.1992,0.0019,0.1025,1,4
cand1429,0.0370,0.0124,-151.9294,0.0000,0.0218,0.0000,0.0302,0.0000,0.0193,0.0098,0.0056,0.0024,0,1
cand1430,0.0434,0.0098,-124.6251,0.0000,0.0400,0.0000,0.0327,0.0000,0.0171,0.0020,0.0093,0.0005,1,1
cand1431,0.0068,0.0622,102.9299,0.4238,0.0013,0.3867,0.0010,0.5176,0.0004,0.2109,0.0004,0.3848,0,4
cand1432,0.0297,0.0082,22.0290,0.0430,0.0024,0.0273,0.0027,0.1074,0.0017,0.2090,0.0013,0.0967,1,4
cand1433,0.0256,0.1088,107.2042,0.6367,0.0007,0.5762,0.0006,0.5605,0.0004,0.2734,0.0013,0.5117,0,4
cand1434,0.0490,0.0361,7.8698,0.0000,0.0105,0.0625,0.0052,0.2031,0.0004,0.3418,0.0014,0.1519,1,3
cand1435,-0.0440,0.0880,33.5293,0.5605,0.0004,0.3516,0.0012,0.1289,0.0014,0.0000,0.0176,0.2603,1,3
cand1436,0.0268,0.1097,114.0643,0.6621,0.0007,0.5977,0.0007,0.5664,0.0005,0.1875,0.0019,0.5034,0,4
cand1437,-0.0252,0.0097,-57.8533,0.0098,0.0064,0.0078,0.0071,0.0117,0.0065,0.0000,0.0110,0.0073,1,3
cand1438,0.0244,0.0043,108.2677,0.0293,0.0050,0.0254,0.0039,0.1309,0.0017,0.3125,0.0012,0.1245,1,4
cand1439,0.0159,0.0913,-57.0559,0.1035,0.0007,0.1309,0.0020,0.5312,0.0010,0.6973,0.0005,0.3657,0,4
cand1440,-0.0144,0.0130,-123.4678,0.0000,0.0145,0.0000,0.0205,0.0000,0.0228,0.0000,0.0174,0.0000,1,0
cand1441,-0.0180,0.0360,-30.9011,0.1211,0.0023,0.1426,0.0017,0.1230,0.0019,0.0859,0.0026,0.1182,1,4
cand1442,0.0009,0.1037,149.8179,0.7441,0.0007,0.3555,0.0005,0.0449,0.0033,0.0137,0.0058,0.2896,0,4
cand1443,-0.0399,0.0190,17.9290,0.1387,0.0019,0.0000,0.0108,0.0000,0.0174,0.0000,0.0221,0.0347,1,1
cand1444,-0.0192,0.0369,179.1374,0.0645,0.0056,0.0000,0.0189,0.0000,0.0161,0.0000,0.0131,0.0161,0,1
cand1445,0.0555,0.0095,58.2815,0.0000,0.0182,0.0000,0.0116,0.1016,0.0012,0.2617,0.0006,0.0908,1,2
cand1446,0.0549,0.0216,28.0833,0.0020,0.0100,0.0410,0.0005,0.1738,0.0012,0.2852,0.0010,0.1255,1,4
cand1447,-0.0003,0.0188,97.2765,0.1816,0.0014,0.1055,0.0015,0.1875,0.0008,0.2695,0.0013,0.1860,1,4
cand1448,0.0448,0.0950,0.6796,0.0508,0.0019,0.2012,0.0014,0.4668,0.0020,0.7598,0.0006,0.3696,0,4
cand1449,-0.0187,0.0418,-25.1929,0.1855,0.0017,0.1855,0.0011,0.1387,0.0016,0.0957,0.0008,0.1514,1,4
cand1450,0.0116,0.0746,1.0118,0.2129,0.0019,0.3379,0.0007,0.4590,0.0009,0.5234,0.0009,0.3833,1,4
cand1451,0.0436,0.0640,150.8838,0.3340,0.0011,0.4902,0.0012,0.4785,0.0006,0.2930,0.0003,0.3989,0,4
cand1452,0.0452,0.0251,-93.9888,0.0000,0.0238,0.0000,0.0117,0.0000,0.0140,0.0000,0.0106,0.0000,1,0
cand1453,0.0134,0.0807,-81.4427,0.0918,0.0009,0.0273,0.0041,0.2754,0.0010,0.6074,0.0004,0.2505,0,4
cand1454,0.0516,0.0444,-48.7878,0.0000,0.0160,0.0000,0.0137,0.0273,0.0072,0.1953,0.0015,0.0557,1,2
cand1455,0.0397,0.0137,178.6004,0.1191,0.0020,0.0000,0.0122,0.0059,0.0081,0.0176,0.0032,0.0356,0,3
cand1456,0.0533,0.0971,-3.4078,0.0176,0.0041,0.1133,0.0012,0.3496,0.0013,0.7520,0.0010,0.3081,0,4
cand1457,0.0473,0.0492,-128.5418,0.0039,0.0084,0.0176,0.0065,0.0254,0.0027,0.0273,0.0064,0.0186,0,4
cand1458,0.0451,0.0640,-109.5252,0.0020,0.0094,0.0430,0.0053,0.0176,0.0075,0.1387,0.0010,0.0503,0,4
cand1459,-0.0221,0.0654,-73.5057,0.0488,0.0035,0.1250,0.0021,0.2734,0.0012,0.0449,0.0071,0.1230,1,4
cand1460,-0.0304,0.0331,-147.8859,0.0059,0.0072,0.0000,0.0117,0.0000,0.0176,0.0000,0.0227,0.0015,0,1
cand1461,0.0234,0.0787,-88.2048,0.1289,0.0011,0.0098,0.0071,0.1211,0.0028,0.4766,0.0007,0.1841,0,4
cand1462,0.0392,0.1004,147.8779,0.6562,0.0005,0.7578,0.0009,0.5273,0.0011,0.1484,0.0022,0.5225,0,4
cand1463,0.0231,0.0490,-159.6473,0.2031,0.0012,0.0586,0.0042,0.0156,0.0066,0.0176,0.0063,0.0737,0,4
cand1464,0.0577,0.0885,-90.3769,0.0000,0.0205,0.1484,0.0019,0.1855,0.0017,0.3672,0.0011,0.1753,0,3
cand1465,0.0380,0.0063,174.9029,0.0820,0.0013,0.0000,0.0158,0.0000,0.0134,0.0098,0.0075,0.0229,1,2
cand1466,-0.0365,0.0114,121.2662,0.2305,0.0008,0.0000,0.0222,0.0000,0.0405,0.0000,0.0492,0.0576,1,1
cand1467,-0.0424,0.0353,-100.6108,0.0000,0.0135,0.0000,0.0132,0.0000,0.0112,0.0000,0.0157,0.0000,1,0
cand1468,-0.0231,0.0408,35.5693,0.2734,0.0004,0.1660,0.0010,0.1387,0.0025,0.1055,0.0023,0.1709,1,4
cand1469,0.0078,0.1082,143.1945,0.7852,0.0009,0.5059,0.0004,0.1035,0.0011,0.0254,0.0058,0.3550,0,4
cand1470,-0.0057,0.0700,94.2424,0.4629,0.0009,0.4180,0.0009,0.5254,0.0008,0.0078,0.0093,0.3535,0,4
cand1471,-0.0382,0.0682,81.8764,0.4648,0.0009,0.3633,0.0007,0.0430,0.0077,0.0000,0.0296,0.2178,1,3
cand1472,0.0261,0.0035,160.4196,0.1035,0.0022,0.0000,0.0107,0.0000,0.0153,0.0000,0.0105,0.0259,1,1
cand1473,-0.0499,0.0105,-101.3642,0.0000,0.0206,0.0000,0.0332,0.0000,0.0319,0.0000,0.0277,0.0000,1,0
cand1474,0.0221,0.0552,-173.1602,0.3398,0.0007,0.1426,0.0014,0.0195,0.0050,0.0352,0.0031,0.1343,0,4
cand1475,-0.0160,0.0218,68.0598,0.1914,0.0009,0.0820,0.0016,0.0957,0.0012,0.1680,0.0006,0.1343,1,4
cand1476,0.0454,0.0928,-127.7764,0.3457,0.0004,0.3359,0.0008,0.2363,0.0013,0.3750,0.0010,0.3232,0,4
cand1477,-0.0130,0.0143,128.2721,0.2188,0.0007,0.0273,0.0063,0.0000,0.0242,0.0000,0.0291,0.0615,1,2
cand1478,0.0477,0.0842,65.6617,0.1875,0.0015,0.3848,0.0011,0.4629,0.0004,0.5605,0.0004,0.3989,0,4
cand1479,0.0079,0.0999,-147.3343,0.5312,0.0005,0.0898,0.0031,0.1406,0.0016,0.1895,0.0006,0.2378,0,4
cand1480,0.0427,0.0457,49.2134,0.1035,0.0016,0.1973,0.0010,0.3223,0.0011,0.4180,0.0009,0.2603,1,4
cand1481,0.0250,0.0463,-126.4132,0.0527,0.0039,0.0078,0.0071,0.0000,0.0103,0.0078,0.0076,0.0171,0,3
cand1482,0.0254,0.0557,-17.7356,0.0605,0.0019,0.1484,0.0016,0.3242,0.0008,0.4590,0.0005,0.2480,1,4
cand1483,0.0450,0.0989,-102.8257,0.2305,0.0012,0.2637,0.0014,0.2598,0.0006,0.4883,0.0005,0.3105,0,4
cand1484,0.0015,0.0195,27.9285,0.1543,0.0023,0.0938,0.0018,0.1309,0.0010,0.1797,0.0018,0.1396,1,4
cand1485,0.0009,0.0769,147.9748,0.6543,0.0003,0.3145,0.0004,0.0527,0.0038,0.0273,0.0043,0.2622,0,4
cand1486,-0.0003,0.1057,-91.5059,0.3164,0.0011,0.2148,0.0016,0.5000,0.0007,0.3984,0.0009,0.3574,0,4
cand1487,0.0436,0.0677,-52.7246,0.0000,0.0139,0.0059,0.0089,0.1250,0.0017,0.4629,0.0012,0.1484,0,3
cand1488,-0.0395,0.0603,138.4209,0.2402,0.0020,0.0000,0.0174,0.0000,0.0267,0.0000,0.0293,0.0601,0,1
cand1489,0.0068,0.0241,-33.2583,0.0273,0.0032,0.0391,0.0050,0.1484,0.0007,0.2246,0.0014,0.1099,1,4
cand1490,0.0583,0.0767,142.1347,0.1055,0.0044,0.4492,0.0005,0.6895,0.0005,0.5234,0.0008,0.4419,0,4
cand1491,-0.0496,0.0045,26.0024,0.0273,0.0022,0.0000,0.0269,0.0000,0.0337,0.0000,0.0346,0.0068,1,1
cand1492,-0.0167,0.0897,57.0151,0.5195,0.0007,0.5078,0.0013,0.4766,0.0009,0.2383,0.0012,0.4355,0,4
cand1493,-0.0047,0.0658,110.9404,0.4746,0.0006,0.4336,0.0008,0.3574,0.0006,0.0000,0.0117,0.3164,0,3
cand1494,0.0113,0.0068,-48.6315,0.0000,0.0179,0.0000,0.0152,0.0332,0.0067,0.1250,0.0013,0.0396,1,2
cand1495,-0.0023,0.0332,22.4591,0.2227,0.0016,0.1660,0.0011,0.1895,0.0011,0.2207,0.0006,0.1997,1,4
cand1496,0.0275,0.0703,-60.4366,0.0000,0.0113,0.0234,0.0056,0.1855,0.0025,0.5898,0.0009,0.1997,0,3
cand1497,0.0388,0.0631,-3.0739,0.0488,0.0034,0.1426,0.0013,0.3398,0.0009,0.5391,0.0010,0.2676,0,4
cand1498,-0.0295,0.1046,-129.3353,0.2422,0.0014,0.0664,0.0025,0.2285,0.0008,0.0000,0.0154,0.1343,0,3
cand1499,-0.0141,0.0710,82.9560,0.4590,0.0009,0.4102,0.0014,0.4355,0.0005,0.0156,0.0081,0.3301,1,4
cand1500,-0.0363,0.1012,168.6689,0.1250,0.0032,0.0273,0.0038,0.0000,0.0135,0.0000,0.0164,0.0381,0,2
cand1501,0.0436,0.0699,16.0333,0.0801,0.0026,0.2012,0.0014,0.3770,0.0010,0.5957,0.0005,0.3135,0,4
cand1502,0.0552,0.0769,139.5022,0.1855,0.0027,0.4688,0.0011,0.6777,0.0009,0.5117,0.0009,0.4609,0,4
cand1503,0.0270,0.0017,-94.1543,0.0000,0.0144,0.0000,0.0253,0.0000,0.0202,0.0020,0.0098,0.0005,1,1
cand1504,0.0190,0.0923,79.5702,0.4883,0.0012,0.4766,0.0007,0.5586,0.0006,0.5801,0.0006,0.5259,0,4
cand1505,0.0136,0.0127,21.2013,0.0840,0.0023,0.0508,0.0007,0.1191,0.0012,0.1934,0.0007,0.1118,1,4
cand1506,-0.0121,0.0608,10.8093,0.3262,0.0016,0.2988,0.0008,0.3027,0.0017,0.2656,0.0014,0.2983,1,4
cand1507,0.0364,0.0946,-179.4948,0.7324,0.0004,0.5020,0.0007,0.3145,0.0020,0.1387,0.0008,0.4219,0,4
cand1508,0.0009,0.0753,-52.2705,0.0312,0.0041,0.1738,0.0025,0.4863,0.0006,0.4355,0.0010,0.2817,0,4
cand1509,0.0370,0.0008,-120.6499,0.0000,0.0427,0.0000,0.0342,0.0000,0.0116,0.0000,0.0130,0.0000,1,0
cand1510,0.0098,0.0067,61.2002,0.0684,0.0027,0.0254,0.0026,0.0801,0.0021,0.1777,0.0008,0.0879,1,4
cand1511,0.0515,0.0918,72.0255,0.1875,0.0016,0.4082,0.0007,0.5020,0.0017,0.5527,0.0008,0.4126,0,4
cand1512,0.0505,0.0795,71.2700,0.1602,0.0011,0.3594,0.0011,0.4648,0.0006,0.5547,0.0004,0.3848,0,4
cand1513,-0.0496,0.0209,62.9253,0.1387,0.0012,0.0000,0.0130,0.0000,0.0167,0.0000,0.0188,0.0347,1,1
cand1514,0.0365,0.1064,100.7963,0.5195,0.0004,0.5723,0.0009,0.5703,0.0002,0.5117,0.0003,0.5435,0,4
cand1515,-0.0206,0.0392,107.1337,0.3359,0.0009,0.2832,0.0006,0.0000,0.0109,0.0000,0.0265,0.1548,1,2
cand1516,0.0087,0.0264,-60.4811,0.0000,0.0140,0.0078,0.0075,0.0840,0.0005,0.2188,0.0005,0.0776,1,3
cand1517,-0.0121,0.0519,174.7982,0.2148,0.0009,0.0000,0.0114,0.0059,0.0076,0.0000,0.0122,0.0552,0,2
cand1518,-0.0092,0.0297,-38.9189,0.0273,0.0082,0.0859,0.0028,0.1465,0.0011,0.1465,0.0015,0.1016,1,4
cand1519,0.0392,0.0085,91.1312,0.0039,0.0094,0.0137,0.0054,0.1367,0.0021,0.2754,0.0006,0.1074,1,4
cand1520,0.0486,0.0360,162.0979,0.1094,0.0021,0.2988,0.0007,0.2754,0.0007,0.2617,0.0009,0.2363,0,4
cand1521,0.0485,0.1071,166.0548,0.5703,0.0005,0.7793,0.0011,0.6191,0.0003,0.2676,0.0021,0.5591,0,4
cand1522,-0.0151,0.1032,-103.8711,0.2754,0.0006,0.2129,0.0017,0.4258,0.0013,0.0430,0.0055,0.2393,0,4
cand1523,0.0185,0.0658,-79.4797,0.0098,0.0081,0.0000,0.0100,0.0918,0.0024,0.4785,0.0014,0.1450,0,3
cand1524,0.0410,0.0082,151.4895,0.0098,0.0079,0.0918,0.0016,0.1387,0.0006,0.1328,0.0014,0.0933,1,4
cand1525,-0.0393,0.1022,-154.2629,0.0781,0.0032,0.0000,0.0150,0.0156,0.0066,0.0000,0.0261,0.0234,0,2
cand1526,0.0306,0.0163,-135.4219,0.0000,0.0254,0.0000,0.0284,0.0000,0.0136,0.0059,0.0085,0.0015,1,1
cand1527,-0.0117,0.0124,-168.5820,0.0000,0.0172,0.0000,0.0333,0.0000,0.0249,0.0000,0.0138,0.0000,1,0
cand1528,-0.0387,0.0092,154.7192,0.0000,0.0205,0.0000,0.0468,0.0000,0.0500,0.0000,0.0423,0.0000,1,0
cand1529,0.0540,0.0254,55.2370,0.0137,0.0045,0.0527,0.0018,0.2031,0.0015,0.3320,0.0012,0.1504,1,4
cand1530,-0.0416,0.0498,40.1206,0.3125,0.0014,0.1445,0.0022,0.0215,0.0056,0.0098,0.0071,0.1221,1,4
cand1531,0.0380,0.0978,-149.5420,0.5430,0.0004,0.4258,0.0005,0.2734,0.0018,0.3105,0.0013,0.3882,0,4
cand1532,0.0089,0.0890,-87.2403,0.1660,0.0013,0.0625,0.0024,0.3320,0.0019,0.6504,0.0001,0.3027,0,4
cand1533,-0.0258,0.1072,70.9055,0.5781,0.0009,0.5957,0.0002,0.3359,0.0007,0.0000,0.0190,0.3774,0,3
cand1534,-0.0323,0.0224,34.7317,0.1699,0.0002,0.0234,0.0032,0.0000,0.0105,0.0000,0.0115,0.0483,1,2
cand1535,0.0361,0.1049,20.8560,0.1641,0.0023,0.3594,0.0015,0.5703,0.0007,0.7480,0.0003,0.4604,0,4
cand1536,-0.0230,0.0277,176.1239,0.0078,0.0076,0.0000,0.0266,0.0000,0.0226,0.0000,0.0174,0.0020,1,1
cand1537,0.0490,0.0615,-2.3193,0.0273,0.0074,0.0859,0.0018,0.2773,0.0014,0.4863,0.0012,0.2192,0,4
cand1538,-0.0288,0.0501,78.2683,0.3477,0.0009,0.2500,0.0007,0.2188,0.0021,0.0000,0.0132,0.2041,1,3
cand1539,-0.0256,0.0383,-58.6012,0.0605,0.0016,0.0801,0.0038,0.0918,0.0015,0.0156,0.0068,0.0620,1,4
cand1540,-0.0436,0.0725,-100.6251,0.0586,0.0041,0.0820,0.0031,0.0312,0.0069,0.0000,0.0251,0.0430,1,3
cand1541,0.0497,0.1087,-163.1283,0.6602,0.0004,0.5977,0.0006,0.5918,0.0011,0.4434,0.0005,0.5732,0,4
cand1542,0.0390,0.0318,4.7573,0.0488,0.0040,0.0820,0.0018,0.2031,0.0002,0.3301,0.0005,0.1660,1,4
cand1543,0.0285,0.0763,55.2109,0.2832,0.0006,0.3789,0.0009,0.4805,0.0006,0.6055,0.0008,0.4370,0,4
cand1544,-0.0233,0.0039,121.2238,0.1406,0.0013,0.0000,0.0120,0.0000,0.0295,0.0000,0.0388,0.0352,1,1
cand1545,-0.0077,0.0953,69.0884,0.5059,0.0015,0.5469,0.0009,0.5527,0.0011,0.2715,0.0014,0.4692,0,4
cand1546,-0.0128,0.0352,-28.3065,0.1113,0.0021,0.1367,0.0010,0.1523,0.0005,0.1387,0.0014,0.1348,1,4
cand1547,0.0179,0.0610,97.3328,0.3711,0.0010,0.3613,0.0009,0.4570,0.0005,0.5762,0.0006,0.4414,0,4
cand1548,0.0373,0.0352,-81.2972,0.0039,0.0084,0.0000,0.0163,0.0000,0.0142,0.0312,0.0021,0.0088,1,2
cand1549,0.0065,0.0231,-1.6770,0.0840,0.0028,0.1113,0.0008,0.1621,0.0010,0.2070,0.0004,0.1411,1,4
cand1550,0.0104,0.0232,31.9253,0.1426,0.0015,0.1230,0.0018,0.1660,0.0012,0.2461,0.0011,0.1694,1,4
cand1551,0.0205,0.0125,117.0638,0.0918,0.0021,0.0840,0.0017,0.2285,0.0006,0.3340,0.0014,0.1846,1,4
cand1552,0.0016,0.0398,20.9268,0.2070,0.0014,0.1992,0.0010,0.2363,0.0011,0.2793,0.0017,0.2305,1,4
cand1553,-0.0373,0.0548,-141.4899,0.0059,0.0095,0.0000,0.0126,0.0000,0.0174,0.0000,0.0180,0.0015,0,1
cand1554,-0.0390,0.0985,31.6508,0.6582,0.0007,0.4668,0.0006,0.2344,0.0009,0.0000,0.0154,0.3398,0,3
cand1555,0.0314,0.0164,-159.2933,0.0000,0.0120,0.0000,0.0235,0.0000,0.0178,0.0117,0.0057,0.0029,0,1
cand1556,0.0008,0.0341,-149.7463,0.0273,0.0052,0.0000,0.0133,0.0000,0.0125,0.0000,0.0115,0.0068,0,1
cand1557,-0.0309,0.0650,-152.0621,0.0273,0.0047,0.0000,0.0122,0.0000,0.0130,0.0000,0.0144,0.0068,0,1
cand1558,0.0537,0.0012,-47.9209,0.0000,0.0364,0.0000,0.0326,0.0000,0.0149,0.0215,0.0061,0.0054,1,1
cand1559,-0.0051,0.0214,75.3952,0.1895,0.0015,0.1074,0.0018,0.1465,0.0016,0.2383,0.0007,0.1704,1,4
cand1560,0.0547,0.0361,-151.2835,0.0391,0.0019,0.0000,0.0102,0.0742,0.0010,0.0684,0.0034,0.0454,0,3
cand1561,-0.0173,0.0143,125.3363,0.2207,0.0011,0.0215,0.0074,0.0000,0.0253,0.0000,0.0325,0.0605,1,2
cand1562,-0.0185,0.0661,-87.8933,0.0195,0.0039,0.0312,0.0057,0.2285,0.0007,0.1211,0.0033,0.1001,0,4
cand1563,-0.0458,0.0574,93.1855,0.4277,0.0011,0.2051,0.0010,0.0000,0.0231,0.0000,0.0439,0.1582,1,2
cand1564,0.0427,0.0330,-153.6615,0.0449,0.0025,0.0000,0.0105,0.0098,0.0068,0.0254,0.0044,0.0200,0,3
cand1565,-0.0211,0.0531,142.7572,0.4375,0.0008,0.0098,0.0087,0.0000,0.0178,0.0000,0.0160,0.1118,1,2
cand1566,0.0411,0.0202,17.1553,0.0391,0.0058,0.0664,0.0031,0.1875,0.0009,0.2812,0.0013,0.1436,1,4
cand1567,0.0115,0.0422,28.7144,0.2012,0.0013,0.2148,0.0013,0.2832,0.0012,0.3457,0.0007,0.2612,1,4
cand1568,0.0525,0.0118,158.0661,0.0000,0.0138,0.0664,0.0028,0.1816,0.0009,0.1875,0.0010,0.1089,1,3
cand1569,0.0091,0.0796,-53.5885,0.0234,0.0064,0.1387,0.0018,0.5137,0.0009,0.5488,0.0006,0.3062,0,4
cand1570,-0.0446,0.0223,-113.4078,0.0000,0.0167,0.0000,0.0274,0.0000,0.0273,0.0000,0.0235,0.0000,1,0
cand1571,0.0034,0.0532,41.6992,0.2930,0.0009,0.2734,0.0008,0.3281,0.0005,0.3965,0.0009,0.3228,1,4
cand1572,0.0097,0.0988,116.6118,0.6367,0.0007,0.5762,0.0005,0.5176,0.0008,0.0488,0.0030,0.4448,0,4
cand1573,0.0418,0.0698,168.6243,0.4941,0.0009,0.4570,0.0009,0.3516,0.0017,0.1562,0.0037,0.3647,0,4
cand1574,0.0592,0.0002,0.2586,0.0000,0.0308,0.0000,0.0173,0.0508,0.0027,0.1230,0.0028,0.0435,1,2
cand1575,-0.0304,0.1016,-89.1294,0.3223,0.0019,0.3770,0.0010,0.2207,0.0017,0.0000,0.0237,0.2300,1,3
cand1576,0.0415,0.0434,-154.9126,0.1406,0.0013,0.0391,0.0022,0.0391,0.0048,0.0430,0.0027,0.0654,0,4
cand1577,-0.0016,0.0734,45.0290,0.3926,0.0008,0.3867,0.0005,0.4473,0.0013,0.4590,0.0011,0.4214,1,4
cand1578,0.0054,0.0185,176.3659,0.0625,0.0011,0.0000,0.0202,0.0000,0.0216,0.0000,0.0115,0.0156,0,1
cand1579,0.0243,0.0746,-122.0384,0.2676,0.0007,0.0410,0.0055,0.0332,0.0053,0.2324,0.0016,0.1436,0,4
cand1580,0.0459,0.0250,6.1803,0.0078,0.0091,0.0605,0.0042,0.1602,0.0011,0.2930,0.0008,0.1304,1,4
cand1581,-0.0433,0.0692,62.1978,0.4531,0.0005,0.2969,0.0008,0.1270,0.0003,0.0000,0.0203,0.2192,1,3
cand1582,0.0478,0.0774,120.5732,0.2871,0.0014,0.4590,0.0006,0.5801,0.0002,0.5801,0.0004,0.4766,0,4
cand1583,-0.0145,0.1031,-109.6139,0.2754,0.0009,0.1895,0.0022,0.3633,0.0013,0.0742,0.0045,0.2256,0,4
cand1584,-0.0477,0.0809,109.1150,0.5781,0.0008,0.0000,0.0134,0.0000,0.0367,0.0000,0.0461,0.1445,0,1
cand1585,0.0435,0.0213,145.1810,0.0352,0.0039,0.1289,0.0015,0.3281,0.0009,0.2656,0.0005,0.1895,1,4
cand1586,0.0199,0.0076,159.9486,0.1758,0.0011,0.0000,0.0121,0.0000,0.0158,0.0000,0.0119,0.0439,1,1
cand1587,-0.0117,0.0206,-39.3593,0.0371,0.0063,0.0625,0.0030,0.0840,0.0019,0.0879,0.0017,0.0679,1,4
cand1588,0.0310,0.0630,115.1394,0.3633,0.0010,0.3730,0.0010,0.5117,0.0004,0.5293,0.0005,0.4443,0,4
cand1589,0.0132,0.0965,-95.2336,0.2793,0.0015,0.1133,0.0028,0.3242,0.0015,0.6191,0.0006,0.3340,0,4
cand1590,-0.0018,0.0578,-139.2997,0.0898,0.0031,0.0000,0.0102,0.0000,0.0136,0.0000,0.0101,0.0225,0,1
cand1591,0.0269,0.0736,-72.0600,0.0195,0.0065,0.0020,0.0096,0.1504,0.0031,0.5566,0.0014,0.1821,0,4
cand1592,0.0022,0.1062,66.4219,0.5078,0.0004,0.5430,0.0011,0.6172,0.0005,0.3906,0.0013,0.5146,0,4
cand1593,0.0191,0.0443,2.1635,0.1094,0.0026,0.1758,0.0014,0.2832,0.0008,0.3711,0.0010,0.2349,1,4
cand1594,0.0517,0.0721,110.7898,0.2031,0.0011,0.3770,0.0011,0.5215,0.0009,0.6055,0.0003,0.4268,0,4
cand1595,0.0228,0.0075,-119.4555,0.0000,0.0291,0.0000,0.0197,0.0000,0.0147,0.0000,0.0157,0.0000,1,0
cand1596,-0.0439,0.0239,-159.7519,0.0000,0.0137,0.0000,0.0202,0.0000,0.0204,0.0000,0.0315,0.0000,1,0
cand1597,0.0381,0.1043,-97.4310,0.3535,0.0002,0.2461,0.0009,0.3242,0.0015,0.5703,0.0005,0.3735,0,4
cand1598,-0.0372,0.0470,-3.6519,0.2969,0.0004,0.1250,0.0013,0.0117,0.0063,0.0000,0.0186,0.1084,1,3
cand1599,0.0363,0.0440,122.8019,0.2109,0.0010,0.2734,0.0009,0.4277,0.0007,0.5078,0.0004,0.3550,0,4
cand1600,0.0556,0.0419,161.6269,0.0469,0.0051,0.2910,0.0005,0.3574,0.0008,0.3418,0.0012,0.2593,1,4
cand1601,-0.0058,0.0835,73.3381,0.4727,0.0008,0.4785,0.0009,0.5391,0.0004,0.3008,0.0014,0.4478,1,4
cand1602,-0.0199,0.0044,-75.7122,0.0000,0.0175,0.0000,0.0221,0.0000,0.0121,0.0195,0.0030,0.0049,1,1
cand1603,-0.0377,0.0646,-173.7245,0.0391,0.0026,0.0000,0.0117,0.0078,0.0082,0.0000,0.0197,0.0117,0,2
cand1604,0.0270,0.0618,-12.9571,0.0527,0.0038,0.1602,0.0016,0.3633,0.0008,0.5039,0.0005,0.2700,1,4
cand1605,0.0570,0.0899,-176.0156,0.4473,0.0032,0.5625,0.0003,0.5312,0.0004,0.4062,0.0010,0.4868,0,4
cand1606,-0.0441,0.0681,83.7792,0.4785,0.0010,0.3145,0.0008,0.0000,0.0144,0.0000,0.0366,0.1982,1,2
cand1607,0.0242,0.0132,80.1952,0.0605,0.0035,0.0508,0.0007,0.1562,0.0012,0.2754,0.0008,0.1357,1,4
cand1608,0.0416,0.0695,96.1230,0.2754,0.0011,0.3652,0.0011,0.4805,0.0008,0.5547,0.0014,0.4189,0,4
cand1609,-0.0051,0.0199,99.2399,0.1934,0.0005,0.1172,0.0012,0.2168,0.0012,0.0879,0.0048,0.1538,1,4
cand1610,-0.0390,0.0138,99.6305,0.1523,0.0009,0.0508,0.0041,0.0000,0.0216,0.0000,0.0369,0.0508,1,2
cand1611,-0.0478,0.0186,52.5030,0.1191,0.0021,0.0000,0.0138,0.0000,0.0224,0.0000,0.0179,0.0298,1,1
cand1612,0.0071,0.0789,-68.4163,0.0410,0.0042,0.0547,0.0014,0.4238,0.0013,0.5391,0.0006,0.2646,0,4
cand1613,0.0394,0.0781,14.6481,0.1074,0.0044,0.2578,0.0007,0.4219,0.0011,0.6445,0.0006,0.3579,0,4
cand1614,-0.0300,0.0386,-107.8461,0.0000,0.0138,0.0000,0.0144,0.0039,0.0090,0.0293,0.0051,0.0083,1,2
cand1615,0.0176,0.0904,-89.5603,0.2324,0.0008,0.0566,0.0039,0.2812,0.0015,0.6113,0.0007,0.2954,0,4
cand1616,0.0517,0.0653,113.1705,0.1797,0.0008,0.3340,0.0015,0.5020,0.0009,0.6074,0.0004,0.4058,1,4
cand1617,0.0211,0.0301,154.3860,0.3145,0.0010,0.2012,0.0009,0.0723,0.0023,0.0352,0.0042,0.1558,0,4
cand1618,0.0510,0.0456,93.0818,0.0879,0.0015,0.1973,0.0010,0.3457,0.0006,0.4844,0.0006,0.2788,1,4
cand1619,0.0379,0.0640,1.8450,0.0742,0.0023,0.1582,0.0011,0.3418,0.0012,0.5352,0.0012,0.2773,0,4
cand1620,-0.0057,0.0607,-69.4762,0.0098,0.0062,0.0820,0.0023,0.3203,0.0010,0.3086,0.0012,0.1802,0,4
cand1621,-0.0261,0.0648,-164.2700,0.0430,0.0023,0.0020,0.0087,0.0039,0.0089,0.0000,0.0139,0.0122,0,3
cand1622,0.0059,0.0921,-169.4281,0.5195,0.0003,0.1309,0.0048,0.0410,0.0065,0.0059,0.0086,0.1743,0,4
cand1623,0.0419,0.1057,-145.4171,0.5723,0.0006,0.4824,0.0001,0.3613,0.0005,0.4121,0.0006,0.4570,0,4
cand1624,-0.0420,0.0033,29.4736,0.0352,0.0029,0.0000,0.0229,0.0000,0.0283,0.0000,0.0277,0.0088,1,1
cand1625,-0.0054,0.0741,-114.0403,0.0645,0.0036,0.0059,0.0086,0.0625,0.0041,0.2910,0.0005,0.1060,0,4
cand1626,0.0269,0.0467,161.7445,0.4395,0.0006,0.2676,0.0007,0.1797,0.0013,0.0547,0.0062,0.2354,0,4
cand1627,0.0259,0.0643,11.5859,0.1328,0.0029,0.2617,0.0012,0.4082,0.0009,0.5234,0.0004,0.3315,1,4
cand1628,-0.0044,0.0121,109.0822,0.1504,0.0012,0.0742,0.0009,0.1855,0.0016,0.0000,0.0120,0.1025,1,3
cand1629,0.0213,0.0226,-166.0013,0.0332,0.0037,0.0000,0.0173,0.0000,0.0143,0.0137,0.0045,0.0117,0,2
cand1630,-0.0384,0.0016,167.5166,0.0000,0.0295,0.0000,0.0528,0.0000,0.0484,0.0000,0.0392,0.0000,1,0
cand1631,0.0147,0.0457,-45.9234,0.0176,0.0041,0.0430,0.0043,0.2148,0.0009,0.3848,0.0011,0.1650,1,4
cand1632,0.0402,0.0512,155.0477,0.2969,0.0011,0.4258,0.0007,0.3594,0.0007,0.2402,0.0028,0.3306,0,4
cand1633,0.0218,0.0235,138.1181,0.1855,0.0013,0.2266,0.0006,0.1992,0.0013,0.0898,0.0017,0.1753,0,4
cand1634,0.0313,0.0228,40.4790,0.0859,0.0014,0.0977,0.0022,0.1953,0.0012,0.2930,0.0007,0.1680,1,4
cand1635,0.0079,0.0188,3.5441,0.0840,0.0020,0.0879,0.0018,0.1328,0.0004,0.1953,0.0011,0.1250,1,4
cand1636,0.0479,0.0900,137.3536,0.4023,0.0010,0.6055,0.0011,0.6816,0.0009,0.3906,0.0013,0.5200,0,4
cand1637,0.0575,0.1097,93.0281,0.1836,0.0018,0.5254,0.0006,0.5723,0.0010,0.4902,0.0006,0.4429,0,4
cand1638,0.0580,0.0154,-18.0791,0.0000,0.0300,0.0000,0.0181,0.0488,0.0038,0.1426,0.0008,0.0479,1,2
cand1639,-0.0360,0.0488,-162.1014,0.0000,0.0102,0.0000,0.0157,0.0000,0.0109,0.0000,0.0221,0.0000,0,0
cand1640,-0.0478,0.0554,-30.8165,0.3379,0.0015,0.0879,0.0005,0.0000,0.0161,0.0000,0.0309,0.1064,1,2
cand1641,0.0358,0.0219,-132.7621,0.0000,0.0242,0.0000,0.0256,0.0000,0.0109,0.0020,0.0096,0.0005,0,1
cand1642,-0.0360,0.0724,-115.7256,0.0215,0.0042,0.0117,0.0063,0.1094,0.0021,0.0000,0.0153,0.0356,1,3
cand1643,-0.0193,0.0752,-4.6040,0.4199,0.0003,0.3633,0.0012,0.3047,0.0010,0.1738,0.0048,0.3154,1,4
cand1644,-0.0202,0.0566,-126.0754,0.0098,0.0066,0.0000,0.0114,0.0059,0.0080,0.0762,0.0032,0.0229,0,3
cand1645,-0.0149,0.0895,138.0519,0.6348,0.0006,0.2266,0.0008,0.0195,0.0048,0.0000,0.0100,0.2202,0,3
cand1646,0.0544,0.0409,-83.7381,0.0000,0.0180,0.0000,0.0148,0.0000,0.0137,0.0176,0.0034,0.0044,0,1
cand1647,-0.0460,0.0684,-60.6399,0.3711,0.0010,0.2051,0.0010,0.0000,0.0145,0.0000,0.0316,0.1440,1,2
cand1648,-0.0452,0.0591,-118.3488,0.0000,0.0119,0.0020,0.0099,0.0059,0.0088,0.0000,0.0204,0.0020,1,2
cand1649,-0.0325,0.0054,147.4344,0.0000,0.0147,0.0000,0.0426,0.0000,0.0499,0.0000,0.0450,0.0000,1,0
cand1650,0.0100,0.0139,-126.9928,0.0000,0.0226,0.0000,0.0183,0.0000,0.0147,0.0000,0.0137,0.0000,1,0
cand1651,0.0532,0.0083,42.2997,0.0000,0.0118,0.0020,0.0097,0.1035,0.0018,0.2441,0.0013,0.0874,1,3
cand1652,-0.0467,0.0420,159.2585,0.0059,0.0082,0.0000,0.0299,0.0000,0.0322,0.0000,0.0216,0.0015,0,1
cand1653,-0.0096,0.0489,-154.4818,0.0469,0.0032,0.0078,0.0072,0.0000,0.0109,0.0000,0.0119,0.0137,0,2
cand1654,-0.0421,0.0631,163.4243,0.0566,0.0040,0.0000,0.0150,0.0000,0.0195,0.0000,0.0106,0.0142,0,1
cand1655,0.0454,0.0716,172.2831,0.4824,0.0005,0.4570,0.0007,0.3789,0.0012,0.1758,0.0033,0.3735,0,4
cand1656,-0.0025,0.1054,8.6830,0.4219,0.0010,0.6094,0.0011,0.6738,0.0007,0.5176,0.0008,0.5557,0,4
cand1657,-0.0430,0.0511,168.0527,0.0098,0.0091,0.0000,0.0194,0.0000,0.0224,0.0000,0.0121,0.0024,0,1
cand1658,-0.0042,0.1084,-39.9874,0.3184,0.0010,0.6133,0.0006,0.6875,0.0004,0.2520,0.0031,0.4678,0,4
cand1659,-0.0322,0.0280,-93.7090,0.0000,0.0143,0.0000,0.0143,0.0078,0.0073,0.0078,0.0067,0.0039,1,2
cand1660,0.0141,0.0175,-50.9796,0.0000,0.0132,0.0059,0.0086,0.0508,0.0022,0.1934,0.0012,0.0625,1,3
cand1661,0.0568,0.0127,54.9045,0.0000,0.0159,0.0039,0.0092,0.1289,0.0016,0.2852,0.0007,0.1045,1,3
cand1662,-0.0251,0.0446,-151.9804,0.0059,0.0090,0.0000,0.0151,0.0000,0.0128,0.0000,0.0164,0.0015,0,1
cand1663,0.0330,0.0934,93.0423,0.4512,0.0007,0.4922,0.0006,0.5527,0.0006,0.5684,0.0004,0.5161,0,4
cand1664,-0.0138,0.0595,-67.0831,0.0254,0.0064,0.0820,0.0027,0.2656,0.0008,0.1973,0.0015,0.1426,1,4
cand1665,0.0577,0.0470,114.6167,0.0215,0.0057,0.1855,0.0015,0.3691,0.0002,0.5566,0.0010,0.2832,1,4
cand1666,-0.0401,0.1042,138.6735,0.2910,0.0016,0.0195,0.0049,0.0000,0.0145,0.0000,0.0107,0.0776,0,2
cand1667,0.0260,0.0530,64.6229,0.2441,0.0011,0.2852,0.0014,0.3672,0.0005,0.4844,0.0009,0.3452,1,4
cand1668,0.0419,0.0147,62.9296,0.0176,0.0057,0.0293,0.0034,0.1602,0.0010,0.2734,0.0013,0.1201,1,4
cand1669,0.0108,0.0697,-86.2734,0.0312,0.0041,0.0059,0.0075,0.1309,0.0020,0.4727,0.0004,0.1602,0,4
cand1670,0.0506,0.0560,26.6101,0.0742,0.0024,0.1309,0.0009,0.3066,0.0010,0.4629,0.0005,0.2437,1,4
cand1671,0.0159,0.0227,-123.8866,0.0000,0.0187,0.0000,0.0170,0.0000,0.0145,0.0000,0.0114,0.0000,1,0
cand1672,0.0191,0.0220,-126.5968,0.0000,0.0205,0.0000,0.0184,0.0059,0.0090,0.0000,0.0134,0.0015,1,1
cand1673,0.0124,0.1063,135.9045,0.7637,0.0009,0.6270,0.0007,0.2363,0.0006,0.0410,0.0045,0.4170,0,4
cand1674,0.0055,0.0785,-99.1706,0.1133,0.0020,0.0117,0.0054,0.1738,0.0014,0.4453,0.0013,0.1860,0,4
cand1675,-0.0247,0.0626,133.7403,0.5527,0.0007,0.0332,0.0060,0.0000,0.0176,0.0000,0.0187,0.1465,0,2
cand1676,0.0542,0.0958,-100.8320,0.0391,0.0044,0.2832,0.0009,0.2637,0.0011,0.4316,0.0007,0.2544,0,4
cand1677,0.0509,0.0229,41.9108,0.0234,0.0045,0.0547,0.0012,0.1914,0.0011,0.3047,0.0003,0.1436,1,4
cand1678,0.0365,0.0308,75.4791,0.1133,0.0024,0.1484,0.0013,0.2500,0.0013,0.3652,0.0009,0.2192,1,4
cand1679,0.0068,0.0720,88.3860,0.4277,0.0007,0.4062,0.0006,0.5059,0.0006,0.5059,0.0013,0.4614,0,4
cand1680,-0.0056,0.0687,47.0258,0.3848,0.0010,0.3516,0.0011,0.4121,0.0008,0.4082,0.0003,0.3892,1,4
cand1681,-0.0316,0.0381,-150.1676,0.0098,0.0056,0.0000,0.0122,0.0000,0.0162,0.0000,0.0224,0.0024,0,1
cand1682,0.0333,0.0631,-43.0642,0.0000,0.0121,0.0273,0.0072,0.2168,0.0021,0.5352,0.0003,0.1948,1,3
cand1683,-0.0466,0.0609,15.0852,0.3613,0.0009,0.1445,0.0013,0.0000,0.0131,0.0000,0.0239,0.1265,1,2
cand1684,0.0005,0.0911,-175.1245,0.5117,0.0008,0.0938,0.0065,0.0430,0.0049,0.0000,0.0126,0.1621,0,3
cand1685,0.0515,0.1071,-126.2047,0.4102,0.0010,0.4648,0.0005,0.3984,0.0014,0.4902,0.0010,0.4409,0,4
cand1686,0.0458,0.0676,147.7366,0.2871,0.0012,0.4824,0.0005,0.5508,0.0009,0.3535,0.0013,0.4185,0,4
cand1687,0.0322,0.0731,101.5588,0.4062,0.0006,0.4082,0.0013,0.5195,0.0007,0.5859,0.0003,0.4800,0,4
cand1688,-0.0190,0.0548,-3.8511,0.3047,0.0008,0.2500,0.0003,0.2031,0.0005,0.1387,0.0023,0.2241,1,4
cand1689,-0.0325,0.0252,-174.2216,0.0000,0.0162,0.0000,0.0262,0.0000,0.0225,0.0000,0.0124,0.0000,1,0
cand1690,0.0472,0.0051,-146.3668,0.0000,0.0342,0.0000,0.0403,0.0000,0.0256,0.0020,0.0096,0.0005,0,1
cand1691,0.0268,0.0952,70.8718,0.4453,0.0007,0.4727,0.0010,0.5508,0.0008,0.6016,0.0006,0.5176,0,4
cand1692,0.0284,0.0411,102.1457,0.2188,0.0003,0.2402,0.0022,0.3594,0.0007,0.5156,0.0008,0.3335,1,4
cand1693,0.0350,0.0396,151.9329,0.2500,0.0008,0.3574,0.0007,0.2773,0.0005,0.1934,0.0030,0.2695,0,4
cand1694,0.0003,0.0740,-35.5858,0.1172,0.0009,0.3047,0.0007,0.4590,0.0012,0.4102,0.0009,0.3228,0,4
cand1695,0.0131,0.0095,-28.5628,0.0020,0.0095,0.0195,0.0067,0.0879,0.0014,0.1719,0.0009,0.0703,1,4
cand1696,0.0339,0.0923,-57.2772,0.0293,0.0054,0.0449,0.0045,0.3125,0.0018,0.7773,0.0010,0.2910,0,4
cand1697,-0.0440,0.0186,-78.1214,0.0117,0.0056,0.0000,0.0132,0.0000,0.0154,0.0000,0.0238,0.0029,1,1
cand1698,0.0044,0.0289,-46.6641,0.0000,0.0124,0.0527,0.0039,0.1172,0.0010,0.2363,0.0007,0.1016,1,3
cand1699,-0.0481,0.0456,70.7116,0.3066,0.0009,0.1172,0.0014,0.0195,0.0083,0.0000,0.0253,0.1108,1,3
cand1700,-0.0006,0.0213,154.9177,0.2656,0.0007,0.0000,0.0131,0.0000,0.0208,0.0000,0.0173,0.0664,1,1
cand1701,-0.0297,0.0955,-111.3628,0.2168,0.0012,0.1035,0.0022,0.2676,0.0014,0.0000,0.0148,0.1470,0,3
cand1702,-0.0334,0.0537,57.7107,0.3477,0.0013,0.2227,0.0003,0.1758,0.0013,0.0801,0.0044,0.2065,1,4
cand1703,-0.0002,0.0559,44.4477,0.3125,0.0007,0.2832,0.0012,0.3398,0.0009,0.4062,0.0005,0.3354,1,4
cand1704,0.0032,0.1053,-125.5245,0.4277,0.0006,0.1523,0.0017,0.2812,0.0013,0.3555,0.0009,0.3042,0,4
cand1705,-0.0070,0.0140,-108.8794,0.0020,0.0098,0.0000,0.0223,0.0000,0.0202,0.0059,0.0090,0.0020,1,2
cand1706,0.0182,0.0953,-52.2818,0.1016,0.0022,0.1738,0.0024,0.5566,0.0009,0.7363,0.0006,0.3921,0,4
cand1707,0.0440,0.0418,75.3472,0.1250,0.0009,0.1875,0.0012,0.3027,0.0011,0.4258,0.0008,0.2603,1,4
cand1708,-0.0378,0.0607,-166.0901,0.0156,0.0082,0.0000,0.0138,0.0039,0.0095,0.0000,0.0220,0.0049,0,2
cand1709,-0.0343,0.0335,-162.3465,0.0000,0.0119,0.0000,0.0217,0.0000,0.0109,0.0000,0.0216,0.0000,0,0
cand1710,0.0460,0.0903,155.4565,0.5059,0.0006,0.7129,0.0013,0.5469,0.0009,0.2422,0.0012,0.5020,0,4
cand1711,-0.0253,0.0491,111.2331,0.3984,0.0007,0.3555,0.0013,0.0000,0.0182,0.0000,0.0313,0.1885,1,2
cand1712,-0.0196,0.0712,-55.7070,0.1680,0.0010,0.3242,0.0023,0.2969,0.0011,0.0527,0.0067,0.2104,1,4
cand1713,-0.0085,0.0743,158.1629,0.4746,0.0008,0.1035,0.0007,0.0195,0.0062,0.0020,0.0087,0.1499,0,4
cand1714,0.0391,0.0383,-155.0822,0.0977,0.0003,0.0195,0.0062,0.0137,0.0076,0.0352,0.0025,0.0415,0,4
cand1715,0.0566,0.0374,78.9640,0.0156,0.0069,0.1211,0.0019,0.2910,0.0005,0.4238,0.0003,0.2129,1,4
cand1716,-0.0437,0.0013,50.9734,0.0273,0.0019,0.0000,0.0250,0.0000,0.0291,0.0000,0.0267,0.0068,1,1
cand1717,0.0451,0.0476,49.4491,0.1055,0.0017,0.1992,0.0007,0.3281,0.0011,0.4297,0.0006,0.2656,1,4
cand1718,0.0273,0.0935,-147.2694,0.5020,0.0004,0.3301,0.0018,0.1465,0.0008,0.2969,0.0007,0.3188,0,4
cand1719,0.0088,0.0487,-57.5073,0.0020,0.0092,0.0586,0.0030,0.1973,0.0011,0.3652,0.0012,0.1558,1,4
cand1720,-0.0092,0.0457,-118.0683,0.0020,0.0092,0.0000,0.0115,0.0000,0.0118,0.0469,0.0021,0.0122,0,2
cand1721,0.0450,0.0318,-36.1000,0.0000,0.0200,0.0000,0.0115,0.0508,0.0046,0.2402,0.0013,0.0728,1,2
cand1722,0.0143,0.0755,-3.4086,0.1758,0.0024,0.3320,0.0015,0.4805,0.0008,0.5645,0.0009,0.3882,1,4
cand1723,-0.0013,0.0403,1.4839,0.1875,0.0021,0.2070,0.0012,0.2383,0.0010,0.2578,0.0010,0.2227,1,4
cand1724,-0.0243,0.0022,149.4567,0.0000,0.0122,0.0000,0.0397,0.0000,0.0465,0.0000,0.0418,0.0000,1,0
cand1725,-0.0293,0.0441,13.8812,0.2812,0.0005,0.1484,0.0013,0.0859,0.0018,0.0098,0.0076,0.1313,1,4
cand1726,-0.0131,0.0471,-38.7986,0.0918,0.0041,0.1777,0.0017,0.2109,0.0009,0.1797,0.0011,0.1650,1,4
cand1727,-0.0002,0.0845,8.5413,0.3516,0.0011,0.4551,0.0013,0.5195,0.0008,0.4961,0.0011,0.4556,0,4
cand1728,0.0457,0.0742,5.7700,0.0566,0.0029,0.1562,0.0022,0.3711,0.0015,0.6230,0.0011,0.3018,0,4
cand1729,-0.0134,0.0085,-67.3628,0.0000,0.0145,0.0000,0.0172,0.0195,0.0038,0.0605,0.0008,0.0200,1,2
cand1730,0.0184,0.0544,-132.6473,0.1465,0.0011,0.0176,0.0051,0.0000,0.0104,0.0215,0.0051,0.0464,0,3
cand1731,0.0128,0.0322,-83.3073,0.0000,0.0115,0.0000,0.0148,0.0000,0.0102,0.1113,0.0019,0.0278,1,1
cand1732,-0.0160,0.0756,59.0413,0.4551,0.0005,0.4082,0.0003,0.4297,0.0012,0.2715,0.0008,0.3911,1,4
cand1733,-0.0407,0.0229,35.5596,0.1582,0.0012,0.0098,0.0073,0.0000,0.0160,0.0000,0.0194,0.0420,1,2
cand1734,-0.0404,0.0839,87.3533,0.5625,0.0009,0.4062,0.0005,0.0000,0.0151,0.0000,0.0402,0.2422,0,2
cand1735,-0.0303,0.1085,111.2914,0.5664,0.0009,0.3477,0.0005,0.0000,0.0163,0.0000,0.0277,0.2285,0,2
cand1736,-0.0372,0.0980,-75.7339,0.4004,0.0018,0.4941,0.0010,0.0059,0.0093,0.0000,0.0298,0.2251,1,3
cand1737,0.0021,0.0153,-19.0852,0.0371,0.0012,0.0645,0.0036,0.1035,0.0016,0.1484,0.0008,0.0884,1,4
cand1738,0.0402,0.0622,-153.3018,0.2812,0.0011,0.1660,0.0012,0.0918,0.0019,0.0723,0.0037,0.1528,0,4
cand1739,-0.0148,0.0598,-19.2795,0.2754,0.0005,0.2812,0.0008,0.2559,0.0005,0.2129,0.0018,0.2563,1,4
cand1740,0.0031,0.1093,-2.0411,0.2969,0.0018,0.6328,0.0010,0.7344,0.0010,0.6309,0.0012,0.5737,0,4
cand1741,0.0579,0.0064,139.2181,0.0000,0.0232,0.0000,0.0122,0.1484,0.0010,0.3887,0.0003,0.1343,1,2
cand1742,-0.0042,0.0945,151.1445,0.6523,0.0005,0.2520,0.0011,0.0430,0.0008,0.0117,0.0077,0.2397,0,4
cand1743,0.0095,0.0113,-48.0597,0.0000,0.0158,0.0000,0.0120,0.0547,0.0042,0.1445,0.0017,0.0498,1,2
cand1744,-0.0422,0.0900,172.5342,0.0586,0.0033,0.0195,0.0055,0.0000,0.0104,0.0000,0.0207,0.0195,0,2
cand1745,0.0248,0.0420,87.5135,0.2207,0.0010,0.2402,0.0009,0.3262,0.0005,0.4707,0.0005,0.3145,1,4
cand1746,0.0597,0.0519,-145.4297,0.0918,0.0018,0.0547,0.0015,0.1816,0.0019,0.1465,0.0020,0.1187,0,4
cand1747,0.0151,0.0942,69.0987,0.4512,0.0008,0.4824,0.0006,0.5859,0.0013,0.5996,0.0006,0.5298,0,4
cand1748,0.0373,0.0518,98.8796,0.2246,0.0010,0.2793,0.0013,0.3926,0.0017,0.5332,0.0007,0.3574,0,4
cand1749,0.0183,0.0193,119.5181,0.1445,0.0008,0.1328,0.0016,0.2891,0.0008,0.2402,0.0011,0.2017,1,4
cand1750,-0.0120,0.0742,-25.5533,0.2754,0.0016,0.3926,0.0014,0.3672,0.0011,0.2578,0.0010,0.3232,1,4
cand1751,0.0512,0.0413,-127.3059,0.0000,0.0182,0.0000,0.0149,0.0215,0.0052,0.0195,0.0072,0.0103,0,2
cand1752,-0.0080,0.0200,132.9602,0.2637,0.0013,0.0684,0.0064,0.0000,0.0202,0.0000,0.0228,0.0830,1,2
cand1753,-0.0030,0.0551,115.1802,0.4180,0.0004,0.4004,0.0005,0.2891,0.0010,0.0000,0.0114,0.2769,0,3
cand1754,0.0482,0.0742,28.9033,0.1016,0.0029,0.2148,0.0015,0.3965,0.0009,0.5547,0.0003,0.3169,0,4
cand1755,0.0210,0.0902,-55.0481,0.0547,0.0054,0.0801,0.0056,0.4980,0.0014,0.7246,0.0009,0.3394,0,4
cand1756,0.0426,0.1090,-40.0311,0.0156,0.0069,0.0723,0.0045,0.4551,0.0006,0.9121,0.0006,0.3638,0,4
cand1757,0.0377,0.0906,-11.0559,0.0352,0.0045,0.1816,0.0017,0.5078,0.0008,0.7637,0.0007,0.3721,0,4
cand1758,0.0374,0.0060,-144.0268,0.0000,0.0335,0.0000,0.0384,0.0000,0.0223,0.0020,0.0096,0.0005,0,1
cand1759,-0.0460,0.0945,-37.6092,0.6523,0.0008,0.3066,0.0011,0.0000,0.0173,0.0000,0.0381,0.2397,1,2
cand1760,0.0307,0.0325,128.3212,0.1758,0.0014,0.2188,0.0009,0.3926,0.0007,0.3496,0.0007,0.2842,1,4
cand1761,-0.0163,0.0758,146.5326,0.5137,0.0008,0.1016,0.0033,0.0078,0.0080,0.0000,0.0105,0.1558,0,3
cand1762,-0.0042,0.0933,71.1764,0.4863,0.0012,0.5273,0.0007,0.5762,0.0008,0.3145,0.0007,0.4761,0,4
cand1763,-0.0385,0.0453,108.5878,0.3926,0.0003,0.0469,0.0071,0.0000,0.0290,0.0000,0.0436,0.1099,1,2
cand1764,0.0548,0.0265,-83.5637,0.0000,0.0187,0.0000,0.0170,0.0000,0.0158,0.0020,0.0098,0.0005,1,1
cand1765,-0.0498,0.0762,25.9460,0.4570,0.0011,0.2285,0.0008,0.0000,0.0109,0.0000,0.0208,0.1714,1,2
cand1766,0.0308,0.0030,59.1853,0.0059,0.0073,0.0078,0.0073,0.0859,0.0026,0.2012,0.0011,0.0752,1,4
cand1767,0.0270,0.1011,-165.0127,0.6602,0.0005,0.4570,0.0006,0.1758,0.0016,0.2207,0.0022,0.3784,0,4
cand1768,0.0185,0.1043,43.8688,0.4160,0.0010,0.4805,0.0008,0.6484,0.0006,0.6328,0.0003,0.5444,0,4
cand1769,-0.0242,0.0450,88.4941,0.3281,0.0011,0.2559,0.0005,0.2070,0.0013,0.0000,0.0167,0.1978,1,3
cand1770,0.0462,0.0568,42.6023,0.0859,0.0018,0.2168,0.0004,0.3477,0.0004,0.4727,0.0015,0.2808,0,4
cand1771,0.0563,0.0720,-14.4636,0.0000,0.0105,0.0547,0.0036,0.2383,0.0012,0.5332,0.0012,0.2065,0,3
cand1772,-0.0385,0.0836,146.3019,0.2383,0.0007,0.0078,0.0073,0.0000,0.0156,0.0000,0.0117,0.0615,0,2
cand1773,-0.0050,0.0356,-134.9187,0.0039,0.0086,0.0000,0.0134,0.0000,0.0120,0.0000,0.0117,0.0010,0,1
cand1774,-0.0023,0.1074,34.6937,0.4668,0.0006,0.6152,0.0008,0.6367,0.0008,0.4551,0.0011,0.5435,0,4
cand1775,-0.0012,0.0004,0.0485,0.0508,0.0035,0.0059,0.0080,0.0195,0.0038,0.0645,0.0023,0.0352,1,4
cand1776,-0.0172,0.0238,-57.1145,0.0273,0.0044,0.0312,0.0048,0.0801,0.0019,0.0703,0.0022,0.0522,1,4
cand1777,0.0372,0.0656,-66.9025,0.0000,0.0126,0.0000,0.0113,0.0371,0.0058,0.3945,0.0020,0.1079,0,2
cand1778,0.0420,0.0606,56.5563,0.1445,0.0022,0.2852,0.0016,0.3828,0.0015,0.5137,0.0006,0.3315,0,4
cand1779,-0.0071,0.0908,5.7601,0.4199,0.0006,0.4941,0.0010,0.5156,0.0005,0.4238,0.0006,0.4634,0,4
cand1780,-0.0053,0.0372,61.7252,0.2637,0.0010,0.1875,0.0011,0.2383,0.0014,0.3008,0.0007,0.2476,1,4
cand1781,0.0506,0.1058,-73.1239,0.0039,0.0089,0.1836,0.0014,0.3086,0.0013,0.5859,0.0008,0.2705,0,4
cand1782,0.0164,0.0234,140.0450,0.2188,0.0010,0.2539,0.0004,0.0879,0.0021,0.0195,0.0072,0.1450,0,4
cand1783,0.0531,0.0672,121.9892,0.1699,0.0011,0.3594,0.0007,0.5312,0.0004,0.6289,0.0006,0.4224,0,4
cand1784,-0.0412,0.0750,94.5663,0.5410,0.0011,0.3184,0.0007,0.0000,0.0215,0.0000,0.0438,0.2148,0,2
cand1785,0.0494,0.0934,44.9912,0.1445,0.0017,0.3359,0.0009,0.4688,0.0012,0.5977,0.0006,0.3867,0,4
cand1786,-0.0329,0.0919,-96.2842,0.2324,0.0020,0.2363,0.0008,0.1973,0.0021,0.0000,0.0214,0.1665,1,3
cand1787,0.0219,0.0063,-76.2454,0.0000,0.0205,0.0000,0.0267,0.0000,0.0158,0.0352,0.0037,0.0088,1,1
cand1788,0.0059,0.0894,-172.8362,0.5195,0.0007,0.1387,0.0031,0.0293,0.0058,0.0000,0.0120,0.1719,0,3
cand1789,-0.0343,0.0857,-138.9038,0.0352,0.0068,0.0000,0.0145,0.0488,0.0018,0.0000,0.0162,0.0210,0,2
cand1790,-0.0328,0.0862,-101.4623,0.1582,0.0013,0.1191,0.0034,0.2188,0.0013,0.0000,0.0178,0.1240,1,3
cand1791,0.0121,0.0367,-151.0613,0.0664,0.0031,0.0000,0.0134,0.0020,0.0094,0.0020,0.0097,0.0176,0,3
cand1792,0.0462,0.0338,-27.3464,0.0000,0.0159,0.0137,0.0032,0.1074,0.0017,0.2715,0.0012,0.0981,1,3
cand1793,0.0350,0.0908,-132.0809,0.3984,0.0009,0.2910,0.0014,0.1699,0.0025,0.3262,0.0011,0.2964,0,4
cand1794,-0.0168,0.0888,52.7420,0.5098,0.0009,0.4941,0.0008,0.4727,0.0007,0.2637,0.0018,0.4351,0,4
cand1795,-0.0275,0.0969,14.3100,0.6367,0.0006,0.4961,0.0008,0.3691,0.0008,0.0293,0.0077,0.3828,0,4
cand1796,0.0213,0.0633,-125.4715,0.1797,0.0014,0.0215,0.0037,0.0059,0.0077,0.1055,0.0032,0.0781,0,4
cand1797,-0.0392,0.0482,-83.3730,0.0195,0.0079,0.0527,0.0019,0.0352,0.0056,0.0000,0.0199,0.0269,1,3
cand1798,0.0496,0.0914,170.4609,0.5176,0.0015,0.6406,0.0007,0.5352,0.0003,0.2715,0.0025,0.4912,0,4
cand1799,-0.0235,0.0420,79.6769,0.3008,0.0010,0.2090,0.0005,0.2383,0.0005,0.0234,0.0084,0.1929,1,4
cand1800,-0.0114,0.0661,150.1067,0.5078,0.0008,0.1016,0.0039,0.0098,0.0061,0.0059,0.0082,0.1562,0,4
cand1801,0.0508,0.0288,-155.1730,0.0293,0.0052,0.0000,0.0146,0.0371,0.0045,0.0410,0.0030,0.0269,0,3
cand1802,0.0254,0.0775,-109.3482,0.2559,0.0006,0.0215,0.0059,0.0566,0.0028,0.3184,0.0005,0.1631,0,4
cand1803,-0.0038,0.0497,51.3052,0.3145,0.0011,0.2637,0.0016,0.3027,0.0007,0.3594,0.0013,0.3101,1,4
cand1804,0.0471,0.0968,-139.4942,0.4531,0.0009,0.3984,0.0003,0.3203,0.0013,0.3945,0.0011,0.3916,0,4
cand1805,0.0308,0.0563,82.1639,0.2656,0.0014,0.3066,0.0011,0.3926,0.0006,0.5195,0.0007,0.3711,0,4
cand1806,-0.0385,0.0266,-65.0017,0.0176,0.0076,0.0430,0.0030,0.0000,0.0115,0.0000,0.0205,0.0151,1,2
cand1807,-0.0177,0.0730,40.5780,0.4434,0.0009,0.3633,0.0007,0.3691,0.0009,0.2949,0.0012,0.3677,1,4
cand1808,-0.0011,0.0236,163.9103,0.1777,0.0007,0.0000,0.0151,0.0000,0.0203,0.0000,0.0158,0.0444,0,1
cand1809,-0.0104,0.0942,-124.3152,0.2266,0.0013,0.0449,0.0032,0.1191,0.0019,0.2656,0.0015,0.1641,0,4
cand1810,0.0132,0.0249,99.6125,0.1797,0.0009,0.1543,0.0010,0.2578,0.0011,0.4043,0.0005,0.2490,1,4
cand1811,0.0261,0.0019,171.7517,0.0605,0.0006,0.0000,0.0229,0.0000,0.0209,0.0000,0.0137,0.0151,1,1
cand1812,0.0116,0.1038,144.7093,0.7988,0.0003,0.5391,0.0006,0.1465,0.0025,0.0137,0.0056,0.3745,0,4
cand1813,0.0322,0.0850,105.8324,0.4609,0.0009,0.4824,0.0006,0.5625,0.0007,0.5820,0.0003,0.5220,0,4
cand1814,-0.0330,0.0362,85.8739,0.2793,0.0006,0.1523,0.0012,0.0879,0.0030,0.0000,0.0210,0.1299,1,3
cand1815,0.0163,0.0025,168.8125,0.0527,0.0012,0.0000,0.0256,0.0000,0.0247,0.0000,0.0190,0.0132,1,1
cand1816,0.0600,0.0136,-14.3250,0.0000,0.0316,0.0000,0.0191,0.0430,0.0025,0.1484,0.0023,0.0479,1,2
cand1817,-0.0350,0.0455,79.5115,0.3262,0.0008,0.1973,0.0005,0.1348,0.0001,0.0000,0.0195,0.1646,1,3
cand1818,-0.0318,0.1017,-133.2328,0.1992,0.0023,0.0215,0.0048,0.1836,0.0016,0.0000,0.0174,0.1011,0,3
cand1819,0.0334,0.0930,1.5583,0.0938,0.0012,0.2715,0.0010,0.5742,0.0005,0.7520,0.0001,0.4229,0,4
cand1820,0.0407,0.0986,-60.0413,0.0312,0.0032,0.0684,0.0018,0.2910,0.0016,0.6914,0.0009,0.2705,0,4
cand1821,0.0270,0.0641,-92.8842,0.0605,0.0030,0.0000,0.0117,0.0156,0.0060,0.2793,0.0010,0.0889,0,3
cand1822,-0.0284,0.1060,-155.0072,0.1953,0.0009,0.0039,0.0095,0.0469,0.0039,0.0000,0.0168,0.0615,0,3
cand1823,-0.0036,0.0881,119.9466,0.5820,0.0008,0.5820,0.0007,0.1582,0.0015,0.0078,0.0076,0.3325,0,4
cand1824,0.0110,0.0984,9.8075,0.2754,0.0015,0.4941,0.0006,0.6602,0.0012,0.6680,0.0004,0.5244,0,4
cand1825,-0.0171,0.1005,13.5702,0.5996,0.0004,0.5527,0.0007,0.5293,0.0008,0.2637,0.0022,0.4863,0,4
cand1826,-0.0182,0.0669,-139.7697,0.0449,0.0043,0.0000,0.0115,0.0000,0.0108,0.0527,0.0020,0.0244,0,2
cand1827,-0.0076,0.0189,3.8233,0.1270,0.0015,0.0742,0.0020,0.0840,0.0021,0.1270,0.0025,0.1030,1,4
cand1828,-0.0093,0.0351,-170.5804,0.0723,0.0026,0.0000,0.0172,0.0000,0.0135,0.0000,0.0112,0.0181,0,1
cand1829,-0.0273,0.0300,2.0598,0.2227,0.0012,0.0859,0.0024,0.0332,0.0037,0.0059,0.0087,0.0869,1,4
cand1830,0.0301,0.1039,6.8823,0.1348,0.0017,0.3418,0.0014,0.6855,0.0007,0.7715,0.0004,0.4834,0,4
cand1831,-0.0112,0.0365,-178.5816,0.1074,0.0009,0.0000,0.0180,0.0000,0.0124,0.0000,0.0137,0.0269,0,1
cand1832,0.0235,0.0534,-160.9332,0.2500,0.0002,0.0957,0.0028,0.0234,0.0055,0.0176,0.0070,0.0967,0,4
cand1833,0.0098,0.1089,-133.6114,0.5586,0.0009,0.1875,0.0001,0.3066,0.0009,0.3379,0.0014,0.3477,0,4
cand1834,0.0060,0.0696,-119.3520,0.1543,0.0016,0.0020,0.0096,0.0156,0.0053,0.1719,0.0022,0.0859,0,4
cand1835,-0.0478,0.0254,-61.7478,0.0684,0.0015,0.0117,0.0046,0.0000,0.0218,0.0000,0.0298,0.0200,1,2
cand1836,-0.0403,0.0381,-78.2915,0.0312,0.0069,0.0430,0.0045,0.0176,0.0079,0.0000,0.0204,0.0229,1,3
cand1837,-0.0481,0.0136,-14.7773,0.0859,0.0013,0.0000,0.0194,0.0000,0.0293,0.0000,0.0317,0.0215,1,1
cand1838,0.0478,0.0338,159.8745,0.0957,0.0024,0.2852,0.0007,0.2695,0.0006,0.2520,0.0015,0.2256,0,4
cand1839,0.0408,0.0861,88.1573,0.3262,0.0004,0.4395,0.0008,0.5371,0.0010,0.5664,0.0007,0.4673,0,4
cand1840,0.0472,0.0004,-41.3606,0.0000,0.0358,0.0000,0.0293,0.0000,0.0107,0.0781,0.0028,0.0195,1,1
cand1841,0.0438,0.1085,101.0095,0.4160,0.0007,0.5781,0.0011,0.5645,0.0002,0.4844,0.0003,0.5107,0,4
cand1842,-0.0004,0.0247,-99.9013,0.0000,0.0155,0.0000,0.0180,0.0000,0.0110,0.0371,0.0019,0.0093,1,1
cand1843,-0.0474,0.0557,-133.4241,0.0000,0.0123,0.0000,0.0151,0.0000,0.0191,0.0000,0.0235,0.0000,1,0
cand1844,0.0339,0.0998,177.6253,0.7773,0.0008,0.5371,0.0006,0.2812,0.0020,0.1191,0.0021,0.4287,0,4
cand1845,0.0212,0.0155,96.6368,0.0918,0.0021,0.0820,0.0011,0.1934,0.0009,0.3262,0.0010,0.1733,1,4
cand1846,0.0395,0.0315,-61.4043,0.0000,0.0155,0.0000,0.0183,0.0000,0.0112,0.0977,0.0047,0.0244,1,1
cand1847,0.0291,0.0838,-113.4993,0.3145,0.0008,0.0879,0.0022,0.0957,0.0030,0.3418,0.0011,0.2100,0,4
cand1848,-0.0382,0.0761,-73.8059,0.2441,0.0009,0.2910,0.0013,0.0391,0.0084,0.0000,0.0252,0.1436,1,3
cand1849,0.0391,0.0047,-80.6808,0.0000,0.0172,0.0000,0.0272,0.0000,0.0201,0.0059,0.0067,0.0015,1,1
cand1850,0.0296,0.0050,-121.4502,0.0000,0.0360,0.0000,0.0285,0.0000,0.0101,0.0000,0.0114,0.0000,1,0
cand1851,-0.0028,0.0177,-9.0053,0.0781,0.0016,0.0820,0.0018,0.0957,0.0016,0.1348,0.0021,0.0977,1,4
cand1852,0.0103,0.0045,-105.4728,0.0000,0.0123,0.0000,0.0232,0.0000,0.0207,0.0000,0.0119,0.0000,1,0
cand1853,-0.0082,0.0158,-147.4369,0.0000,0.0190,0.0000,0.0237,0.0000,0.0105,0.0000,0.0142,0.0000,1,0
cand1854,0.0125,0.0716,-150.1420,0.3164,0.0008,0.0488,0.0027,0.0176,0.0063,0.0137,0.0069,0.0991,0,4
cand1855,0.0298,0.0089,-149.3511,0.0000,0.0264,0.0000,0.0344,0.0000,0.0206,0.0000,0.0107,0.0000,0,0
cand1856,0.0210,0.1094,64.7251,0.4961,0.0004,0.4961,0.0007,0.5957,0.0007,0.6152,0.0007,0.5508,0,4
cand1857,-0.0378,0.0503,-89.5482,0.0156,0.0056,0.0332,0.0069,0.0742,0.0031,0.0000,0.0182,0.0308,1,3
cand1858,-0.0193,0.0764,-3.8103,0.4375,0.0007,0.3750,0.0012,0.3086,0.0011,0.1641,0.0050,0.3213,1,4
cand1859,0.0261,0.0599,-106.2815,0.0859,0.0016,0.0020,0.0093,0.0059,0.0071,0.1465,0.0018,0.0601,0,4
cand1860,0.0227,0.0955,-142.7571,0.5098,0.0005,0.2500,0.0016,0.1484,0.0026,0.2930,0.0014,0.3003,0,4
cand1861,0.0349,0.0875,66.2443,0.3066,0.0008,0.4180,0.0008,0.5098,0.0008,0.5957,0.0009,0.4575,0,4
cand1862,0.0204,0.0565,40.1185,0.2305,0.0024,0.2832,0.0006,0.3633,0.0011,0.4727,0.0005,0.3374,1,4
cand1863,-0.0120,0.1081,91.5699,0.5605,0.0004,0.5938,0.0005,0.4648,0.0007,0.0000,0.0224,0.4048,0,3
cand1864,0.0064,0.0860,-159.8950,0.4492,0.0009,0.0684,0.0026,0.0352,0.0058,0.0137,0.0077,0.1416,0,4
cand1865,0.0585,0.0157,57.3383,0.0000,0.0157,0.0039,0.0079,0.1426,0.0015,0.2910,0.0018,0.1094,1,3
cand1866,-0.0347,0.0361,21.5675,0.2461,0.0001,0.0820,0.0012,0.0117,0.0080,0.0000,0.0128,0.0850,1,3
cand1867,-0.0332,0.0619,-68.5884,0.1504,0.0022,0.1973,0.0024,0.1113,0.0028,0.0000,0.0168,0.1147,1,3
cand1868,0.0568,0.0083,135.9737,0.0000,0.0208,0.0020,0.0100,0.1660,0.0011,0.3965,0.0007,0.1411,1,3
cand1869,-0.0098,0.0045,123.6139,0.1309,0.0014,0.0742,0.0026,0.0000,0.0195,0.0000,0.0277,0.0513,1,2
cand1870,-0.0388,0.0025,29.7688,0.0352,0.0026,0.0000,0.0215,0.0000,0.0259,0.0000,0.0252,0.0088,1,1
cand1871,0.0308,0.0923,-72.8762,0.1348,0.0026,0.0469,0.0036,0.2559,0.0013,0.6680,0.0009,0.2764,0,4
cand1872,-0.0027,0.0676,-48.6113,0.0410,0.0079,0.2305,0.0016,0.4043,0.0010,0.3477,0.0010,0.2559,0,4
cand1873,0.0534,0.0633,-68.3713,0.0039,0.0086,0.0000,0.0152,0.0039,0.0076,0.2344,0.0012,0.0605,0,3
cand1874,0.0238,0.0793,171.9189,0.6484,0.0003,0.3691,0.0006,0.1309,0.0010,0.0195,0.0070,0.2920,0,4
cand1875,-0.0078,0.0942,32.8541,0.4570,0.0011,0.5137,0.0013,0.5664,0.0008,0.4102,0.0005,0.4868,0,4
cand1876,0.0054,0.0645,155.0359,0.5820,0.0007,0.2637,0.0009,0.0566,0.0043,0.0137,0.0081,0.2290,0,4
cand1877,0.0333,0.1015,58.6101,0.3301,0.0007,0.4551,0.0008,0.5430,0.0002,0.6211,0.0004,0.4873,0,4
cand1878,0.0507,0.0117,-150.1047,0.0000,0.0250,0.0000,0.0339,0.0000,0.0197,0.0059,0.0070,0.0015,0,1
cand1879,0.0014,0.0266,-58.6355,0.0059,0.0076,0.0117,0.0052,0.0859,0.0036,0.2070,0.0020,0.0776,1,4
cand1880,-0.0059,0.0226,127.9870,0.2637,0.0010,0.2129,0.0011,0.0000,0.0149,0.0000,0.0202,0.1191,1,2
cand1881,0.0084,0.0438,-2.1989,0.1289,0.0023,0.1953,0.0013,0.2812,0.0007,0.3301,0.0017,0.2339,1,4
cand1882,-0.0492,0.0231,159.2513,0.0000,0.0203,0.0000,0.0429,0.0000,0.0432,0.0000,0.0335,0.0000,1,0
cand1883,-0.0246,0.0034,60.0670,0.0645,0.0014,0.0000,0.0128,0.0000,0.0137,0.0098,0.0077,0.0186,1,2
cand1884,0.0406,0.0469,71.6133,0.1660,0.0004,0.2188,0.0009,0.3340,0.0011,0.4629,0.0012,0.2954,1,4
cand1885,0.0310,0.0303,74.9278,0.1406,0.0009,0.1465,0.0017,0.2520,0.0007,0.3691,0.0012,0.2271,1,4
cand1886,-0.0446,0.0907,58.9322,0.6035,0.0009,0.4141,0.0012,0.1270,0.0021,0.0000,0.0250,0.2861,0,3
cand1887,-0.0286,0.0366,-169.2218,0.0020,0.0092,0.0000,0.0172,0.0000,0.0146,0.0000,0.0143,0.0005,0,1
cand1888,-0.0486,0.0470,141.3383,0.0312,0.0071,0.0000,0.0306,0.0000,0.0375,0.0000,0.0378,0.0078,0,1
cand1889,-0.0038,0.0545,52.1733,0.3320,0.0007,0.2852,0.0008,0.3262,0.0006,0.3867,0.0007,0.3325,1,4
cand1890,0.0143,0.0108,32.6550,0.0840,0.0022,0.0430,0.0012,0.1035,0.0012,0.1895,0.0019,0.1050,1,4
cand1891,-0.0180,0.0037,-169.6120,0.0000,0.0261,0.0000,0.0402,0.0000,0.0329,0.0000,0.0167,0.0000,1,0
cand1892,-0.0085,0.0919,-170.4208,0.4219,0.0014,0.0547,0.0032,0.0000,0.0115,0.0137,0.0072,0.1226,0,3
cand1893,0.0577,0.0345,-97.9355,0.0000,0.0353,0.0000,0.0147,0.0000,0.0143,0.0039,0.0081,0.0010,0,1
cand1894,0.0070,0.0084,-130.6972,0.0000,0.0257,0.0000,0.0225,0.0000,0.0131,0.0000,0.0160,0.0000,1,0
cand1895,0.0301,0.0657,-36.1823,0.0137,0.0057,0.0801,0.0013,0.2949,0.0025,0.5586,0.0009,0.2368,1,4
cand1896,0.0149,0.0342,37.4841,0.1914,0.0018,0.1895,0.0010,0.2422,0.0006,0.3203,0.0012,0.2358,1,4
cand1897,0.0135,0.0726,-161.3002,0.3691,0.0007,0.0840,0.0028,0.0215,0.0045,0.0078,0.0092,0.1206,0,4
cand1898,0.0271,0.0562,153.6415,0.4473,0.0011,0.4102,0.0009,0.2793,0.0010,0.0879,0.0021,0.3062,0,4
cand1899,0.0427,0.0540,48.3520,0.1113,0.0022,0.2285,0.0009,0.3496,0.0004,0.4707,0.0009,0.2900,1,4
cand1900,0.0014,0.0667,-70.7555,0.0020,0.0100,0.0176,0.0056,0.3379,0.0011,0.4043,0.0004,0.1904,0,4
cand1901,0.0052,0.0033,20.9638,0.0547,0.0017,0.0098,0.0070,0.0430,0.0040,0.1191,0.0018,0.0566,1,4
cand1902,0.0020,0.0260,118.3069,0.2441,0.0007,0.2031,0.0011,0.2305,0.0011,0.0000,0.0107,0.1694,1,3
cand1903,0.0404,0.0533,171.8895,0.4258,0.0005,0.3105,0.0011,0.2461,0.0016,0.1250,0.0029,0.2769,0,4
cand1904,0.0009,0.0535,71.5914,0.3418,0.0007,0.2969,0.0009,0.3672,0.0008,0.4355,0.0004,0.3604,1,4
cand1905,0.0226,0.0340,158.4263,0.3496,0.0010,0.1836,0.0010,0.0898,0.0008,0.0352,0.0061,0.1646,0,4
cand1906,0.0495,0.0070,-124.6999,0.0000,0.0457,0.0000,0.0383,0.0000,0.0183,0.0059,0.0068,0.0015,1,1
cand1907,0.0259,0.0544,-130.3688,0.1152,0.0010,0.0098,0.0080,0.0039,0.0085,0.0254,0.0051,0.0386,0,4
cand1908,-0.0070,0.0441,28.1342,0.2695,0.0014,0.2168,0.0008,0.2422,0.0007,0.2598,0.0011,0.2471,1,4
cand1909,0.0354,0.0394,60.2268,0.1562,0.0019,0.1855,0.0007,0.2891,0.0003,0.4043,0.0005,0.2588,1,4
cand1910,0.0231,0.0589,33.7508,0.1953,0.0005,0.2871,0.0017,0.3887,0.0012,0.4805,0.0009,0.3379,1,4
cand1911,-0.0324,0.0523,-24.4631,0.3105,0.0005,0.1895,0.0011,0.0684,0.0028,0.0000,0.0139,0.1421,1,3
cand1912,0.0122,0.0583,-178.9968,0.3457,0.0006,0.1387,0.0031,0.0293,0.0027,0.0352,0.0055,0.1372,0,4
cand1913,0.0064,0.0534,-88.1704,0.0000,0.0126,0.0000,0.0123,0.0449,0.0042,0.2988,0.0011,0.0859,0,2
cand1914,-0.0024,0.0100,134.2216,0.1758,0.0006,0.0488,0.0041,0.0000,0.0202,0.0000,0.0224,0.0562,1,2
cand1915,0.0465,0.1012,103.2684,0.3730,0.0002,0.5645,0.0011,0.5820,0.0009,0.5176,0.0004,0.5093,0,4
cand1916,0.0455,0.0695,86.6626,0.2324,0.0010,0.3594,0.0006,0.4688,0.0005,0.5527,0.0005,0.4033,0,4
cand1917,0.0007,0.0703,-157.0311,0.3008,0.0013,0.0254,0.0063,0.0020,0.0099,0.0000,0.0134,0.0820,0,3
cand1918,0.0128,0.0371,-152.4732,0.0684,0.0018,0.0000,0.0134,0.0059,0.0076,0.0000,0.0102,0.0186,0,2
cand1919,-0.0014,0.0870,122.4209,0.5840,0.0010,0.5840,0.0008,0.1719,0.0018,0.0195,0.0080,0.3398,0,4
cand1920,-0.0366,0.0074,-40.3662,0.0547,0.0018,0.0000,0.0118,0.0000,0.0215,0.0000,0.0230,0.0137,1,1
cand1921,-0.0074,0.0939,31.4765,0.4512,0.0009,0.5215,0.0010,0.5664,0.0010,0.4180,0.0007,0.4893,0,4
cand1922,0.0368,0.0177,-161.2440,0.0059,0.0085,0.0000,0.0220,0.0000,0.0142,0.0059,0.0084,0.0029,0,2
cand1923,0.0548,0.0023,69.6903,0.0000,0.0241,0.0000,0.0167,0.0645,0.0021,0.2266,0.0011,0.0728,1,2
cand1924,-0.0048,0.0465,164.5665,0.3008,0.0007,0.0215,0.0081,0.0020,0.0097,0.0078,0.0066,0.0830,0,4
cand1925,0.0242,0.0891,-70.2751,0.1309,0.0027,0.0508,0.0045,0.3320,0.0020,0.7207,0.0012,0.3086,0,4
cand1926,-0.0483,0.0350,113.3552,0.3633,0.0008,0.0000,0.0212,0.0000,0.0421,0.0000,0.0543,0.0908,1,1
cand1927,-0.0226,0.0238,-53.5903,0.0254,0.0064,0.0527,0.0023,0.0508,0.0022,0.0176,0.0065,0.0366,1,4
cand1928,-0.0038,0.0879,-125.2768,0.2129,0.0013,0.0215,0.0061,0.0820,0.0030,0.3066,0.0009,0.1558,0,4
cand1929,-0.0005,0.0708,-89.6581,0.0312,0.0067,0.0078,0.0074,0.2246,0.0007,0.4590,0.0010,0.1807,0,4
cand1930,-0.0042,0.0147,-90.1521,0.0000,0.0168,0.0000,0.0232,0.0000,0.0118,0.0449,0.0036,0.0112,1,1
cand1931,0.0125,0.0411,-21.6792,0.0488,0.0044,0.1230,0.0026,0.2695,0.0016,0.3340,0.0008,0.1938,1,4
cand1932,0.0476,0.0105,45.5653,0.0039,0.0080,0.0098,0.0077,0.1270,0.0018,0.2520,0.0012,0.0981,1,4
cand1933,0.0073,0.0176,-41.8345,0.0039,0.0089,0.0312,0.0013,0.0938,0.0021,0.1992,0.0006,0.0820,1,4
cand1934,-0.0321,0.0266,32.5985,0.1875,0.0012,0.0410,0.0026,0.0039,0.0084,0.0000,0.0106,0.0581,1,3
cand1935,0.0349,0.0792,-35.4464,0.0000,0.0107,0.0723,0.0016,0.3418,0.0015,0.6738,0.0008,0.2720,0,3
cand1936,0.0381,0.0766,-122.6820,0.2227,0.0007,0.1504,0.0002,0.0801,0.0025,0.2383,0.0012,0.1729,0,4
cand1937,0.0080,0.0524,28.9967,0.2461,0.0014,0.2715,0.0003,0.3223,0.0007,0.3945,0.0013,0.3086,1,4
cand1938,-0.0250,0.0372,-62.4757,0.0547,0.0039,0.0566,0.0042,0.0977,0.0011,0.0176,0.0078,0.0566,1,4
cand1939,0.0573,0.0002,49.6121,0.0000,0.0238,0.0000,0.0199,0.0488,0.0015,0.1992,0.0008,0.0620,1,2
cand1940,0.0151,0.0356,-3.7682,0.0977,0.0020,0.1387,0.0022,0.2422,0.0013,0.3145,0.0010,0.1982,1,4
cand1941,0.0475,0.0319,-7.1834,0.0000,0.0108,0.0488,0.0030,0.1504,0.0020,0.3008,0.0019,0.1250,1,3
cand1942,-0.0351,0.0810,-151.9257,0.0332,0.0053,0.0000,0.0124,0.0000,0.0103,0.0000,0.0172,0.0083,0,1
cand1943,-0.0327,0.0393,-3.9607,0.2637,0.0008,0.1152,0.0015,0.0234,0.0061,0.0000,0.0135,0.1006,1,3
cand1944,0.0166,0.0004,119.1059,0.0312,0.0042,0.0215,0.0041,0.1465,0.0019,0.1719,0.0018,0.0928,1,4
cand1945,0.0290,0.0397,-8.8252,0.0352,0.0064,0.0801,0.0039,0.2363,0.0007,0.3633,0.0011,0.1787,1,4
cand1946,-0.0163,0.1077,-25.0867,0.5645,0.0012,0.6367,0.0007,0.5430,0.0014,0.0000,0.0113,0.4360,0,3
cand1947,-0.0439,0.0831,-69.4789,0.3613,0.0007,0.3105,0.0011,0.0000,0.0147,0.0000,0.0324,0.1680,1,2
cand1948,-0.0061,0.1017,-159.6842,0.5020,0.0007,0.0527,0.0057,0.0059,0.0084,0.1289,0.0032,0.1724,0,4
cand1949,0.0025,0.0968,15.8682,0.4004,0.0010,0.5312,0.0007,0.6113,0.0009,0.5645,0.0005,0.5269,0,4
cand1950,-0.0111,0.0669,113.2254,0.4766,0.0012,0.4824,0.0008,0.0664,0.0063,0.0000,0.0155,0.2563,0,3
cand1951,-0.0234,0.1090,110.0217,0.5684,0.0007,0.5820,0.0013,0.0000,0.0113,0.0000,0.0226,0.2876,0,2
cand1952,-0.0461,0.0483,-4.7275,0.2871,0.0002,0.0684,0.0010,0.0000,0.0145,0.0000,0.0276,0.0889,1,2
cand1953,-0.0152,0.1085,57.6316,0.5508,0.0010,0.6191,0.0009,0.5059,0.0003,0.1855,0.0016,0.4653,0,4
cand1954,0.0468,0.0137,14.8771,0.0000,0.0121,0.0371,0.0027,0.1289,0.0009,0.2500,0.0012,0.1040,1,3
cand1955,0.0027,0.0799,-37.2611,0.0996,0.0021,0.3086,0.0013,0.5039,0.0004,0.4766,0.0011,0.3472,0,4
cand1956,0.0485,0.0959,-130.5587,0.3848,0.0012,0.3828,0.0006,0.3027,0.0017,0.4043,0.0012,0.3687,0,4
cand1957,-0.0125,0.0296,-50.1318,0.0469,0.0020,0.0430,0.0046,0.1387,0.0017,0.1270,0.0011,0.0889,1,4
cand1958,0.0341,0.0203,-158.7462,0.0020,0.0083,0.0000,0.0199,0.0000,0.0148,0.0137,0.0065,0.0039,0,2
cand1959,0.0102,0.0864,-143.3382,0.4180,0.0015,0.0605,0.0031,0.0625,0.0049,0.1055,0.0022,0.1616,0,4
cand1960,0.0419,0.0177,-156.7666,0.0000,0.0120,0.0000,0.0240,0.0000,0.0142,0.0078,0.0074,0.0020,0,1
cand1961,0.0125,0.0819,-179.4639,0.5234,0.0010,0.2559,0.0039,0.0586,0.0027,0.0078,0.0083,0.2114,0,4
cand1962,-0.0153,0.0146,15.3663,0.1367,0.0014,0.0293,0.0037,0.0312,0.0031,0.0547,0.0015,0.0630,1,4
cand1963,0.0353,0.0628,-86.1094,0.0215,0.0046,0.0000,0.0133,0.0156,0.0040,0.2480,0.0010,0.0713,0,3
cand1964,-0.0229,0.0720,120.5494,0.5449,0.0002,0.3242,0.0011,0.0000,0.0156,0.0000,0.0206,0.2173,0,2
cand1965,0.0115,0.0713,-19.7967,0.1211,0.0023,0.2715,0.0004,0.4473,0.0006,0.5137,0.0011,0.3384,1,4
cand1966,0.0194,0.1064,110.3210,0.6484,0.0006,0.5645,0.0008,0.5703,0.0007,0.1270,0.0018,0.4775,0,4
cand1967,-0.0491,0.0587,4.0356,0.3516,0.0005,0.1074,0.0027,0.0000,0.0179,0.0000,0.0293,0.1147,1,2
cand1968,-0.0406,0.0907,-25.3456,0.6074,0.0006,0.3457,0.0004,0.0000,0.0120,0.0000,0.0307,0.2383,1,2
cand1969,0.0270,0.0286,161.2310,0.2871,0.0009,0.1465,0.0014,0.0723,0.0015,0.0410,0.0038,0.1367,0,4
cand1970,-0.0131,0.0740,-51.1129,0.1465,0.0013,0.3340,0.0006,0.3652,0.0010,0.2246,0.0010,0.2676,0,4
cand1971,-0.0375,0.0028,136.7717,0.0000,0.0131,0.0000,0.0399,0.0000,0.0539,0.0000,0.0533,0.0000,1,0
cand1972,0.0138,0.0650,-129.4760,0.2012,0.0007,0.0137,0.0066,0.0059,0.0087,0.0781,0.0027,0.0747,0,4
cand1973,-0.0158,0.0800,-41.1390,0.2637,0.0016,0.4277,0.0015,0.3711,0.0008,0.1270,0.0050,0.2974,0,4
cand1974,0.0033,0.0238,-156.0258,0.0117,0.0074,0.0000,0.0222,0.0000,0.0152,0.0078,0.0074,0.0049,1,2
cand1975,0.0069,0.0881,-166.5493,0.4746,0.0011,0.1172,0.0056,0.0352,0.0057,0.0039,0.0087,0.1577,0,4
cand1976,-0.0342,0.0979,99.5654,0.5801,0.0009,0.4980,0.0010,0.0000,0.0210,0.0000,0.0384,0.2695,0,2
cand1977,0.0362,0.0984,111.2397,0.5254,0.0009,0.5742,0.0008,0.5840,0.0007,0.4785,0.0007,0.5405,0,4
cand1978,-0.0161,0.0640,171.9077,0.2676,0.0014,0.0078,0.0071,0.0137,0.0059,0.0000,0.0118,0.0723,0,3
cand1979,-0.0173,0.0635,96.2843,0.4375,0.0010,0.3984,0.0001,0.2812,0.0011,0.0000,0.0200,0.2793,1,3
cand1980,0.0182,0.0639,-31.9549,0.0254,0.0077,0.1465,0.0030,0.3828,0.0014,0.5039,0.0006,0.2646,1,4
cand1981,0.0162,0.0238,-97.1270,0.0059,0.0074,0.0000,0.0163,0.0000,0.0153,0.0039,0.0092,0.0024,1,2
cand1982,-0.0387,0.0721,-45.7435,0.4453,0.0008,0.2695,0.0005,0.0156,0.0089,0.0000,0.0246,0.1826,1,3
cand1983,0.0480,0.0123,-171.4436,0.0312,0.0035,0.0000,0.0193,0.0000,0.0105,0.0332,0.0030,0.0161,0,2
cand1984,-0.0223,0.0385,63.1231,0.2793,0.0014,0.1699,0.0006,0.1621,0.0009,0.1895,0.0016,0.2002,1,4
cand1985,-0.0209,0.0996,79.2497,0.5469,0.0007,0.5781,0.0006,0.3789,0.0005,0.0000,0.0192,0.3760,0,3
cand1986,0.0584,0.1063,111.4892,0.0996,0.0053,0.5742,0.0013,0.6426,0.0005,0.5195,0.0004,0.4590,0,4
cand1987,0.0474,0.0370,-34.8047,0.0000,0.0186,0.0000,0.0123,0.0605,0.0049,0.2598,0.0019,0.0801,1,2
cand1988,0.0396,0.0518,-37.4155,0.0000,0.0139,0.0254,0.0070,0.1562,0.0017,0.4102,0.0013,0.1479,1,3
cand1989,-0.0404,0.0344,-93.4585,0.0039,0.0081,0.0000,0.0109,0.0078,0.0060,0.0000,0.0157,0.0029,1,2
cand1990,-0.0071,0.0773,99.1548,0.5098,0.0009,0.4844,0.0011,0.5312,0.0006,0.0000,0.0138,0.3813,0,3
cand1991,0.0010,0.0197,-133.0575,0.0000,0.0173,0.0000,0.0181,0.0000,0.0137,0.0000,0.0130,0.0000,1,0
cand1992,-0.0313,0.0121,129.0700,0.2422,0.0007,0.0000,0.0250,0.0000,0.0411,0.0000,0.0449,0.0605,1,1
cand1993,-0.0177,0.0555,-139.0341,0.0254,0.0042,0.0020,0.0095,0.0000,0.0126,0.0156,0.0058,0.0107,0,3
cand1994,0.0457,0.0028,-132.1962,0.0000,0.0450,0.0000,0.0425,0.0000,0.0217,0.0000,0.0121,0.0000,1,0
cand1995,-0.0135,0.0892,-67.0891,0.1699,0.0009,0.3105,0.0017,0.4941,0.0013,0.0801,0.0051,0.2637,0,4
cand1996,-0.0185,0.0097,-49.6026,0.0020,0.0089,0.0254,0.0029,0.0215,0.0038,0.0156,0.0073,0.0161,1,4
cand1997,0.0262,0.0905,102.8523,0.5352,0.0014,0.5156,0.0009,0.5566,0.0003,0.5469,0.0014,0.5386,0,4
cand1998,0.0330,0.0034,74.1029,0.0078,0.0073,0.0078,0.0060,0.0918,0.0004,0.2227,0.0013,0.0825,1,4
cand1999,-0.0034,0.0266,147.3318,0.3555,0.0007,0.0059,0.0081,0.0000,0.0182,0.0000,0.0173,0.0903,1,2
cand2000,0.0215,0.0910,-156.0131,0.5098,0.0008,0.2773,0.0013,0.0801,0.0034,0.1562,0.0033,0.2559,0,4
cand2001,-0.0332,0.1006,153.3088,0.2559,0.0003,0.0293,0.0033,0.0000,0.0106,0.0098,0.0072,0.0737,0,3
cand2002,-0.0098,0.0669,-158.6929,0.1641,0.0015,0.0156,0.0043,0.0000,0.0138,0.0000,0.0106,0.0449,0,2
cand2003,0.0138,0.0139,-4.7867,0.0508,0.0036,0.0664,0.0026,0.1250,0.0008,0.1992,0.0004,0.1104,1,4
cand2004,-0.0460,0.0839,-40.7956,0.5723,0.0007,0.2559,0.0012,0.0000,0.0162,0.0000,0.0350,0.2070,1,2
cand2005,0.0523,0.0088,152.6528,0.0000,0.0158,0.0234,0.0049,0.2109,0.0011,0.2266,0.0008,0.1152,1,3
cand2006,-0.0465,0.0997,53.8004,0.6465,0.0011,0.4219,0.0004,0.1191,0.0034,0.0000,0.0264,0.2969,0,3
cand2007,0.0153,0.0222,151.1462,0.2676,0.0013,0.1133,0.0009,0.0176,0.0065,0.0059,0.0069,0.1011,0,4
cand2008,-0.0443,0.0925,175.9419,0.0586,0.0008,0.0020,0.0093,0.0039,0.0084,0.0000,0.0250,0.0161,0,3
cand2009,-0.0106,0.0736,129.7168,0.5801,0.0007,0.4277,0.0009,0.0215,0.0070,0.0039,0.0095,0.2583,0,4
cand2010,0.0107,0.0019,-90.9837,0.0000,0.0208,0.0000,0.0285,0.0000,0.0200,0.0078,0.0067,0.0020,1,1
cand2011,0.0173,0.0173,-154.0598,0.0000,0.0136,0.0000,0.0268,0.0000,0.0145,0.0000,0.0127,0.0000,1,0
cand2012,0.0589,0.0000,-170.5440,0.0000,0.0158,0.0000,0.0291,0.0000,0.0205,0.0293,0.0021,0.0073,1,1
cand2013,-0.0403,0.0774,-177.3114,0.0547,0.0013,0.0020,0.0099,0.0078,0.0077,0.0000,0.0221,0.0161,0,3
cand2014,0.0208,0.0960,145.1208,0.7578,0.0010,0.6250,0.0004,0.3027,0.0018,0.0547,0.0027,0.4351,0,4
cand2015,-0.0385,0.0269,-117.8879,0.0000,0.0123,0.0000,0.0236,0.0000,0.0235,0.0000,0.0179,0.0000,1,0
cand2016,0.0142,0.0925,-121.6651,0.4043,0.0009,0.0898,0.0019,0.1602,0.0024,0.3613,0.0016,0.2539,0,4
cand2017,-0.0024,0.0417,28.0866,0.2461,0.0017,0.2090,0.0008,0.2500,0.0012,0.2793,0.0008,0.2461,1,4
cand2018,0.0201,0.0631,6.8107,0.1387,0.0017,0.2715,0.0016,0.4043,0.0008,0.5059,0.0008,0.3301,1,4
cand2019,0.0159,0.0121,-134.0119,0.0000,0.0257,0.0000,0.0241,0.0000,0.0103,0.0000,0.0115,0.0000,1,0
cand2020,0.0111,0.0216,22.1166,0.1133,0.0015,0.1074,0.0014,0.1641,0.0018,0.2383,0.0020,0.1558,1,4
cand2021,0.0325,0.0889,-134.1305,0.4043,0.0003,0.2695,0.0009,0.1191,0.0025,0.3047,0.0014,0.2744,0,4
cand2022,-0.0411,0.0047,-7.8373,0.0449,0.0015,0.0000,0.0214,0.0000,0.0281,0.0000,0.0279,0.0112,1,1
cand2023,-0.0344,0.0909,-96.1854,0.2188,0.0017,0.2383,0.0016,0.1582,0.0026,0.0000,0.0229,0.1538,1,3
cand2024,-0.0008,0.0308,-109.1961,0.0078,0.0078,0.0000,0.0147,0.0000,0.0144,0.0234,0.0064,0.0078,1,2
cand2025,0.0536,0.0079,83.6051,0.0000,0.0187,0.0000,0.0114,0.1035,0.0025,0.2637,0.0010,0.0918,1,2
cand2026,-0.0220,0.0112,-119.0450,0.0020,0.0092,0.0000,0.0244,0.0000,0.0277,0.0000,0.0190,0.0005,1,1
cand2027,-0.0081,0.0717,67.3516,0.4297,0.0009,0.3965,0.0003,0.4570,0.0010,0.3438,0.0008,0.4067,1,4
cand2028,-0.0370,0.0462,-138.1200,0.0000,0.0127,0.0000,0.0139,0.0000,0.0199,0.0000,0.0186,0.0000,0,0
cand2029,-0.0294,0.0254,157.0877,0.0273,0.0052,0.0000,0.0304,0.0000,0.0346,0.0000,0.0283,0.0068,1,1
cand2030,-0.0193,0.0211,173.9171,0.0156,0.0071,0.0000,0.0299,0.0000,0.0256,0.0000,0.0216,0.0039,1,1
cand2031,0.0263,0.0475,164.2725,0.4648,0.0003,0.2520,0.0010,0.1738,0.0020,0.0293,0.0065,0.2300,0,4
cand2032,0.0447,0.1023,50.3456,0.2012,0.0021,0.4141,0.0005,0.4980,0.0012,0.6133,0.0008,0.4316,0,4
cand2033,-0.0220,0.0901,116.2940,0.5703,0.0006,0.5078,0.0010,0.0000,0.0107,0.0000,0.0187,0.2695,0,2
cand2034,0.0218,0.1075,-33.9816,0.0391,0.0061,0.2793,0.0017,0.7344,0.0008,0.8203,0.0006,0.4683,0,4
cand2035,-0.0071,0.0971,-54.9232,0.2051,0.0010,0.4590,0.0012,0.5957,0.0004,0.2148,0.0019,0.3687,0,4
cand2036,0.0567,0.0994,61.2557,0.1602,0.0025,0.3574,0.0012,0.4941,0.0008,0.5469,0.0006,0.3896,0,4
cand2037,0.0496,0.0163,67.1818,0.0000,0.0103,0.0234,0.0010,0.1699,0.0016,0.2871,0.0006,0.1201,1,3
cand2038,0.0332,0.0291,-123.6956,0.0000,0.0197,0.0000,0.0166,0.0059,0.0083,0.0000,0.0122,0.0015,0,1
cand2039,-0.0494,0.0402,33.4312,0.2480,0.0006,0.0273,0.0062,0.0000,0.0177,0.0000,0.0221,0.0688,1,2
cand2040,0.0193,0.0221,82.2750,0.1348,0.0016,0.1172,0.0019,0.2090,0.0008,0.3242,0.0008,0.1963,1,4
cand2041,-0.0188,0.0962,46.6282,0.5352,0.0005,0.5312,0.0006,0.4766,0.0005,0.2305,0.0011,0.4434,0,4
cand2042,0.0555,0.0451,-105.8136,0.0000,0.0305,0.0000,0.0150,0.0020,0.0090,0.0293,0.0057,0.0078,0,2
cand2043,0.0236,0.0817,54.6469,0.3574,0.0012,0.3945,0.0009,0.5176,0.0010,0.6172,0.0009,0.4717,0,4
cand2044,-0.0224,0.0187,79.5718,0.1797,0.0014,0.0625,0.0019,0.0723,0.0012,0.0918,0.0035,0.1016,1,4
cand2045,-0.0410,0.0391,-30.1194,0.2246,0.0015,0.0664,0.0008,0.0000,0.0129,0.0000,0.0218,0.0728,1,2
cand2046,0.0600,0.0345,108.0101,0.0000,0.0119,0.0859,0.0025,0.2832,0.0009,0.4707,0.0004,0.2100,1,3
cand2047,0.0131,0.0583,13.4597,0.2012,0.0012,0.2969,0.0015,0.3711,0.0002,0.4434,0.0007,0.3281,1,4
cand2048,0.0268,0.0967,33.5004,0.2539,0.0009,0.4141,0.0013,0.6094,0.0012,0.6895,0.0004,0.4917,0,4
cand2049,-0.0021,0.0088,-144.3228,0.0000,0.0248,0.0000,0.0274,0.0000,0.0124,0.0000,0.0143,0.0000,1,0
cand2050,-0.0172,0.0913,99.1780,0.5469,0.0008,0.5625,0.0008,0.1582,0.0042,0.0000,0.0240,0.3169,0,3
cand2051,-0.0474,0.0746,-101.0055,0.1055,0.0008,0.1074,0.0018,0.0000,0.0105,0.0000,0.0292,0.0532,1,2
cand2052,0.0309,0.0168,-1.8473,0.0293,0.0025,0.0586,0.0017,0.1465,0.0011,0.2480,0.0005,0.1206,1,4
cand2053,0.0125,0.0921,48.1050,0.3867,0.0014,0.4688,0.0008,0.5977,0.0004,0.5859,0.0006,0.5098,0,4
cand2054,-0.0073,0.1051,12.9632,0.4824,0.0016,0.5918,0.0008,0.6387,0.0008,0.4492,0.0006,0.5405,0,4
cand2055,-0.0126,0.0256,48.1287,0.2012,0.0012,0.1016,0.0019,0.1152,0.0021,0.1543,0.0015,0.1431,1,4
cand2056,-0.0183,0.0999,69.7352,0.5391,0.0009,0.5723,0.0004,0.4355,0.0013,0.0137,0.0090,0.3901,0,4
cand2057,0.0271,0.0297,-125.9426,0.0000,0.0156,0.0000,0.0145,0.0059,0.0074,0.0000,0.0126,0.0015,1,1
cand2058,-0.0407,0.1021,32.1632,0.6660,0.0006,0.4844,0.0006,0.2109,0.0012,0.0000,0.0179,0.3403,0,3
cand2059,0.0213,0.0757,-50.2833,0.0039,0.0078,0.0977,0.0041,0.3828,0.0015,0.6074,0.0006,0.2729,0,4
cand2060,0.0005,0.0287,-133.0559,0.0000,0.0118,0.0000,0.0159,0.0000,0.0135,0.0000,0.0108,0.0000,0,0
cand2061,0.0290,0.1074,-86.0563,0.3945,0.0006,0.2070,0.0012,0.3770,0.0014,0.6895,0.0004,0.4170,0,4
cand2062,-0.0278,0.0571,-91.6355,0.0020,0.0086,0.0293,0.0054,0.1602,0.0014,0.0020,0.0098,0.0483,1,4
cand2063,-0.0355,0.0253,134.4761,0.1699,0.0026,0.0000,0.0282,0.0000,0.0411,0.0000,0.0421,0.0425,1,1
cand2064,0.0592,0.0359,-48.7504,0.0000,0.0193,0.0000,0.0190,0.0039,0.0080,0.0859,0.0007,0.0225,1,2
cand2065,0.0391,0.0051,-29.0801,0.0000,0.0271,0.0000,0.0176,0.0332,0.0047,0.1270,0.0015,0.0400,1,2
cand2066,0.0278,0.0784,57.6320,0.3086,0.0013,0.3926,0.0005,0.5000,0.0006,0.5977,0.0008,0.4497,0,4
cand2067,-0.0417,0.0405,64.4971,0.2715,0.0003,0.1055,0.0013,0.0703,0.0017,0.0000,0.0136,0.1118,1,3
cand2068,0.0575,0.0554,20.6037,0.0215,0.0085,0.0957,0.0005,0.2754,0.0017,0.4160,0.0007,0.2021,1,4
cand2069,0.0448,0.0190,58.1177,0.0176,0.0043,0.0488,0.0026,0.1738,0.0011,0.3027,0.0007,0.1357,1,4
cand2070,-0.0238,0.0467,37.5565,0.3047,0.0007,0.2012,0.0009,0.1680,0.0012,0.1270,0.0012,0.2002,1,4
cand2071,-0.0249,0.0676,-77.1119,0.0566,0.0026,0.1426,0.0033,0.2617,0.0011,0.0000,0.0107,0.1152,1,3
cand2072,-0.0224,0.0809,144.5603,0.4785,0.0010,0.0547,0.0024,0.0020,0.0089,0.0000,0.0139,0.1338,0,3
cand2073,0.0042,0.0172,-17.6361,0.0410,0.0016,0.0664,0.0024,0.1172,0.0014,0.1641,0.0011,0.0972,1,4
cand2074,0.0373,0.0188,-112.3666,0.0000,0.0306,0.0000,0.0193,0.0000,0.0126,0.0000,0.0151,0.0000,1,0
cand2075,0.0466,0.0812,64.3587,0.1719,0.0012,0.3672,0.0014,0.4590,0.0003,0.5625,0.0005,0.3901,0,4
cand2076,0.0541,0.0823,-114.8237,0.0977,0.0016,0.1973,0.0007,0.1895,0.0005,0.3066,0.0017,0.1978,0,4
cand2077,0.0584,0.1053,-130.0313,0.3574,0.0013,0.4375,0.0007,0.4688,0.0007,0.4902,0.0012,0.4385,0,4
cand2078,0.0220,0.0259,-78.5586,0.0000,0.0132,0.0000,0.0165,0.0039,0.0081,0.0723,0.0047,0.0190,1,2
cand2079,0.0303,0.0016,20.3428,0.0215,0.0042,0.0098,0.0067,0.0723,0.0011,0.1797,0.0013,0.0708,1,4
cand2080,0.0563,0.0714,-79.4255,0.0000,0.0171,0.0000,0.0111,0.0371,0.0057,0.2285,0.0011,0.0664,0,2
cand2081,0.0598,0.0321,-83.6518,0.0000,0.0230,0.0000,0.0122,0.0000,0.0142,0.0020,0.0093,0.0005,0,1
cand2082,-0.0134,0.0471,-101.1343,0.0000,0.0123,0.0000,0.0138,0.0312,0.0040,0.1621,0.0029,0.0483,0,2
cand2083,-0.0443,0.0781,-145.4773,0.0176,0.0063,0.0000,0.0116,0.0000,0.0133,0.0000,0.0247,0.0044,0,1
cand2084,0.0066,0.0193,134.3060,0.2188,0.0011,0.2188,0.0002,0.0078,0.0089,0.0000,0.0133,0.1113,1,3
cand2085,0.0060,0.0615,67.6822,0.3691,0.0004,0.3320,0.0012,0.4004,0.0006,0.4961,0.0009,0.3994,1,4
cand2086,0.0368,0.1053,-105.6765,0.4023,0.0007,0.2695,0.0007,0.3066,0.0009,0.5508,0.0010,0.3823,0,4
cand2087,-0.0074,0.0420,-45.7565,0.0625,0.0018,0.0840,0.0028,0.2266,0.0008,0.2148,0.0004,0.1470,1,4
cand2088,0.0262,0.0676,118.4867,0.4375,0.0011,0.4375,0.0004,0.5508,0.0006,0.3691,0.0015,0.4487,0,4
cand2089,0.0359,0.1000,137.0019,0.6582,0.0008,0.6797,0.0009,0.5508,0.0002,0.1738,0.0006,0.5156,0,4
cand2090,0.0456,0.0132,-86.7386,0.0000,0.0166,0.0000,0.0222,0.0000,0.0166,0.0000,0.0110,0.0000,1,0
cand2091,-0.0110,0.0066,121.4859,0.1348,0.0009,0.0938,0.0017,0.0000,0.0183,0.0000,0.0271,0.0571,1,2
cand2092,-0.0352,0.0704,-78.5631,0.1270,0.0013,0.2012,0.0012,0.1074,0.0040,0.0000,0.0215,0.1089,1,3
cand2093,-0.0405,0.0918,51.4501,0.5918,0.0005,0.4492,0.0008,0.2227,0.0012,0.0000,0.0178,0.3159,0,3
cand2094,-0.0295,0.1019,23.9659,0.6855,0.0006,0.5508,0.0008,0.3867,0.0009,0.0352,0.0081,0.4146,0,4
cand2095,0.0128,0.0021,-171.4083,0.0000,0.0197,0.0000,0.0362,0.0000,0.0298,0.0000,0.0155,0.0000,1,0
cand2096,-0.0402,0.0428,19.1420,0.2715,0.0013,0.0859,0.0015,0.0000,0.0103,0.0000,0.0176,0.0894,1,2
cand2097,0.0081,0.0904,-120.1354,0.3301,0.0012,0.0469,0.0041,0.1777,0.0009,0.3555,0.0007,0.2275,0,4
cand2098,0.0070,0.0935,-160.6850,0.5117,0.0007,0.1035,0.0037,0.0566,0.0045,0.0547,0.0037,0.1816,0,4
cand2099,0.0066,0.0292,168.2984,0.2324,0.0010,0.0059,0.0083,0.0000,0.0137,0.0000,0.0125,0.0596,0,2
cand2100,-0.0400,0.0393,-127.2891,0.0000,0.0118,0.0000,0.0190,0.0000,0.0217,0.0000,0.0184,0.0000,1,0
cand2101,-0.0055,0.0850,-159.8943,0.3809,0.0016,0.0293,0.0070,0.0000,0.0117,0.0137,0.0073,0.1060,0,3
cand2102,-0.0045,0.0934,-105.5712,0.2070,0.0010,0.0996,0.0019,0.2754,0.0010,0.4043,0.0018,0.2466,0,4
cand2103,0.0453,0.0056,-123.7388,0.0000,0.0448,0.0000,0.0360,0.0000,0.0196,0.0039,0.0086,0.0010,1,1
cand2104,0.0339,0.0231,-142.4123,0.0000,0.0176,0.0000,0.0238,0.0000,0.0113,0.0020,0.0098,0.0005,0,1
cand2105,0.0098,0.0441,-81.3604,0.0000,0.0134,0.0000,0.0136,0.0547,0.0053,0.2695,0.0009,0.0811,1,2
cand2106,-0.0474,0.0015,-57.3876,0.0137,0.0078,0.0000,0.0214,0.0000,0.0298,0.0000,0.0342,0.0034,1,1
cand2107,-0.0089,0.0048,-56.0068,0.0000,0.0140,0.0000,0.0104,0.0391,0.0047,0.0566,0.0022,0.0239,1,2
cand2108,0.0520,0.0562,-57.4678,0.0000,0.0123,0.0000,0.0106,0.0215,0.0072,0.1953,0.0028,0.0542,0,2
cand2109,0.0341,0.0798,93.5244,0.3887,0.0003,0.4414,0.0011,0.5156,0.0007,0.5781,0.0006,0.4810,0,4
cand2110,0.0165,0.0033,-152.9624,0.0000,0.0275,0.0000,0.0377,0.0000,0.0225,0.0000,0.0153,0.0000,1,0
cand2111,0.0442,0.0953,-34.9646,0.0000,0.0100,0.0391,0.0046,0.3652,0.0009,0.8203,0.0002,0.3062,0,3
cand2112,0.0506,0.0708,97.3539,0.2070,0.0015,0.3770,0.0012,0.4863,0.0005,0.5703,0.0002,0.4102,0,4
cand2113,0.0004,0.0423,-38.9316,0.0566,0.0022,0.0977,0.0020,0.2402,0.0010,0.2676,0.0009,0.1655,1,4
cand2114,-0.0142,0.0311,165.1516,0.1230,0.0020,0.0000,0.0200,0.0000,0.0221,0.0000,0.0158,0.0308,1,1
cand2115,-0.0272,0.0453,-9.7369,0.2812,0.0014,0.1621,0.0004,0.0938,0.0019,0.0117,0.0082,0.1372,1,4
cand2116,0.0004,0.0197,-48.9500,0.0000,0.0111,0.0312,0.0035,0.0918,0.0019,0.1797,0.0009,0.0757,1,3
cand2117,-0.0001,0.0411,-145.6950,0.0410,0.0031,0.0020,0.0090,0.0020,0.0091,0.0000,0.0116,0.0112,0,3
cand2118,-0.0421,0.0944,-108.4355,0.2285,0.0013,0.1680,0.0020,0.0391,0.0066,0.0000,0.0269,0.1089,1,3
cand2119,-0.0115,0.1067,-33.7564,0.4336,0.0009,0.6309,0.0005,0.5879,0.0003,0.0293,0.0076,0.4204,0,4
cand2120,-0.0165,0.0235,-2.0835,0.1562,0.0019,0.0859,0.0018,0.0645,0.0020,0.0703,0.0026,0.0942,1,4
cand2121,0.0203,0.0633,-15.1554,0.0762,0.0018,0.1816,0.0019,0.4023,0.0010,0.4941,0.0009,0.2886,1,4
cand2122,-0.0402,0.0571,-105.1295,0.0039,0.0096,0.0117,0.0059,0.0508,0.0026,0.0000,0.0166,0.0166,1,3
cand2123,0.0305,0.1012,134.3440,0.7090,0.0005,0.6523,0.0014,0.5254,0.0007,0.1094,0.0018,0.4990,0,4
cand2124,-0.0412,0.0393,-88.9800,0.0156,0.0052,0.0098,0.0063,0.0176,0.0056,0.0000,0.0194,0.0107,1,3
cand2125,-0.0469,0.1099,-93.6463,0.4707,0.0008,0.4258,0.0009,0.0000,0.0151,0.0000,0.0406,0.2241,1,2
cand2126,-0.0356,0.0718,-115.6283,0.0215,0.0044,0.0117,0.0065,0.1035,0.0020,0.0000,0.0147,0.0342,0,3
cand2127,-0.0242,0.0078,40.9015,0.0840,0.0023,0.0000,0.0107,0.0000,0.0120,0.0039,0.0091,0.0220,1,2
cand2128,0.0275,0.0737,-76.7206,0.0332,0.0056,0.0000,0.0106,0.1094,0.0014,0.5039,0.0014,0.1616,0,3
cand2129,0.0205,0.0985,-90.2712,0.3184,0.0006,0.1133,0.0017,0.3223,0.0019,0.6582,0.0003,0.3530,0,4
cand2130,-0.0260,0.0900,-60.9744,0.3301,0.0009,0.4805,0.0005,0.2930,0.0010,0.0000,0.0175,0.2759,1,3
cand2131,0.0498,0.0866,-137.9497,0.3594,0.0006,0.3145,0.0012,0.2910,0.0015,0.3027,0.0011,0.3169,0,4
cand2132,-0.0455,0.0874,-18.0927,0.5723,0.0010,0.2988,0.0006,0.0000,0.0160,0.0000,0.0351,0.2178,1,2
cand2133,-0.0414,0.0970,-172.7629,0.0508,0.0061,0.0000,0.0136,0.0000,0.0115,0.0000,0.0275,0.0127,0,1
cand2134,0.0284,0.0576,4.2373,0.0859,0.0028,0.2070,0.0007,0.3574,0.0005,0.4961,0.0016,0.2866,1,4
cand2135,0.0420,0.0725,43.5840,0.1582,0.0022,0.2930,0.0009,0.4219,0.0004,0.5605,0.0006,0.3584,0,4
cand2136,0.0454,0.1011,48.7445,0.1777,0.0024,0.4102,0.0012,0.4863,0.0005,0.6113,0.0008,0.4214,0,4
cand2137,0.0498,0.0529,-143.9735,0.1250,0.0004,0.0684,0.0013,0.1172,0.0006,0.0781,0.0038,0.0972,0,4
cand2138,-0.0481,0.0041,165.7945,0.0000,0.0334,0.0000,0.0548,0.0000,0.0520,0.0000,0.0395,0.0000,1,0
cand2139,-0.0345,0.0058,169.6406,0.0000,0.0249,0.0000,0.0476,0.0000,0.0431,0.0000,0.0338,0.0000,1,0
cand2140,-0.0055,0.1051,45.6824,0.4766,0.0008,0.6113,0.0010,0.6133,0.0005,0.3828,0.0008,0.5210,0,4
cand2141,-0.0170,0.0544,-47.1216,0.0859,0.0039,0.1953,0.0019,0.2324,0.0012,0.1504,0.0026,0.1660,1,4
cand2142,0.0540,0.0428,18.3087,0.0293,0.0067,0.0801,0.0021,0.2383,0.0015,0.3730,0.0010,0.1802,1,4
cand2143,-0.0441,0.0010,-8.2107,0.0234,0.0044,0.0000,0.0262,0.0000,0.0325,0.0000,0.0315,0.0059,1,1
cand2144,-0.0209,0.0426,-44.7526,0.1094,0.0038,0.1387,0.0019,0.1406,0.0009,0.0781,0.0045,0.1167,1,4
cand2145,0.0282,0.0172,165.7668,0.2207,0.0017,0.0273,0.0045,0.0137,0.0056,0.0156,0.0046,0.0693,0,4
cand2146,-0.0420,0.0255,-129.2143,0.0000,0.0101,0.0000,0.0250,0.0000,0.0293,0.0000,0.0271,0.0000,1,0
cand2147,-0.0015,0.0108,-132.4885,0.0000,0.0204,0.0000,0.0180,0.0000,0.0170,0.0000,0.0163,0.0000,1,0
cand2148,-0.0066,0.0005,144.1280,0.1641,0.0010,0.0000,0.0215,0.0000,0.0328,0.0000,0.0310,0.0410,1,1
cand2149,-0.0364,0.0333,147.3886,0.0684,0.0027,0.0000,0.0292,0.0000,0.0363,0.0000,0.0322,0.0171,1,1
cand2150,-0.0063,0.0505,100.3143,0.3750,0.0011,0.3164,0.0010,0.4160,0.0011,0.0000,0.0104,0.2769,1,3
cand2151,0.0069,0.0279,88.8133,0.2070,0.0009,0.1582,0.0013,0.2402,0.0010,0.3770,0.0004,0.2456,1,4
cand2152,-0.0322,0.0952,-47.0878,0.5371,0.0008,0.4766,0.0006,0.1250,0.0043,0.0000,0.0239,0.2847,1,3
cand2153,-0.0004,0.0811,-103.5034,0.1191,0.0021,0.0176,0.0042,0.1992,0.0014,0.4297,0.0012,0.1914,0,4
cand2154,0.0358,0.0198,-60.3635,0.0000,0.0219,0.0000,0.0191,0.0117,0.0086,0.0566,0.0048,0.0171,1,2
cand2155,-0.0087,0.0059,-51.3677,0.0020,0.0094,0.0059,0.0078,0.0410,0.0033,0.0605,0.0007,0.0273,1,4
cand2156,-0.0380,0.0006,-8.3935,0.0391,0.0016,0.0000,0.0241,0.0000,0.0278,0.0000,0.0258,0.0098,1,1
cand2157,0.0485,0.0550,114.0510,0.1602,0.0007,0.2793,0.0006,0.4492,0.0009,0.5820,0.0005,0.3677,0,4
cand2158,-0.0058,0.0595,-140.6330,0.0742,0.0022,0.0000,0.0104,0.0000,0.0125,0.0078,0.0077,0.0205,0,2
cand2159,0.0157,0.0053,98.5713,0.0488,0.0034,0.0273,0.0048,0.1152,0.0007,0.2715,0.0005,0.1157,1,4
cand2160,0.0287,0.0785,-179.0511,0.5977,0.0010,0.3516,0.0008,0.1484,0.0018,0.0293,0.0060,0.2817,0,4
cand2161,-0.0054,0.0327,121.0817,0.2949,0.0006,0.2930,0.0002,0.0156,0.0083,0.0000,0.0162,0.1509,1,3
cand2162,0.0316,0.0273,53.5080,0.1152,0.0020,0.1289,0.0015,0.2246,0.0018,0.3281,0.0006,0.1992,1,4
cand2163,-0.0287,0.0290,-120.4342,0.0000,0.0108,0.0000,0.0206,0.0000,0.0194,0.0000,0.0126,0.0000,1,0
cand2164,-0.0467,0.0734,50.2193,0.4609,0.0009,0.2773,0.0008,0.1094,0.0024,0.0000,0.0188,0.2119,1,3
cand2165,0.0106,0.0747,-3.6743,0.2070,0.0014,0.3320,0.0013,0.4688,0.0009,0.5293,0.0008,0.3843,1,4
cand2166,0.0408,0.0905,-79.8494,0.0742,0.0033,0.0664,0.0023,0.1992,0.0021,0.4844,0.0015,0.2061,0,4
cand2167,-0.0408,0.0643,-167.2529,0.0059,0.0093,0.0000,0.0137,0.0000,0.0108,0.0000,0.0241,0.0015,0,1
cand2168,-0.0176,0.0899,-166.2453,0.2109,0.0018,0.0293,0.0045,0.0000,0.0164,0.0195,0.0065,0.0649,0,3
cand2169,-0.0323,0.0556,102.3988,0.4238,0.0008,0.3516,0.0013,0.0000,0.0184,0.0000,0.0363,0.1938,1,2
cand2170,0.0113,0.0729,-26.5720,0.0723,0.0023,0.2441,0.0004,0.4668,0.0006,0.5098,0.0007,0.3232,0,4
cand2171,0.0100,0.0460,133.0040,0.3711,0.0009,0.3887,0.0009,0.2109,0.0021,0.0352,0.0051,0.2515,0,4
cand2172,-0.0159,0.0124,54.5568,0.1289,0.0014,0.0312,0.0013,0.0352,0.0023,0.0742,0.0019,0.0674,1,4
cand2173,0.0265,0.0076,82.6881,0.0254,0.0036,0.0234,0.0061,0.1250,0.0020,0.2598,0.0002,0.1084,1,4
cand2174,0.0440,0.0113,-5.0505,0.0000,0.0190,0.0195,0.0072,0.0898,0.0025,0.2051,0.0009,0.0786,1,3
cand2175,-0.0355,0.0315,-29.8713,0.1797,0.0019,0.0527,0.0019,0.0000,0.0102,0.0000,0.0160,0.0581,1,2
cand2176,0.0599,0.0542,-153.4867,0.1836,0.0011,0.1211,0.0014,0.2129,0.0014,0.2129,0.0018,0.1826,0,4
cand2177,0.0308,0.0606,-152.8143,0.2715,0.0006,0.1387,0.0005,0.0371,0.0048,0.0195,0.0054,0.1167,0,4
cand2178,0.0381,0.0535,-46.4992,0.0000,0.0103,0.0098,0.0070,0.0742,0.0031,0.4160,0.0016,0.1250,1,3
cand2179,0.0093,0.0412,114.5443,0.3008,0.0008,0.2969,0.0011,0.4238,0.0009,0.1152,0.0021,0.2842,0,4
cand2180,0.0092,0.0786,55.6890,0.3945,0.0012,0.4141,0.0007,0.5098,0.0006,0.5625,0.0008,0.4702,1,4
cand2181,0.0585,0.0035,-126.1420,0.0000,0.0532,0.0000,0.0468,0.0000,0.0240,0.0020,0.0097,0.0005,0,1
cand2182,0.0194,0.0106,148.3038,0.1309,0.0017,0.0898,0.0007,0.0039,0.0092,0.0078,0.0088,0.0581,1,4
cand2183,-0.0229,0.0347,156.6655,0.1445,0.0013,0.0000,0.0212,0.0000,0.0255,0.0000,0.0207,0.0361,1,1
cand2184,0.0266,0.0024,10.1825,0.0254,0.0029,0.0137,0.0033,0.0762,0.0020,0.1777,0.0014,0.0732,1,4
cand2185,-0.0132,0.0265,-169.7422,0.0098,0.0089,0.0000,0.0236,0.0000,0.0192,0.0020,0.0097,0.0029,1,2
cand2186,0.0089,0.0244,109.7435,0.1953,0.0005,0.1641,0.0013,0.3047,0.0007,0.2422,0.0009,0.2266,1,4
cand2187,0.0477,0.0644,-116.7130,0.0234,0.0058,0.0684,0.0021,0.0469,0.0060,0.1367,0.0037,0.0688,0,4
cand2188,-0.0050,0.0252,27.0544,0.1914,0.0021,0.1094,0.0021,0.1445,0.0024,0.1719,0.0009,0.1543,1,4
cand2189,-0.0102,0.0311,30.5039,0.2207,0.0011,0.1445,0.0011,0.1445,0.0018,0.1777,0.0014,0.1719,1,4
cand2190,-0.0251,0.0361,26.2379,0.2578,0.0005,0.1328,0.0021,0.0938,0.0025,0.0586,0.0034,0.1357,1,4
cand2191,-0.0131,0.0360,-156.4338,0.0059,0.0085,0.0000,0.0130,0.0000,0.0116,0.0000,0.0118,0.0015,0,1
cand2192,-0.0433,0.0914,-165.1246,0.0195,0.0075,0.0000,0.0151,0.0000,0.0130,0.0000,0.0281,0.0049,0,1
cand2193,-0.0111,0.0424,92.6972,0.3145,0.0010,0.2539,0.0006,0.3496,0.0010,0.0215,0.0078,0.2349,1,4
cand2194,-0.0061,0.0465,-20.2230,0.1602,0.0014,0.2070,0.0014,0.2402,0.0012,0.2266,0.0008,0.2085,1,4
cand2195,-0.0493,0.0748,-102.7319,0.1113,0.0020,0.1016,0.0020,0.0000,0.0121,0.0000,0.0304,0.0532,1,2
cand2196,0.0570,0.0798,106.8276,0.1250,0.0032,0.4043,0.0004,0.5469,0.0006,0.6016,0.0013,0.4194,1,4
cand2197,-0.0198,0.0491,23.5688,0.3105,0.0009,0.2168,0.0007,0.1836,0.0003,0.1504,0.0009,0.2153,1,4
cand2198,0.0464,0.0252,-163.9362,0.0605,0.0021,0.0000,0.0129,0.0312,0.0041,0.0371,0.0036,0.0322,0,3
cand2199,0.0032,0.0445,-14.8640,0.1230,0.0018,0.1914,0.0009,0.2695,0.0010,0.3125,0.0004,0.2241,1,4
cand2200,0.0452,0.0066,59.4975,0.0000,0.0130,0.0078,0.0071,0.1035,0.0006,0.2500,0.0016,0.0903,1,3
cand2201,-0.0029,0.0655,125.6105,0.5059,0.0003,0.5020,0.0003,0.1113,0.0022,0.0078,0.0073,0.2817,0,4
cand2202,-0.0171,0.0104,-37.3933,0.0508,0.0022,0.0312,0.0020,0.0176,0.0063,0.0195,0.0063,0.0298,1,4
cand2203,-0.0007,0.0775,111.0831,0.5137,0.0008,0.4980,0.0003,0.4746,0.0007,0.0098,0.0070,0.3740,0,4
cand2204,-0.0360,0.0092,167.5144,0.0000,0.0228,0.0000,0.0459,0.0000,0.0423,0.0000,0.0337,0.0000,1,0
cand2205,0.0597,0.0286,-152.9165,0.0098,0.0087,0.0000,0.0177,0.0371,0.0014,0.1094,0.0016,0.0391,0,3
cand2206,0.0203,0.0817,-17.3656,0.0645,0.0008,0.2617,0.0015,0.5430,0.0009,0.6191,0.0009,0.3721,0,4
cand2207,-0.0249,0.0203,64.4912,0.1699,0.0016,0.0488,0.0012,0.0371,0.0023,0.0977,0.0018,0.0884,1,4
cand2208,-0.0120,0.0124,-115.1653,0.0039,0.0084,0.0000,0.0217,0.0000,0.0231,0.0000,0.0142,0.0010,1,1
cand2209,0.0505,0.0508,100.9356,0.1133,0.0014,0.2363,0.0011,0.3828,0.0011,0.5234,0.0007,0.3140,1,4
cand2210,0.0430,0.0352,93.1118,0.0957,0.0012,0.1582,0.0019,0.3047,0.0016,0.4395,0.0007,0.2495,1,4
cand2211,0.0369,0.0825,-36.2606,0.0000,0.0131,0.0605,0.0028,0.3555,0.0010,0.7031,0.0006,0.2798,0,3
cand2212,0.0576,0.0651,124.5470,0.0801,0.0043,0.3164,0.0009,0.5176,0.0008,0.6484,0.0010,0.3906,1,4
cand2213,0.0072,0.0357,-41.9459,0.0117,0.0090,0.0820,0.0004,0.1953,0.0013,0.2754,0.0012,0.1411,1,4
cand2214,-0.0197,0.0849,169.8149,0.3086,0.0002,0.0371,0.0025,0.0098,0.0076,0.0000,0.0113,0.0889,0,3
cand2215,-0.0464,0.0317,-74.3957,0.0371,0.0039,0.0273,0.0026,0.0000,0.0155,0.0000,0.0267,0.0161,1,2
cand2216,-0.0345,0.0822,-157.6199,0.0410,0.0067,0.0000,0.0147,0.0000,0.0111,0.0000,0.0177,0.0103,0,1
cand2217,-0.0341,0.0613,158.7090,0.1348,0.0026,0.0000,0.0129,0.0000,0.0165,0.0000,0.0135,0.0337,0,1
cand2218,0.0163,0.0937,67.7663,0.4473,0.0006,0.4844,0.0004,0.5840,0.0007,0.5996,0.0005,0.5288,0,4
cand2219,0.0492,0.0892,91.2597,0.2695,0.0007,0.4629,0.0004,0.5410,0.0011,0.5684,0.0010,0.4604,0,4
cand2220,-0.0320,0.0680,88.1715,0.4648,0.0005,0.3965,0.0008,0.0586,0.0062,0.0000,0.0288,0.2300,1,3
cand2221,0.0361,0.0911,7.5469,0.0957,0.0022,0.2715,0.0009,0.5254,0.0010,0.7168,0.0003,0.4023,0,4
cand2222,-0.0155,0.0380,49.3114,0.2637,0.0009,0.1719,0.0008,0.1816,0.0010,0.1973,0.0005,0.2036,1,4
cand2223,0.0078,0.0713,154.6976,0.6426,0.0003,0.3105,0.0012,0.0723,0.0020,0.0176,0.0083,0.2607,0,4
cand2224,0.0576,0.0910,76.3965,0.1406,0.0014,0.3789,0.0009,0.5215,0.0009,0.5469,0.0007,0.3970,0,4
cand2225,-0.0026,0.0903,-51.5472,0.1172,0.0016,0.3691,0.0007,0.5742,0.0011,0.4297,0.0011,0.3726,0,4
cand2226,0.0213,0.0998,29.5614,0.2969,0.0007,0.4258,0.0010,0.6445,0.0007,0.6758,0.0005,0.5107,0,4
cand2227,-0.0084,0.0200,69.1114,0.1777,0.0021,0.0938,0.0009,0.1172,0.0017,0.1895,0.0012,0.1445,1,4
cand2228,-0.0012,0.0156,-37.9899,0.0098,0.0061,0.0391,0.0046,0.0977,0.0010,0.1426,0.0016,0.0723,1,4
cand2229,0.0446,0.1014,149.3748,0.5723,0.0006,0.7656,0.0002,0.5938,0.0007,0.2012,0.0018,0.5332,0,4
cand2230,-0.0488,0.0382,-73.1333,0.0488,0.0056,0.0547,0.0042,0.0000,0.0178,0.0000,0.0295,0.0259,1,2
cand2231,0.0284,0.0205,-104.1473,0.0000,0.0192,0.0000,0.0119,0.0000,0.0153,0.0000,0.0133,0.0000,1,0
cand2232,0.0462,0.0532,102.7634,0.1699,0.0017,0.2734,0.0014,0.4199,0.0005,0.5469,0.0004,0.3525,0,4
cand2233,0.0239,0.0415,132.0062,0.2812,0.0013,0.3105,0.0012,0.4199,0.0006,0.2051,0.0016,0.3042,0,4
cand2234,0.0490,0.1042,-53.4998,0.0215,0.0024,0.0605,0.0055,0.2910,0.0007,0.6875,0.0007,0.2651,0,4
cand2235,0.0563,0.0585,-161.5702,0.3047,0.0005,0.2070,0.0010,0.2617,0.0015,0.2051,0.0008,0.2446,0,4
cand2236,-0.0055,0.0956,3.8451,0.3945,0.0013,0.5352,0.0004,0.5840,0.0005,0.4551,0.0010,0.4922,0,4
cand2237,-0.0382,0.0620,-42.1695,0.3633,0.0016,0.2129,0.0011,0.0098,0.0087,0.0000,0.0219,0.1465,1,3
cand2238,0.0392,0.0402,55.6120,0.1211,0.0017,0.1855,0.0014,0.2969,0.0005,0.4062,0.0007,0.2524,1,4
cand2239,-0.0226,0.0276,-159.1824,0.0000,0.0119,0.0000,0.0204,0.0000,0.0109,0.0000,0.0158,0.0000,0,0
cand2240,-0.0408,0.0183,-148.4493,0.0000,0.0177,0.0000,0.0162,0.0000,0.0277,0.0000,0.0331,0.0000,1,0
cand2241,-0.0119,0.0835,-105.1568,0.1055,0.0025,0.0332,0.0020,0.2344,0.0011,0.2695,0.0004,0.1606,0,4
cand2242,0.0409,0.0207,6.6779,0.0215,0.0040,0.0645,0.0021,0.1582,0.0014,0.2734,0.0007,0.1294,1,4
cand2243,-0.0310,0.0487,-162.7149,0.0156,0.0052,0.0000,0.0150,0.0059,0.0079,0.0000,0.0189,0.0054,0,2
cand2244,-0.0259,0.1094,22.8597,0.7129,0.0009,0.6211,0.0008,0.4707,0.0006,0.0762,0.0067,0.4702,0,4
cand2245,0.0487,0.0412,-52.1544,0.0000,0.0157,0.0000,0.0150,0.0137,0.0085,0.1797,0.0030,0.0483,1,2
cand2246,-0.0176,0.0043,0.7696,0.0840,0.0017,0.0000,0.0105,0.0000,0.0102,0.0059,0.0073,0.0225,1,2
cand2247,0.0280,0.0662,-24.1883,0.0215,0.0081,0.1035,0.0035,0.3633,0.0005,0.5527,0.0007,0.2603,1,4
cand2248,-0.0286,0.0810,71.9689,0.5215,0.0007,0.4434,0.0011,0.2988,0.0005,0.0000,0.0157,0.3159,0,3
cand2249,-0.0049,0.0177,106.8088,0.1914,0.0010,0.1152,0.0013,0.2246,0.0018,0.0000,0.0115,0.1328,1,3
cand2250,0.0494,0.0718,-9.7316,0.0176,0.0050,0.0918,0.0012,0.2754,0.0010,0.5781,0.0002,0.2407,0,4
cand2251,0.0491,0.0334,-4.1291,0.0000,0.0100,0.0410,0.0042,0.1562,0.0018,0.3027,0.0018,0.1250,1,3
cand2252,0.0600,0.0206,67.4117,0.0000,0.0160,0.0137,0.0071,0.1660,0.0014,0.3164,0.0002,0.1240,1,3
cand2253,0.0010,0.0852,178.3347,0.5039,0.0008,0.1152,0.0015,0.0156,0.0077,0.0000,0.0154,0.1587,0,3
cand2254,0.0141,0.0810,-42.9284,0.0195,0.0064,0.1348,0.0050,0.5332,0.0014,0.6035,0.0003,0.3228,0,4
cand2255,-0.0219,0.0692,-109.4575,0.0176,0.0072,0.0000,0.0123,0.0977,0.0021,0.1289,0.0011,0.0610,0,3
cand2256,0.0267,0.0501,-162.5855,0.2441,0.0005,0.0938,0.0012,0.0254,0.0023,0.0273,0.0051,0.0977,0,4
cand2257,-0.0171,0.1010,148.2344,0.5234,0.0001,0.1016,0.0007,0.0215,0.0059,0.0000,0.0121,0.1616,0,3
cand2258,0.0152,0.0415,66.1210,0.2520,0.0011,0.2344,0.0009,0.3066,0.0003,0.4062,0.0006,0.2998,1,4
cand2259,-0.0468,0.0783,12.6509,0.4922,0.0006,0.2363,0.0021,0.0000,0.0127,0.0000,0.0251,0.1821,1,2
cand2260,0.0301,0.1087,66.9207,0.4004,0.0018,0.5039,0.0008,0.5742,0.0009,0.6113,0.0007,0.5225,0,4
cand2261,0.0495,0.0446,160.7350,0.1543,0.0022,0.3652,0.0010,0.3359,0.0004,0.2988,0.0009,0.2886,0,4
cand2262,0.0590,0.0983,-150.8166,0.4707,0.0007,0.4648,0.0010,0.5352,0.0005,0.4414,0.0021,0.4780,0,4
cand2263,-0.0416,0.0925,105.5537,0.5781,0.0001,0.0859,0.0054,0.0000,0.0302,0.0000,0.0418,0.1660,0,2
cand2264,-0.0437,0.0077,110.5778,0.1543,0.0015,0.0000,0.0183,0.0000,0.0384,0.0000,0.0506,0.0386,1,1
cand2265,-0.0154,0.0398,-39.3090,0.0996,0.0025,0.1309,0.0023,0.1641,0.0004,0.1328,0.0014,0.1318,1,4
cand2266,-0.0478,0.0601,-138.1259,0.0000,0.0121,0.0000,0.0147,0.0000,0.0201,0.0000,0.0251,0.0000,1,0
cand2267,0.0210,0.0106,164.4673,0.1816,0.0013,0.0000,0.0128,0.0000,0.0146,0.0000,0.0106,0.0454,1,1
cand2268,0.0429,0.0809,-169.5913,0.5723,0.0011,0.3848,0.0006,0.3398,0.0019,0.1719,0.0012,0.3672,0,4
cand2269,0.0028,0.0254,-43.0002,0.0273,0.0059,0.0527,0.0026,0.1328,0.0015,0.2090,0.0006,0.1055,1,4
cand2270,0.0113,0.0799,30.2818,0.3242,0.0006,0.4004,0.0010,0.4980,0.0004,0.5801,0.0010,0.4507,1,4
cand2271,-0.0312,0.0196,24.7449,0.1621,0.0008,0.0195,0.0042,0.0000,0.0114,0.0000,0.0122,0.0454,1,2
cand2272,-0.0210,0.0692,-116.7862,0.0137,0.0065,0.0000,0.0109,0.0488,0.0034,0.1543,0.0023,0.0542,0,3
cand2273,0.0425,0.0545,13.4205,0.0586,0.0028,0.1367,0.0017,0.3105,0.0004,0.4805,0.0012,0.2466,1,4
cand2274,0.0301,0.0669,120.3704,0.3887,0.0005,0.4297,0.0008,0.5527,0.0009,0.3965,0.0006,0.4419,0,4
cand2275,-0.0270,0.0883,103.0278,0.5566,0.0008,0.5391,0.0002,0.0000,0.0151,0.0000,0.0308,0.2739,0,2
cand2276,-0.0271,0.0066,-134.2837,0.0000,0.0195,0.0000,0.0196,0.0000,0.0289,0.0000,0.0293,0.0000,1,0
cand2277,-0.0007,0.0608,-96.6069,0.0000,0.0108,0.0000,0.0108,0.0625,0.0037,0.3086,0.0011,0.0928,0,2
cand2278,0.0028,0.0467,54.1251,0.2832,0.0009,0.2500,0.0008,0.3105,0.0011,0.3828,0.0005,0.3066,1,4
cand2279,0.0388,0.0127,178.3754,0.1113,0.0016,0.0000,0.0132,0.0059,0.0091,0.0156,0.0045,0.0332,0,3
cand2280,-0.0160,0.0072,18.0539,0.0938,0.0008,0.0078,0.0073,0.0059,0.0077,0.0312,0.0049,0.0347,1,4
cand2281,-0.0313,0.0830,-136.3841,0.0449,0.0058,0.0000,0.0144,0.0469,0.0039,0.0000,0.0127,0.0229,0,2
cand2282,-0.0241,0.0836,154.0312,0.3613,0.0015,0.0312,0.0069,0.0156,0.0056,0.0000,0.0119,0.1021,0,3
cand2283,-0.0075,0.0864,72.7854,0.4844,0.0011,0.4922,0.0010,0.5391,0.0008,0.2773,0.0004,0.4482,1,4
cand2284,0.0161,0.0581,-154.8298,0.2344,0.0007,0.0312,0.0059,0.0234,0.0030,0.0059,0.0091,0.0737,0,4
cand2285,0.0268,0.0994,-113.3445,0.4434,0.0006,0.1875,0.0004,0.2500,0.0021,0.5059,0.0011,0.3467,0,4
cand2286,-0.0083,0.0302,-74.8873,0.0000,0.0150,0.0078,0.0085,0.0664,0.0003,0.1738,0.0006,0.0620,1,3
cand2287,0.0199,0.0246,7.4590,0.0703,0.0043,0.1113,0.0009,0.1973,0.0014,0.2715,0.0005,0.1626,1,4
cand2288,0.0545,0.0157,71.5051,0.0000,0.0152,0.0156,0.0044,0.1543,0.0007,0.2910,0.0009,0.1152,1,3
cand2289,-0.0291,0.0257,-161.9567,0.0000,0.0137,0.0000,0.0238,0.0000,0.0123,0.0000,0.0193,0.0000,0,0
cand2290,0.0368,0.0051,-20.3815,0.0000,0.0196,0.0039,0.0087,0.0605,0.0029,0.1777,0.0025,0.0605,1,3
cand2291,0.0157,0.0821,-50.1885,0.0078,0.0080,0.1328,0.0019,0.4922,0.0005,0.6270,0.0009,0.3149,0,4
cand2292,0.0387,0.0134,-62.6698,0.0000,0.0223,0.0000,0.0256,0.0000,0.0138,0.0449,0.0032,0.0112,1,1
cand2293,-0.0428,0.0083,18.0254,0.0625,0.0024,0.0000,0.0186,0.0000,0.0258,0.0000,0.0281,0.0156,1,1
cand2294,-0.0154,0.0494,26.1357,0.3105,0.0010,0.2344,0.0014,0.2168,0.0011,0.2109,0.0021,0.2432,1,4
cand2295,-0.0441,0.0271,156.9907,0.0000,0.0153,0.0000,0.0386,0.0000,0.0388,0.0000,0.0330,0.0000,1,0
cand2296,-0.0355,0.0662,-30.7752,0.4121,0.0015,0.2520,0.0010,0.0605,0.0050,0.0000,0.0200,0.1812,1,3
cand2297,-0.0201,0.0415,143.1299,0.3867,0.0010,0.0000,0.0109,0.0000,0.0234,0.0000,0.0203,0.0967,1,1
cand2298,0.0270,0.0905,-35.5592,0.0117,0.0069,0.1230,0.0018,0.5586,0.0009,0.7480,0.0011,0.3604,0,4
cand2299,-0.0414,0.0352,93.0118,0.2832,0.0010,0.1543,0.0016,0.0000,0.0183,0.0000,0.0359,0.1094,1,2
cand2300,0.0093,0.0858,-108.7750,0.2520,0.0017,0.0332,0.0056,0.1641,0.0029,0.4355,0.0006,0.2212,0,4
cand2301,0.0347,0.0225,87.4517,0.0625,0.0014,0.0859,0.0027,0.2266,0.0013,0.3535,0.0009,0.1821,1,4
cand2302,0.0186,0.0063,158.3142,0.1602,0.0011,0.0000,0.0128,0.0000,0.0172,0.0000,0.0133,0.0400,1,1
cand2303,0.0510,0.0470,-134.8230,0.0156,0.0063,0.0098,0.0079,0.0508,0.0022,0.0430,0.0046,0.0298,0,4
cand2304,-0.0103,0.0447,-92.8891,0.0000,0.0143,0.0020,0.0093,0.0508,0.0025,0.1855,0.0019,0.0596,1,3
cand2305,-0.0103,0.0892,34.7496,0.4609,0.0012,0.4824,0.0012,0.5234,0.0011,0.3848,0.0012,0.4629,0,4
cand2306,0.0105,0.0343,86.9091,0.2402,0.0021,0.2012,0.0004,0.2812,0.0006,0.4023,0.0009,0.2812,1,4
cand2307,-0.0350,0.0209,9.8189,0.1543,0.0017,0.0117,0.0071,0.0000,0.0154,0.0000,0.0173,0.0415,1,2
cand2308,-0.0028,0.0834,139.1616,0.6523,0.0007,0.3945,0.0008,0.0625,0.0026,0.0176,0.0041,0.2817,0,4
cand2309,-0.0001,0.0054,-167.0757,0.0000,0.0200,0.0000,0.0376,0.0000,0.0258,0.0000,0.0188,0.0000,1,0
cand2310,0.0485,0.0494,-112.5985,0.0000,0.0198,0.0000,0.0122,0.0059,0.0079,0.0352,0.0064,0.0103,0,2
cand2311,-0.0181,0.0272,12.4511,0.2070,0.0007,0.0957,0.0030,0.0820,0.0009,0.0859,0.0025,0.1177,1,4
cand2312,-0.0238,0.0824,169.5404,0.2539,0.0023,0.0293,0.0032,0.0020,0.0096,0.0020,0.0092,0.0718,0,4
cand2313,0.0304,0.0966,74.1211,0.4023,0.0007,0.4883,0.0014,0.5469,0.0012,0.6016,0.0006,0.5098,0,4
cand2314,-0.0366,0.1097,121.0082,0.5684,0.0004,0.0605,0.0044,0.0000,0.0154,0.0000,0.0202,0.1572,0,2
cand2315,0.0527,0.1020,-68.5424,0.0059,0.0080,0.1270,0.0013,0.2676,0.0009,0.5605,0.0007,0.2402,0,4
cand2316,0.0277,0.0878,81.0655,0.4180,0.0009,0.4316,0.0005,0.5352,0.0005,0.5801,0.0006,0.4912,0,4
cand2317,0.0590,0.0145,-93.2790,0.0000,0.0367,0.0000,0.0156,0.0000,0.0150,0.0000,0.0123,0.0000,1,0
cand2318,-0.0473,0.0350,41.7376,0.2148,0.0013,0.0234,0.0048,0.0000,0.0163,0.0000,0.0169,0.0596,1,2
cand2319,-0.0118,0.0729,-29.2414,0.2402,0.0022,0.3770,0.0014,0.3574,0.0005,0.2461,0.0010,0.3052,1,4
cand2320,-0.0375,0.0781,-93.3482,0.1172,0.0013,0.1504,0.0016,0.1172,0.0025,0.0000,0.0238,0.0962,1,3
cand2321,-0.0167,0.0531,71.1445,0.3555,0.0012,0.2852,0.0010,0.3164,0.0007,0.2188,0.0014,0.2939,1,4
cand2322,0.0338,0.0500,-103.9490,0.0000,0.0118,0.0039,0.0088,0.0000,0.0113,0.0547,0.0043,0.0146,0,2
cand2323,0.0505,0.0944,-46.9754,0.0078,0.0065,0.0059,0.0074,0.2168,0.0008,0.6758,0.0006,0.2266,0,4
cand2324,-0.0311,0.0934,81.9285,0.5527,0.0003,0.5273,0.0011,0.1641,0.0028,0.0000,0.0292,0.3110,0,3
cand2325,0.0388,0.0543,127.1313,0.2617,0.0016,0.3418,0.0009,0.5156,0.0008,0.4746,0.0008,0.3984,0,4
cand2326,-0.0420,0.0912,-119.9453,0.1484,0.0025,0.0488,0.0040,0.0781,0.0049,0.0000,0.0250,0.0688,1,3
cand2327,0.0568,0.0348,179.5971,0.0625,0.0056,0.1641,0.0015,0.1758,0.0009,0.2539,0.0009,0.1641,0,4
cand2328,-0.0430,0.0432,92.9586,0.3398,0.0002,0.1914,0.0015,0.0000,0.0197,0.0000,0.0384,0.1328,1,2
cand2329,0.0233,0.0425,-38.9511,0.0137,0.0056,0.0273,0.0052,0.1875,0.0015,0.3789,0.0016,0.1519,1,4
cand2330,0.0223,0.1066,-28.1572,0.0254,0.0076,0.3145,0.0003,0.7324,0.0004,0.8105,0.0006,0.4707,0,4
cand2331,0.0044,0.0812,92.0856,0.4824,0.0005,0.4707,0.0010,0.5625,0.0004,0.2988,0.0022,0.4536,0,4
cand2332,0.0591,0.0072,-108.8474,0.0000,0.0512,0.0000,0.0355,0.0000,0.0113,0.0000,0.0131,0.0000,1,0
cand2333,0.0153,0.0281,168.9199,0.2676,0.0012,0.0254,0.0048,0.0020,0.0095,0.0078,0.0074,0.0757,0,4
cand2334,0.0474,0.0906,-110.1650,0.1875,0.0008,0.2578,0.0013,0.1973,0.0015,0.3730,0.0012,0.2539,0,4
cand2335,-0.0369,0.0686,-105.4507,0.0195,0.0041,0.0215,0.0069,0.1270,0.0024,0.0000,0.0161,0.0420,1,3
cand2336,0.0188,0.0141,147.2558,0.1523,0.0015,0.1270,0.0010,0.0137,0.0072,0.0059,0.0092,0.0747,1,4
cand2337,0.0221,0.0943,-89.3661,0.2754,0.0003,0.0938,0.0030,0.2656,0.0008,0.6250,0.0008,0.3149,0,4
cand2338,0.0257,0.0613,-65.2186,0.0000,0.0127,0.0078,0.0073,0.1387,0.0014,0.4629,0.0006,0.1523,0,3
cand2339,0.0066,0.0383,-149.4018,0.0703,0.0015,0.0000,0.0140,0.0000,0.0125,0.0000,0.0124,0.0176,0,1
cand2340,0.0426,0.0759,14.7766,0.0918,0.0021,0.2227,0.0019,0.4062,0.0001,0.6387,0.0009,0.3398,0,4
cand2341,0.0354,0.0312,14.8810,0.0625,0.0029,0.1035,0.0031,0.2324,0.0010,0.3379,0.0004,0.1841,1,4
cand2342,-0.0479,0.0139,30.0948,0.0898,0.0030,0.0000,0.0180,0.0000,0.0283,0.0000,0.0293,0.0225,1,1
cand2343,0.0482,0.0434,-142.7349,0.0410,0.0019,0.0117,0.0067,0.0410,0.0049,0.0391,0.0064,0.0332,0,4
cand2344,-0.0421,0.0335,111.1568,0.3535,0.0007,0.0000,0.0137,0.0000,0.0350,0.0000,0.0481,0.0884,1,1
cand2345,0.0191,0.0855,46.5587,0.3867,0.0011,0.4102,0.0006,0.5605,0.0006,0.6270,0.0005,0.4961,0,4
cand2346,-0.0226,0.0318,-98.8046,0.0000,0.0139,0.0000,0.0142,0.0098,0.0080,0.0566,0.0013,0.0166,1,2
cand2347,-0.0381,0.0134,-64.2811,0.0020,0.0092,0.0078,0.0068,0.0000,0.0147,0.0000,0.0217,0.0024,1,2
cand2348,0.0348,0.0287,5.6837,0.0469,0.0016,0.0898,0.0025,0.2090,0.0022,0.3203,0.0011,0.1665,1,4
cand2349,-0.0292,0.0597,163.3552,0.1641,0.0041,0.0000,0.0114,0.0000,0.0139,0.0000,0.0131,0.0410,0,1
cand2350,-0.0172,0.0209,105.1027,0.2207,0.0009,0.1328,0.0018,0.0469,0.0059,0.0000,0.0215,0.1001,1,3
cand2351,-0.0071,0.0958,94.1771,0.5410,0.0003,0.5508,0.0001,0.5605,0.0009,0.0000,0.0162,0.4131,0,3
cand2352,-0.0017,0.0366,99.1094,0.2773,0.0004,0.2305,0.0018,0.3457,0.0008,0.1387,0.0037,0.2480,1,4
cand2353,0.0314,0.0925,-52.5683,0.0176,0.0077,0.0508,0.0031,0.3516,0.0015,0.8027,0.0008,0.3057,0,4
cand2354,-0.0047,0.0960,28.3266,0.4375,0.0008,0.5312,0.0006,0.6016,0.0006,0.4551,0.0007,0.5063,0,4
cand2355,0.0360,0.0430,153.7491,0.2695,0.0013,0.3750,0.0010,0.2891,0.0011,0.1934,0.0038,0.2817,0,4
cand2356,-0.0447,0.0953,-46.7066,0.6582,0.0010,0.3379,0.0014,0.0000,0.0166,0.0000,0.0361,0.2490,1,2
cand2357,-0.0475,0.1033,98.6248,0.5879,0.0007,0.0723,0.0067,0.0000,0.0343,0.0000,0.0517,0.1650,0,2
cand2358,0.0583,0.0807,26.1760,0.0801,0.0021,0.1621,0.0010,0.3730,0.0007,0.5488,0.0011,0.2910,0,4
cand2359,0.0160,0.0481,66.2786,0.2754,0.0014,0.2695,0.0008,0.3379,0.0003,0.4453,0.0008,0.3320,1,4
cand2360,0.0339,0.0865,179.5915,0.6758,0.0010,0.4316,0.0006,0.2363,0.0020,0.0918,0.0014,0.3589,0,4
cand2361,0.0414,0.0674,-21.4982,0.0176,0.0047,0.0684,0.0036,0.2871,0.0022,0.5703,0.0008,0.2358,0,4
cand2362,-0.0259,0.0036,63.5615,0.0645,0.0010,0.0000,0.0142,0.0000,0.0143,0.0137,0.0069,0.0195,1,2
cand2363,0.0349,0.0127,76.0289,0.0254,0.0040,0.0410,0.0017,0.1543,0.0011,0.2754,0.0010,0.1240,1,4
cand2364,0.0470,0.0378,34.8553,0.0684,0.0040,0.1230,0.0013,0.2578,0.0009,0.3867,0.0007,0.2090,1,4
cand2365,0.0331,0.1010,65.3945,0.3613,0.0006,0.4688,0.0007,0.5449,0.0006,0.6094,0.0005,0.4961,0,4
cand2366,-0.0209,0.0982,175.3171,0.3105,0.0014,0.0352,0.0052,0.0000,0.0129,0.0000,0.0108,0.0864,0,2
cand2367,-0.0369,0.0372,35.2132,0.2422,0.0007,0.0879,0.0017,0.0176,0.0067,0.0000,0.0105,0.0869,1,3
cand2368,-0.0410,0.0649,112.3577,0.5391,0.0006,0.0000,0.0108,0.0000,0.0324,0.0000,0.0420,0.1348,1,1
cand2369,0.0288,0.0225,-102.5370,0.0000,0.0181,0.0000,0.0133,0.0000,0.0166,0.0000,0.0120,0.0000,1,0
cand2370,0.0298,0.0130,-29.1331,0.0000,0.0169,0.0117,0.0072,0.0723,0.0021,0.1973,0.0015,0.0703,1,3
cand2371,0.0411,0.0062,124.5919,0.0020,0.0097,0.0195,0.0048,0.1621,0.0016,0.3789,0.0001,0.1406,1,4
cand2372,0.0195,0.0095,-126.3984,0.0000,0.0289,0.0000,0.0258,0.0020,0.0093,0.0000,0.0121,0.0005,1,1
cand2373,-0.0139,0.0428,-120.3218,0.0000,0.0103,0.0000,0.0121,0.0000,0.0119,0.0312,0.0022,0.0078,0,1
cand2374,0.0551,0.0218,146.6455,0.0000,0.0124,0.0742,0.0023,0.3418,0.0004,0.3594,0.0009,0.1938,1,3
cand2375,-0.0318,0.0945,-85.5996,0.2734,0.0018,0.3555,0.0012,0.1973,0.0031,0.0000,0.0235,0.2065,1,3
cand2376,-0.0319,0.0228,45.5408,0.1758,0.0013,0.0391,0.0020,0.0078,0.0082,0.0098,0.0079,0.0581,1,4
cand2377,-0.0116,0.0700,-69.3943,0.0352,0.0062,0.1309,0.0031,0.3516,0.0015,0.2559,0.0008,0.1934,0,4
cand2378,0.0514,0.0897,67.7043,0.1699,0.0016,0.3984,0.0007,0.4883,0.0010,0.5566,0.0006,0.4033,0,4
cand2379,0.0187,0.0768,-63.8568,0.0176,0.0066,0.0195,0.0072,0.2480,0.0019,0.6406,0.0008,0.2314,0,4
cand2380,-0.0226,0.0593,33.9674,0.3828,0.0004,0.2715,0.0007,0.2461,0.0015,0.1895,0.0004,0.2725,1,4
cand2381,-0.0317,0.0997,9.6700,0.6621,0.0004,0.4922,0.0003,0.3086,0.0013,0.0000,0.0147,0.3657,0,3
cand2382,0.0440,0.0682,-163.4481,0.4121,0.0013,0.2559,0.0005,0.2578,0.0008,0.1094,0.0023,0.2588,0,4
cand2383,0.0066,0.0240,-83.7445,0.0000,0.0147,0.0000,0.0186,0.0078,0.0080,0.0898,0.0024,0.0244,1,2
cand2384,0.0473,0.0977,55.2679,0.1914,0.0012,0.4062,0.0005,0.4707,0.0006,0.5918,0.0005,0.4150,0,4
cand2385,0.0308,0.0157,73.4818,0.0547,0.0015,0.0605,0.0023,0.1699,0.0012,0.2812,0.0014,0.1416,1,4
cand2386,0.0180,0.0776,-95.2803,0.1445,0.0005,0.0098,0.0072,0.1113,0.0009,0.4531,0.0009,0.1797,0,4
cand2387,-0.0379,0.0791,-84.0496,0.1875,0.0020,0.2363,0.0014,0.0645,0.0069,0.0000,0.0259,0.1221,1,3
cand2388,0.0557,0.0531,177.7621,0.1758,0.0032,0.3242,0.0012,0.3086,0.0011,0.3125,0.0025,0.2803,0,4
cand2389,0.0301,0.0057,157.5325,0.0605,0.0019,0.0293,0.0050,0.0020,0.0099,0.0234,0.0047,0.0288,1,4
cand2390,0.0501,0.0463,-171.7706,0.2969,0.0009,0.1738,0.0005,0.1953,0.0009,0.1250,0.0016,0.1978,0,4
cand2391,0.0414,0.0746,49.1769,0.1621,0.0014,0.3066,0.0016,0.4453,0.0007,0.5625,0.0005,0.3691,0,4
cand2392,0.0194,0.0816,19.7593,0.2441,0.0014,0.3809,0.0007,0.5254,0.0004,0.6309,0.0005,0.4453,1,4
cand2393,-0.0492,0.0735,10.0438,0.4551,0.0004,0.1934,0.0010,0.0000,0.0158,0.0000,0.0289,0.1621,1,2
cand2394,0.0259,0.1053,-3.2225,0.1035,0.0023,0.3613,0.0013,0.7246,0.0005,0.7930,0.0008,0.4956,0,4
cand2395,-0.0471,0.0586,-85.3846,0.0938,0.0033,0.1191,0.0044,0.0000,0.0135,0.0000,0.0295,0.0532,1,2
cand2396,0.0051,0.1021,84.7579,0.5410,0.0010,0.5352,0.0006,0.5879,0.0006,0.2852,0.0030,0.4873,0,4
cand2397,-0.0357,0.0766,127.8466,0.5547,0.0013,0.0078,0.0083,0.0000,0.0231,0.0000,0.0270,0.1406,0,2
cand2398,-0.0478,0.0716,-162.6015,0.0312,0.0034,0.0000,0.0105,0.0000,0.0180,0.0000,0.0305,0.0078,0,1
cand2399,0.0136,0.0276,100.9814,0.1973,0.0008,0.1699,0.0006,0.2812,0.0009,0.4199,0.0003,0.2671,1,4
cand2400,-0.0068,0.0584,-71.8801,0.0098,0.0071,0.0664,0.0042,0.2617,0.0011,0.2930,0.0010,0.1577,0,4
cand2401,0.0146,0.0323,-110.3174,0.0020,0.0094,0.0000,0.0127,0.0000,0.0132,0.0156,0.0055,0.0044,0,2
cand2402,-0.0079,0.0201,-78.7289,0.0000,0.0143,0.0000,0.0168,0.0254,0.0056,0.0840,0.0017,0.0273,1,2
cand2403,-0.0323,0.0606,-98.8953,0.0078,0.0075,0.0176,0.0071,0.1426,0.0013,0.0000,0.0121,0.0420,1,3
cand2404,-0.0245,0.0138,-103.1070,0.0000,0.0171,0.0000,0.0270,0.0000,0.0201,0.0039,0.0082,0.0010,1,1
cand2405,-0.0236,0.1083,58.3462,0.5820,0.0003,0.6094,0.0007,0.4199,0.0007,0.0195,0.0088,0.4077,0,4
cand2406,-0.0480,0.0550,130.3729,0.1836,0.0009,0.0000,0.0261,0.0000,0.0389,0.0000,0.0405,0.0459,0,1
cand2407,0.0322,0.0096,101.0863,0.0215,0.0042,0.0332,0.0031,0.1523,0.0003,0.2969,0.0007,0.1260,1,4
cand2408,0.0380,0.0316,119.6584,0.1055,0.0025,0.1836,0.0006,0.3516,0.0010,0.5117,0.0006,0.2881,1,4
cand2409,-0.0090,0.0123,5.6224,0.1074,0.0008,0.0312,0.0025,0.0449,0.0046,0.0840,0.0005,0.0669,1,4
cand2410,0.0039,0.0577,-36.9079,0.0801,0.0026,0.1582,0.0013,0.3633,0.0009,0.3730,0.0010,0.2437,1,4
cand2411,-0.0351,0.0281,152.9828,0.0215,0.0056,0.0000,0.0317,0.0000,0.0368,0.0000,0.0320,0.0054,1,1
cand2412,0.0365,0.0413,-104.1467,0.0000,0.0177,0.0059,0.0076,0.0000,0.0117,0.0137,0.0076,0.0049,1,2
cand2413,-0.0332,0.0456,-164.8788,0.0137,0.0059,0.0000,0.0164,0.0059,0.0082,0.0000,0.0197,0.0049,0,2
cand2414,0.0345,0.0968,-84.5310,0.2754,0.0012,0.1270,0.0029,0.2539,0.0004,0.5820,0.0005,0.3096,0,4
cand2415,0.0392,0.0827,-0.4324,0.0605,0.0049,0.2031,0.0018,0.4277,0.0011,0.6777,0.0008,0.3423,0,4
cand2416,0.0486,0.0536,-5.8448,0.0059,0.0096,0.0684,0.0043,0.2422,0.0017,0.4336,0.0005,0.1875,1,4
cand2417,0.0017,0.1028,-109.0851,0.3340,0.0012,0.1445,0.0021,0.3555,0.0004,0.4570,0.0006,0.3228,0,4
cand2418,0.0117,0.0118,8.2624,0.0703,0.0020,0.0488,0.0013,0.1016,0.0007,0.1797,0.0009,0.1001,1,4
cand2419,-0.0372,0.0124,-125.6629,0.0000,0.0113,0.0000,0.0285,0.0000,0.0342,0.0000,0.0291,0.0000,1,0
cand2420,-0.0353,0.0419,33.2428,0.2773,0.0013,0.1152,0.0009,0.0410,0.0035,0.0098,0.0083,0.1108,1,4
cand2421,-0.0186,0.0041,-106.4056,0.0000,0.0177,0.0000,0.0304,0.0000,0.0269,0.0000,0.0164,0.0000,1,0
cand2422,0.0064,0.0834,149.4811,0.7070,0.0006,0.4023,0.0010,0.0898,0.0002,0.0234,0.0060,0.3057,0,4
cand2423,0.0127,0.0678,-67.3343,0.0059,0.0077,0.0234,0.0063,0.2461,0.0024,0.5488,0.0008,0.2061,0,4
cand2424,0.0108,0.0373,35.5802,0.2109,0.0008,0.2012,0.0016,0.2520,0.0009,0.3203,0.0015,0.2461,1,4
cand2425,-0.0500,0.0686,-24.3292,0.4082,0.0005,0.1523,0.0025,0.0000,0.0198,0.0000,0.0343,0.1401,1,2
cand2426,0.0552,0.0897,-14.4358,0.0000,0.0106,0.0508,0.0032,0.2695,0.0016,0.7188,0.0007,0.2598,0,3
cand2427,-0.0228,0.1005,157.7977,0.3770,0.0012,0.0430,0.0043,0.0176,0.0055,0.0000,0.0116,0.1094,0,3
cand2428,0.0491,0.1029,-151.4371,0.5898,0.0007,0.4902,0.0010,0.4609,0.0006,0.4277,0.0007,0.4922,0,4
cand2429,0.0358,0.0520,-42.1572,0.0000,0.0122,0.0098,0.0091,0.1582,0.0014,0.4395,0.0010,0.1519,1,3
cand2430,0.0277,0.0299,-98.8752,0.0000,0.0134,0.0000,0.0158,0.0000,0.0121,0.0234,0.0052,0.0059,1,1
cand2431,-0.0297,0.0441,151.0917,0.1953,0.0021,0.0000,0.0187,0.0000,0.0256,0.0000,0.0235,0.0488,1,1
cand2432,0.0388,0.0484,87.6918,0.2051,0.0008,0.2539,0.0007,0.3691,0.0010,0.4980,0.0007,0.3315,1,4
cand2433,0.0285,0.0030,80.0230,0.0078,0.0063,0.0098,0.0061,0.0957,0.0015,0.2207,0.0012,0.0835,1,4
cand2434,-0.0242,0.0715,-75.5217,0.0801,0.0032,0.1758,0.0033,0.2910,0.0013,0.0000,0.0108,0.1367,1,3
cand2435,0.0185,0.1095,-95.6796,0.4219,0.0003,0.2148,0.0008,0.4258,0.0014,0.6562,0.0005,0.4297,0,4
cand2436,0.0035,0.0835,-50.3437,0.0703,0.0015,0.2207,0.0020,0.5625,0.0007,0.5078,0.0008,0.3403,0,4
cand2437,0.0272,0.0992,14.2976,0.1875,0.0026,0.3770,0.0016,0.6465,0.0003,0.7383,0.0005,0.4873,0,4
cand2438,0.0443,0.0955,42.8867,0.1523,0.0027,0.3867,0.0017,0.4707,0.0007,0.6230,0.0004,0.4082,0,4
cand2439,0.0379,0.0131,-64.7611,0.0000,0.0213,0.0000,0.0251,0.0000,0.0128,0.0508,0.0027,0.0127,1,1
cand2440,0.0397,0.0463,87.2092,0.1875,0.0007,0.2402,0.0023,0.3613,0.0010,0.4902,0.0008,0.3198,1,4
cand2441,0.0016,0.0721,28.1112,0.3613,0.0010,0.3848,0.0008,0.4277,0.0005,0.4863,0.0005,0.4150,1,4
cand2442,-0.0452,0.0323,-122.8880,0.0000,0.0116,0.0000,0.0236,0.0000,0.0258,0.0000,0.0233,0.0000,1,0
cand2443,0.0129,0.0540,-3.5839,0.1289,0.0019,0.2285,0.0015,0.3340,0.0013,0.4141,0.0009,0.2764,1,4
cand2444,-0.0381,0.0644,-113.9382,0.0039,0.0082,0.0059,0.0069,0.0605,0.0023,0.0000,0.0154,0.0176,1,3
cand2445,0.0555,0.0858,60.7102,0.1328,0.0021,0.3184,0.0016,0.4727,0.0007,0.5469,0.0011,0.3677,0,4
cand2446,-0.0279,0.0017,5.3228,0.0488,0.0021,0.0000,0.0158,0.0000,0.0187,0.0000,0.0178,0.0122,1,1
cand2447,-0.0384,0.0714,162.3965,0.0918,0.0014,0.0000,0.0123,0.0000,0.0162,0.0039,0.0082,0.0239,0,2
cand2448,0.0377,0.0962,-13.5688,0.0176,0.0064,0.1738,0.0016,0.5664,0.0012,0.8027,0.0008,0.3901,0,4
cand2449,-0.0251,0.0043,-71.7682,0.0000,0.0183,0.0000,0.0193,0.0039,0.0089,0.0098,0.0081,0.0034,1,2
cand2450,0.0574,0.0241,178.0027,0.0039,0.0089,0.0879,0.0026,0.1172,0.0008,0.2070,0.0017,0.1040,1,4
cand2451,0.0495,0.0599,-96.9416,0.0000,0.0208,0.0098,0.0069,0.0059,0.0085,0.1309,0.0023,0.0366,0,3
cand2452,0.0254,0.0513,-80.1121,0.0000,0.0126,0.0000,0.0106,0.0254,0.0045,0.2422,0.0029,0.0669,0,2
cand2453,0.0435,0.0513,99.4320,0.1758,0.0009,0.2598,0.0015,0.3926,0.0008,0.5332,0.0006,0.3403,0,4
cand2454,0.0573,0.0012,58.7064,0.0000,0.0255,0.0000,0.0199,0.0547,0.0007,0.2109,0.0014,0.0664,1,2
cand2455,-0.0466,0.0589,-108.6485,0.0000,0.0109,0.0117,0.0048,0.0137,0.0074,0.0000,0.0228,0.0063,1,2
cand2456,0.0536,0.0250,-92.4073,0.0000,0.0296,0.0000,0.0103,0.0000,0.0116,0.0020,0.0096,0.0005,1,1
cand2457,0.0444,0.0983,73.7358,0.2773,0.0011,0.4590,0.0004,0.5234,0.0010,0.5566,0.0007,0.4541,0,4
cand2458,0.0469,0.1039,-152.6070,0.6074,0.0008,0.5039,0.0003,0.4219,0.0013,0.4180,0.0004,0.4878,0,4
cand2459,-0.0140,0.0310,81.4895,0.2422,0.0009,0.1562,0.0011,0.1992,0.0008,0.1914,0.0018,0.1973,1,4
cand2460,0.0330,0.0168,152.7525,0.0996,0.0017,0.1797,0.0014,0.1074,0.0022,0.1074,0.0008,0.1235,0,4
cand2461,-0.0323,0.0069,1.8691,0.0781,0.0017,0.0000,0.0137,0.0000,0.0184,0.0000,0.0201,0.0195,1,1
cand2462,0.0226,0.0078,-159.5059,0.0000,0.0206,0.0000,0.0328,0.0000,0.0234,0.0000,0.0102,0.0000,0,0
cand2463,-0.0312,0.0808,51.1565,0.5215,0.0009,0.4023,0.0007,0.3164,0.0012,0.0723,0.0060,0.3281,0,4
cand2464,0.0424,0.0294,-164.6217,0.0977,0.0007,0.0039,0.0089,0.0391,0.0056,0.0254,0.0025,0.0415,0,4
cand2465,-0.0349,0.0562,-102.4839,0.0000,0.0103,0.0039,0.0084,0.0879,0.0029,0.0000,0.0125,0.0229,1,2
cand2466,0.0258,0.0889,178.6812,0.6738,0.0003,0.4082,0.0009,0.1426,0.0044,0.0625,0.0031,0.3218,0,4
cand2467,0.0116,0.0347,-160.7843,0.0742,0.0013,0.0000,0.0137,0.0039,0.0078,0.0000,0.0123,0.0195,0,2
cand2468,0.0562,0.0272,-116.7771,0.0000,0.0381,0.0000,0.0288,0.0020,0.0088,0.0059,0.0094,0.0020,0,2
cand2469,-0.0467,0.0574,-129.0613,0.0000,0.0139,0.0000,0.0152,0.0000,0.0160,0.0000,0.0225,0.0000,1,0
cand2470,-0.0390,0.0473,-34.7639,0.2734,0.0008,0.1250,0.0005,0.0039,0.0095,0.0000,0.0204,0.1006,1,3
cand2471,0.0504,0.0086,-59.6111,0.0000,0.0271,0.0000,0.0291,0.0000,0.0135,0.0430,0.0028,0.0107,1,1
cand2472,0.0129,0.0629,36.9000,0.2891,0.0004,0.3301,0.0013,0.3984,0.0009,0.4883,0.0006,0.3765,1,4
cand2473,0.0275,0.1057,-125.9545,0.5293,0.0008,0.2910,0.0010,0.2969,0.0011,0.4941,0.0006,0.4028,0,4
cand2474,-0.0400,0.0329,133.5410,0.1699,0.0011,0.0000,0.0291,0.0000,0.0416,0.0000,0.0411,0.0425,1,1
cand2475,-0.0364,0.0576,-84.6267,0.0352,0.0046,0.0684,0.0031,0.0957,0.0033,0.0000,0.0191,0.0498,1,3
cand2476,0.0179,0.0845,-2.0512,0.1895,0.0019,0.3457,0.0010,0.5430,0.0005,0.6504,0.0007,0.4321,1,4
cand2477,0.0309,0.0951,-82.2609,0.2461,0.0016,0.0898,0.0015,0.2637,0.0017,0.6191,0.0010,0.3047,0,4
cand2478,-0.0017,0.0640,-73.5280,0.0039,0.0093,0.0176,0.0069,0.2910,0.0009,0.3711,0.0011,0.1709,0,4
cand2479,0.0142,0.0725,162.2942,0.6230,0.0002,0.3203,0.0007,0.0957,0.0010,0.0098,0.0089,0.2622,0,4
cand2480,0.0279,0.0464,-147.5010,0.1191,0.0007,0.0215,0.0055,0.0156,0.0047,0.0059,0.0073,0.0405,0,4
cand2481,-0.0356,0.0957,152.2165,0.2324,0.0019,0.0254,0.0048,0.0000,0.0114,0.0098,0.0074,0.0669,0,3
cand2482,0.0486,0.0236,4.7851,0.0000,0.0131,0.0430,0.0013,0.1309,0.0030,0.2871,0.0013,0.1152,1,3
cand2483,-0.0018,0.0660,-45.8114,0.0586,0.0048,0.2246,0.0008,0.3945,0.0019,0.3516,0.0013,0.2573,0,4
cand2484,0.0566,0.0479,129.3747,0.0371,0.0056,0.2129,0.0007,0.4414,0.0009,0.6250,0.0007,0.3291,1,4
cand2485,-0.0182,0.0014,44.6443,0.0566,0.0027,0.0000,0.0125,0.0000,0.0118,0.0117,0.0065,0.0171,1,2
cand2486,0.0197,0.0359,-141.2842,0.0352,0.0045,0.0000,0.0142,0.0000,0.0115,0.0000,0.0133,0.0088,0,1
cand2487,-0.0276,0.0323,38.6207,0.2344,0.0012,0.0918,0.0010,0.0508,0.0013,0.0352,0.0038,0.1030,1,4
cand2488,-0.0024,0.0821,34.6834,0.4160,0.0006,0.4453,0.0010,0.5039,0.0007,0.4629,0.0012,0.4570,1,4
cand2489,-0.0104,0.0813,168.0596,0.4160,0.0010,0.0684,0.0038,0.0195,0.0049,0.0000,0.0136,0.1260,0,3
cand2490,0.0099,0.0880,70.9926,0.4551,0.0007,0.4629,0.0008,0.5684,0.0010,0.5625,0.0009,0.5122,0,4
cand2491,0.0572,0.0172,-23.6714,0.0000,0.0288,0.0000,0.0164,0.0508,0.0029,0.1387,0.0008,0.0474,1,2
cand2492,0.0499,0.0464,23.5446,0.0547,0.0013,0.1074,0.0010,0.2734,0.0013,0.4102,0.0004,0.2114,1,4
cand2493,-0.0210,0.0328,30.6188,0.2402,0.0005,0.1250,0.0017,0.1035,0.0011,0.0977,0.0010,0.1416,1,4
cand2494,-0.0224,0.0084,49.5579,0.1035,0.0011,0.0098,0.0064,0.0020,0.0092,0.0156,0.0065,0.0327,1,4
cand2495,-0.0112,0.0400,-71.0739,0.0098,0.0072,0.0332,0.0019,0.1406,0.0043,0.1953,0.0016,0.0947,1,4
cand2496,-0.0432,0.0435,-128.5645,0.0000,0.0125,0.0000,0.0180,0.0000,0.0212,0.0000,0.0202,0.0000,1,0
cand2497,0.0197,0.0351,123.3710,0.2500,0.0012,0.2598,0.0010,0.4004,0.0002,0.2266,0.0021,0.2842,0,4
cand2498,0.0021,0.0889,-110.9499,0.2246,0.0011,0.0352,0.0047,0.2109,0.0015,0.4492,0.0004,0.2300,0,4
cand2499,0.0363,0.0192,-175.0739,0.0957,0.0014,0.0000,0.0134,0.0098,0.0079,0.0078,0.0075,0.0283,0,3
cand2500,0.0081,0.0453,-101.5502,0.0020,0.0096,0.0000,0.0145,0.0039,0.0097,0.1211,0.0014,0.0317,0,3
cand2501,0.0543,0.0635,128.2181,0.1426,0.0023,0.3457,0.0009,0.5527,0.0007,0.6191,0.0007,0.4150,1,4
cand2502,-0.0442,0.0182,-92.1718,0.0000,0.0128,0.0000,0.0223,0.0000,0.0189,0.0000,0.0197,0.0000,1,0
cand2503,-0.0396,0.1092,-33.0711,0.7734,0.0009,0.4883,0.0010,0.0000,0.0130,0.0000,0.0349,0.3154,1,2
cand2504,-0.0393,0.0492,167.5958,0.0312,0.0056,0.0000,0.0208,0.0000,0.0228,0.0000,0.0114,0.0078,0,1
cand2505,0.0151,0.1034,-128.8850,0.5293,0.0007,0.1816,0.0024,0.2402,0.0014,0.4062,0.0010,0.3394,0,4
cand2506,0.0289,0.0785,13.6579,0.1484,0.0017,0.3125,0.0016,0.4961,0.0008,0.6309,0.0001,0.3970,1,4
cand2507,-0.0229,0.0464,6.9680,0.3027,0.0006,0.1836,0.0017,0.1504,0.0015,0.0820,0.0019,0.1797,1,4
cand2508,0.0448,0.0595,112.0762,0.2207,0.0012,0.3301,0.0012,0.4727,0.0008,0.5938,0.0012,0.4043,0,4
cand2509,-0.0147,0.0356,58.1592,0.2559,0.0011,0.1699,0.0014,0.1836,0.0012,0.2188,0.0010,0.2070,1,4
cand2510,0.0594,0.0115,135.5678,0.0000,0.0204,0.0020,0.0097,0.1816,0.0015,0.4375,0.0010,0.1553,1,3
cand2511,-0.0405,0.1024,-23.2491,0.7090,0.0007,0.4355,0.0011,0.0000,0.0130,0.0000,0.0336,0.2861,1,2
cand2512,-0.0024,0.0477,-56.3187,0.0156,0.0063,0.0273,0.0083,0.2285,0.0009,0.2754,0.0008,0.1367,1,4
cand2513,-0.0032,0.0907,55.9620,0.4668,0.0005,0.5020,0.0009,0.5684,0.0008,0.4219,0.0006,0.4897,1,4
cand2514,-0.0404,0.0404,150.0963,0.0469,0.0061,0.0000,0.0284,0.0000,0.0323,0.0000,0.0312,0.0117,0,1
cand2515,0.0330,0.0925,171.6425,0.7754,0.0009,0.5332,0.0003,0.2969,0.0016,0.0898,0.0028,0.4238,0,4
cand2516,0.0550,0.0556,78.2572,0.0879,0.0006,0.2285,0.0010,0.3867,0.0005,0.5000,0.0004,0.3008,1,4
cand2517,-0.0257,0.0537,83.1871,0.3750,0.0005,0.2949,0.0006,0.2305,0.0014,0.0000,0.0153,0.2251,1,3
cand2518,-0.0367,0.0651,84.1758,0.4492,0.0005,0.3594,0.0007,0.0410,0.0076,0.0000,0.0293,0.2124,1,3
cand2519,-0.0426,0.0226,-139.0395,0.0000,0.0122,0.0000,0.0224,0.0000,0.0312,0.0000,0.0324,0.0000,1,0
cand2520,0.0109,0.0467,-14.7104,0.0781,0.0032,0.1602,0.0010,0.2930,0.0010,0.3555,0.0009,0.2217,1,4
cand2521,0.0556,0.0599,173.3989,0.2012,0.0035,0.4141,0.0007,0.3652,0.0012,0.3496,0.0014,0.3325,0,4
cand2522,-0.0379,0.0229,-103.6913,0.0000,0.0138,0.0000,0.0233,0.0000,0.0183,0.0000,0.0126,0.0000,1,0
cand2523,-0.0381,0.1063,97.5915,0.5840,0.0006,0.4375,0.0009,0.0000,0.0248,0.0000,0.0435,0.2554,0,2
cand2524,0.0275,0.0626,-144.7436,0.2363,0.0008,0.0918,0.0036,0.0293,0.0030,0.0391,0.0042,0.0991,0,4
cand2525,0.0474,0.0054,-121.3183,0.0000,0.0462,0.0000,0.0361,0.0000,0.0186,0.0020,0.0099,0.0005,1,1
cand2526,0.0104,0.0584,174.9823,0.3926,0.0005,0.1719,0.0012,0.0215,0.0032,0.0371,0.0027,0.1558,0,4
cand2527,-0.0094,0.0849,-157.4574,0.2695,0.0011,0.0254,0.0042,0.0000,0.0143,0.0391,0.0063,0.0835,0,3
cand2528,-0.0461,0.1025,138.2182,0.1758,0.0014,0.0020,0.0099,0.0000,0.0183,0.0000,0.0144,0.0444,0,2
cand2529,0.0490,0.0165,-28.0769,0.0000,0.0246,0.0000,0.0138,0.0605,0.0018,0.1523,0.0011,0.0532,1,2
cand2530,0.0217,0.0713,-5.0775,0.1113,0.0019,0.2559,0.0020,0.4629,0.0003,0.5645,0.0005,0.3486,1,4
cand2531,0.0256,0.0155,-17.9198,0.0020,0.0096,0.0391,0.0049,0.1152,0.0012,0.2305,0.0015,0.0967,1,4
cand2532,-0.0457,0.0624,3.8511,0.3652,0.0010,0.1680,0.0012,0.0000,0.0144,0.0000,0.0264,0.1333,1,2
cand2533,0.0506,0.0085,167.8597,0.0000,0.0124,0.0430,0.0034,0.0527,0.0027,0.1074,0.0017,0.0508,1,3
cand2534,0.0541,0.0926,123.2007,0.2402,0.0016,0.5527,0.0007,0.6406,0.0006,0.5645,0.0008,0.4995,0,4
cand2535,-0.0330,0.1064,13.2668,0.7070,0.0006,0.5352,0.0006,0.3203,0.0012,0.0000,0.0160,0.3906,0,3
cand2536,0.0195,0.0321,46.1195,0.1797,0.0011,0.1660,0.0016,0.2441,0.0015,0.3262,0.0013,0.2290,1,4
cand2537,-0.0327,0.0456,93.8516,0.3457,0.0009,0.2695,0.0005,0.0000,0.0105,0.0000,0.0299,0.1538,1,2
cand2538,0.0247,0.1053,-123.0739,0.5352,0.0007,0.2539,0.0014,0.2969,0.0014,0.4941,0.0008,0.3950,0,4
cand2539,-0.0160,0.0885,-80.9091,0.1602,0.0025,0.2461,0.0024,0.4727,0.0011,0.0449,0.0077,0.2310,0,4
cand2540,0.0141,0.1044,-82.0088,0.3047,0.0007,0.1660,0.0012,0.4590,0.0010,0.7598,0.0005,0.4224,0,4
cand2541,-0.0112,0.0340,-151.2894,0.0020,0.0093,0.0000,0.0140,0.0039,0.0081,0.0000,0.0125,0.0015,0,2
cand2542,0.0168,0.0709,50.1970,0.3418,0.0015,0.3633,0.0010,0.4590,0.0009,0.5645,0.0005,0.4321,1,4
cand2543,0.0015,0.0400,-124.6317,0.0078,0.0072,0.0059,0.0075,0.0000,0.0132,0.0117,0.0068,0.0063,0,3
cand2544,0.0135,0.0043,55.0589,0.0469,0.0011,0.0195,0.0038,0.0684,0.0011,0.1699,0.0009,0.0762,1,4
cand2545,0.0109,0.0036,-119.2156,0.0000,0.0243,0.0000,0.0159,0.0000,0.0185,0.0000,0.0150,0.0000,1,0
cand2546,0.0381,0.0162,-151.8284,0.0000,0.0184,0.0000,0.0265,0.0000,0.0175,0.0176,0.0046,0.0044,0,1
cand2547,-0.0256,0.0265,166.7950,0.0293,0.0050,0.0000,0.0286,0.0000,0.0269,0.0000,0.0234,0.0073,1,1
cand2548,-0.0019,0.0289,94.1018,0.2324,0.0013,0.1797,0.0008,0.2539,0.0005,0.2910,0.0018,0.2393,1,4
cand2549,0.0007,0.0613,52.4106,0.3496,0.0011,0.3203,0.0006,0.3848,0.0010,0.4473,0.0010,0.3755,1,4
cand2550,-0.0396,0.0882,161.0041,0.1074,0.0013,0.0078,0.0067,0.0000,0.0133,0.0020,0.0095,0.0293,0,3
cand2551,-0.0346,0.0778,169.7782,0.1113,0.0011,0.0059,0.0072,0.0000,0.0128,0.0039,0.0088,0.0303,0,3
cand2552,0.0221,0.0563,-88.8839,0.0000,0.0108,0.0000,0.0145,0.0176,0.0056,0.2715,0.0015,0.0723,0,2
cand2553,0.0592,0.0977,101.5520,0.0996,0.0047,0.4863,0.0010,0.5859,0.0011,0.5508,0.0006,0.4307,0,4
cand2554,-0.0392,0.0217,-9.7279,0.1562,0.0008,0.0078,0.0066,0.0000,0.0167,0.0000,0.0223,0.0410,1,2
cand2555,-0.0305,0.0670,-124.3815,0.0098,0.0069,0.0000,0.0107,0.0312,0.0022,0.0234,0.0073,0.0161,0,3
cand2556,0.0229,0.0253,-152.3567,0.0059,0.0080,0.0000,0.0202,0.0000,0.0116,0.0000,0.0114,0.0015,0,1
cand2557,0.0008,0.0897,79.0102,0.5000,0.0010,0.5078,0.0011,0.5781,0.0008,0.3555,0.0005,0.4854,0,4
cand2558,0.0236,0.0237,60.3484,0.1289,0.0008,0.1152,0.0019,0.2012,0.0008,0.3066,0.0010,0.1880,1,4
cand2559,-0.0479,0.1035,140.7086,0.1504,0.0028,0.0059,0.0077,0.0000,0.0175,0.0000,0.0154,0.0391,0,2
cand2560,-0.0359,0.1003,-107.0389,0.2754,0.0022,0.2070,0.0013,0.1328,0.0018,0.0000,0.0227,0.1538,1,3
cand2561,0.0069,0.0150,76.6747,0.1309,0.0015,0.0801,0.0018,0.1445,0.0020,0.2363,0.0008,0.1479,1,4
cand2562,0.0348,0.0771,-124.2792,0.2617,0.0012,0.1465,0.0013,0.0684,0.0043,0.2402,0.0019,0.1792,0,4
cand2563,-0.0067,0.0841,-45.8429,0.1738,0.0018,0.3730,0.0016,0.4922,0.0001,0.3320,0.0011,0.3428,0,4
cand2564,-0.0372,0.0594,42.6731,0.3613,0.0005,0.2227,0.0005,0.1172,0.0018,0.0547,0.0052,0.1890,1,4
cand2565,0.0513,0.0184,173.2426,0.0234,0.0068,0.0703,0.0015,0.0820,0.0013,0.1504,0.0010,0.0815,0,4
cand2566,-0.0422,0.0621,38.7390,0.3809,0.0010,0.2129,0.0015,0.0586,0.0035,0.0000,0.0101,0.1631,1,3
cand2567,-0.0111,0.0790,-89.1767,0.0645,0.0024,0.0664,0.0045,0.3145,0.0011,0.3086,0.0007,0.1885,0,4
cand2568,0.0571,0.0102,-52.3195,0.0000,0.0307,0.0000,0.0311,0.0000,0.0138,0.0547,0.0026,0.0137,1,1
cand2569,-0.0363,0.0485,159.8109,0.0488,0.0032,0.0000,0.0204,0.0000,0.0222,0.0000,0.0177,0.0122,0,1
cand2570,0.0554,0.0269,-131.6772,0.0000,0.0286,0.0000,0.0272,0.0000,0.0119,0.0137,0.0073,0.0034,0,1
cand2571,-0.0140,0.0248,-177.9847,0.0254,0.0051,0.0000,0.0260,0.0000,0.0195,0.0000,0.0158,0.0063,1,1
cand2572,-0.0260,0.0329,162.0389,0.0742,0.0014,0.0000,0.0242,0.0000,0.0253,0.0000,0.0227,0.0186,1,1
cand2573,0.0078,0.0848,-138.5649,0.3789,0.0004,0.0449,0.0048,0.0566,0.0034,0.1191,0.0015,0.1499,0,4
cand2574,0.0275,0.0030,-21.7645,0.0000,0.0168,0.0000,0.0107,0.0703,0.0030,0.1680,0.0013,0.0596,1,2
cand2575,-0.0040,0.1028,133.6709,0.6719,0.0005,0.4824,0.0005,0.0781,0.0033,0.0293,0.0035,0.3154,0,4
cand2576,0.0019,0.0618,-128.0855,0.0977,0.0036,0.0000,0.0103,0.0000,0.0123,0.0508,0.0050,0.0371,0,2
cand2577,0.0582,0.0297,-14.6501,0.0000,0.0229,0.0020,0.0098,0.0859,0.0020,0.2422,0.0024,0.0825,1,3
cand2578,0.0248,0.0220,-115.2457,0.0000,0.0221,0.0000,0.0126,0.0000,0.0128,0.0020,0.0099,0.0005,1,1
cand2579,-0.0112,0.0601,125.1092,0.4902,0.0011,0.4414,0.0006,0.0059,0.0076,0.0000,0.0144,0.2344,0,3
cand2580,0.0272,0.0447,-83.8773,0.0000,0.0131,0.0000,0.0145,0.0117,0.0071,0.1641,0.0021,0.0439,1,2
cand2581,0.0153,0.0024,-18.9733,0.0098,0.0075,0.0215,0.0042,0.0703,0.0010,0.1523,0.0010,0.0635,1,4
cand2582,0.0154,0.0272,-174.0116,0.1035,0.0021,0.0000,0.0126,0.0000,0.0132,0.0137,0.0045,0.0293,0,2
cand2583,-0.0170,0.0026,82.9279,0.0820,0.0024,0.0039,0.0089,0.0176,0.0054,0.1016,0.0018,0.0513,1,4
cand2584,0.0459,0.0652,-131.9446,0.1406,0.0009,0.1289,0.0006,0.0840,0.0029,0.1074,0.0042,0.1152,0,4
cand2585,0.0248,0.0388,40.9334,0.1543,0.0009,0.1992,0.0014,0.2734,0.0007,0.3672,0.0004,0.2485,1,4
cand2586,0.0062,0.0312,-21.3469,0.0645,0.0023,0.0996,0.0027,0.1992,0.0014,0.2500,0.0009,0.1533,1,4
cand2587,-0.0007,0.0686,-4.8319,0.2637,0.0013,0.3457,0.0009,0.3945,0.0005,0.3984,0.0012,0.3506,1,4
cand2588,0.0255,0.0929,103.9044,0.5527,0.0010,0.5254,0.0014,0.5625,0.0008,0.5000,0.0008,0.5352,0,4
cand2589,-0.0420,0.0908,-79.7227,0.3555,0.0013,0.3828,0.0014,0.0000,0.0130,0.0000,0.0334,0.1846,1,2
cand2590,-0.0225,0.1070,136.5671,0.5664,0.0006,0.1348,0.0020,0.0195,0.0036,0.0000,0.0122,0.1802,0,3
cand2591,0.0232,0.1091,92.4131,0.5820,0.0008,0.5508,0.0011,0.5566,0.0005,0.5156,0.0002,0.5513,0,4
cand2592,0.0588,0.0021,-36.9396,0.0000,0.0395,0.0000,0.0336,0.0000,0.0106,0.0527,0.0037,0.0132,1,1
cand2593,-0.0180,0.0944,164.3330,0.4023,0.0005,0.0391,0.0053,0.0215,0.0038,0.0000,0.0131,0.1157,0,3
cand2594,-0.0131,0.0742,117.0846,0.5391,0.0010,0.5371,0.0007,0.0293,0.0064,0.0000,0.0164,0.2764,0,3
cand2595,-0.0157,0.0285,134.5997,0.3594,0.0014,0.0000,0.0109,0.0000,0.0237,0.0000,0.0263,0.0898,1,1
cand2596,0.0239,0.0060,-162.8974,0.0000,0.0205,0.0000,0.0332,0.0000,0.0249,0.0000,0.0105,0.0000,0,0
cand2597,-0.0321,0.0921,-58.1042,0.3691,0.0017,0.4688,0.0012,0.1348,0.0044,0.0000,0.0242,0.2432,1,3
cand2598,0.0102,0.0806,-11.8880,0.1582,0.0011,0.3574,0.0009,0.5078,0.0007,0.5527,0.0008,0.3940,0,4
cand2599,0.0382,0.0738,-26.5288,0.0156,0.0046,0.0645,0.0024,0.3145,0.0014,0.6328,0.0006,0.2568,1,4
cand2600,-0.0245,0.0346,-53.0846,0.0273,0.0067,0.0762,0.0011,0.0840,0.0015,0.0176,0.0047,0.0513,1,4
cand2601,0.0023,0.0275,-143.3187,0.0000,0.0111,0.0000,0.0153,0.0039,0.0093,0.0000,0.0111,0.0010,1,1
cand2602,0.0353,0.0253,126.3403,0.1035,0.0009,0.1504,0.0007,0.3301,0.0008,0.4160,0.0009,0.2500,1,4
cand2603,-0.0216,0.0459,-70.7263,0.0176,0.0069,0.0566,0.0061,0.1699,0.0010,0.0742,0.0041,0.0796,1,4
cand2604,0.0262,0.0868,-117.9621,0.3574,0.0011,0.1074,0.0023,0.1211,0.0019,0.3770,0.0015,0.2407,0,4
cand2605,0.0135,0.0763,-101.4469,0.1484,0.0013,0.0059,0.0076,0.0996,0.0023,0.4062,0.0015,0.1650,0,4
cand2606,0.0135,0.0763,172.4094,0.5469,0.0010,0.2715,0.0010,0.0449,0.0056,0.0371,0.0047,0.2251,0,4
cand2607,0.0505,0.0739,55.9705,0.1250,0.0029,0.2969,0.0013,0.4336,0.0013,0.5254,0.0004,0.3452,0,4
cand2608,-0.0373,0.0280,170.9364,0.0000,0.0122,0.0000,0.0323,0.0000,0.0309,0.0000,0.0180,0.0000,1,0
cand2609,0.0260,0.1036,42.2060,0.3281,0.0013,0.4551,0.0006,0.6094,0.0008,0.6914,0.0008,0.5210,0,4
cand2610,0.0517,0.0223,175.0259,0.0391,0.0050,0.0859,0.0007,0.0977,0.0018,0.1797,0.0006,0.1006,0,4
cand2611,0.0420,0.0706,-11.8435,0.0195,0.0083,0.1016,0.0037,0.3262,0.0020,0.6055,0.0009,0.2632,0,4
cand2612,0.0325,0.0355,-157.7712,0.0938,0.0008,0.0137,0.0063,0.0059,0.0076,0.0215,0.0038,0.0337,0,4
cand2613,0.0147,0.0814,-9.1163,0.1445,0.0023,0.3262,0.0012,0.5234,0.0005,0.5977,0.0006,0.3979,0,4
cand2614,0.0596,0.0437,95.2726,0.0039,0.0093,0.1426,0.0014,0.3340,0.0012,0.4863,0.0005,0.2417,1,4
cand2615,-0.0494,0.0755,-31.4510,0.4707,0.0013,0.1836,0.0014,0.0000,0.0193,0.0000,0.0360,0.1636,1,2
cand2616,0.0074,0.0733,30.2718,0.3320,0.0010,0.3770,0.0006,0.4531,0.0003,0.5371,0.0007,0.4248,1,4
cand2617,-0.0259,0.0343,140.3574,0.3105,0.0011,0.0000,0.0191,0.0000,0.0299,0.0000,0.0280,0.0776,1,1
cand2618,-0.0210,0.1094,155.7327,0.4277,0.0007,0.0645,0.0025,0.0156,0.0053,0.0000,0.0112,0.1270,0,3
cand2619,-0.0157,0.0400,106.4372,0.3301,0.0009,0.2871,0.0005,0.0625,0.0058,0.0000,0.0215,0.1699,1,3
cand2620,-0.0403,0.0632,-98.2684,0.0195,0.0053,0.0488,0.0019,0.0781,0.0031,0.0000,0.0208,0.0366,1,3
cand2621,-0.0000,0.0584,86.7082,0.3652,0.0009,0.3418,0.0005,0.4316,0.0005,0.4023,0.0005,0.3853,1,4
cand2622,0.0363,0.0965,-91.6245,0.2891,0.0010,0.1406,0.0023,0.2520,0.0009,0.5293,0.0002,0.3027,0,4
cand2623,0.0089,0.0824,-103.4634,0.1836,0.0014,0.0156,0.0086,0.1523,0.0025,0.4414,0.0009,0.1982,0,4
cand2624,0.0506,0.0325,-139.4891,0.0000,0.0155,0.0000,0.0178,0.0059,0.0085,0.0293,0.0048,0.0088,0,2
cand2625,0.0379,0.0278,-89.7785,0.0000,0.0115,0.0000,0.0151,0.0000,0.0114,0.0215,0.0043,0.0054,1,1
cand2626,0.0446,0.0865,-150.7704,0.4551,0.0003,0.3457,0.0009,0.2656,0.0020,0.2754,0.0008,0.3354,0,4
cand2627,-0.0276,0.0439,-27.2480,0.2129,0.0013,0.1602,0.0003,0.0840,0.0026,0.0059,0.0093,0.1157,1,4
cand2628,0.0417,0.0961,179.0780,0.7598,0.0004,0.5645,0.0008,0.4570,0.0013,0.1914,0.0026,0.4932,0,4
cand2629,-0.0308,0.0044,17.6540,0.0625,0.0030,0.0000,0.0169,0.0000,0.0196,0.0000,0.0187,0.0156,1,1
cand2630,-0.0304,0.0560,-61.4789,0.1230,0.0022,0.1523,0.0011,0.1211,0.0010,0.0000,0.0132,0.0991,1,3
cand2631,0.0360,0.0078,-41.7445,0.0000,0.0252,0.0000,0.0182,0.0332,0.0056,0.1074,0.0023,0.0352,1,2
cand2632,0.0160,0.0757,-33.9569,0.0352,0.0057,0.1973,0.0034,0.4941,0.0007,0.5840,0.0009,0.3276,0,4
cand2633,0.0516,0.0944,168.1200,0.4609,0.0011,0.6973,0.0001,0.5879,0.0005,0.2988,0.0008,0.5112,0,4
cand2634,-0.0280,0.0040,-3.6111,0.0664,0.0016,0.0000,0.0163,0.0000,0.0180,0.0000,0.0168,0.0166,1,1
cand2635,-0.0124,0.0776,-59.2138,0.0879,0.0017,0.3086,0.0018,0.4062,0.0005,0.2148,0.0028,0.2544,0,4
cand2636,-0.0330,0.0821,35.8404,0.5215,0.0010,0.3828,0.0008,0.2832,0.0008,0.0840,0.0056,0.3179,1,4
cand2637,0.0094,0.0653,-132.2738,0.1992,0.0019,0.0137,0.0078,0.0059,0.0093,0.0410,0.0037,0.0649,0,4
cand2638,0.0579,0.0586,55.0030,0.0840,0.0030,0.1875,0.0011,0.3477,0.0010,0.4824,0.0012,0.2754,1,4
cand2639,-0.0226,0.0536,78.4801,0.3652,0.0010,0.2852,0.0007,0.2910,0.0011,0.0176,0.0083,0.2397,1,4
cand2640,0.0356,0.0495,14.5282,0.0898,0.0024,0.1543,0.0013,0.3008,0.0009,0.4512,0.0003,0.2490,1,4
cand2641,0.0288,0.0392,28.0492,0.1035,0.0022,0.1875,0.0009,0.2871,0.0006,0.3652,0.0011,0.2358,1,4
cand2642,0.0597,0.0467,-55.0367,0.0000,0.0164,0.0000,0.0137,0.0195,0.0038,0.1348,0.0012,0.0386,0,2
cand2643,0.0494,0.0308,53.5519,0.0449,0.0025,0.1016,0.0009,0.2441,0.0007,0.3555,0.0004,0.1865,1,4
cand2644,0.0041,0.0647,-64.5620,0.0020,0.0096,0.0781,0.0054,0.3379,0.0007,0.4219,0.0007,0.2100,0,4
cand2645,0.0213,0.0858,-152.1793,0.4531,0.0011,0.2090,0.0027,0.0645,0.0042,0.1445,0.0034,0.2178,0,4
cand2646,0.0563,0.0400,-55.1453,0.0000,0.0159,0.0000,0.0151,0.0195,0.0043,0.1250,0.0009,0.0361,1,2
cand2647,-0.0216,0.1059,-158.0073,0.2305,0.0026,0.0352,0.0045,0.0137,0.0073,0.0000,0.0101,0.0698,0,3
cand2648,-0.0453,0.0574,-132.1610,0.0000,0.0129,0.0000,0.0138,0.0000,0.0161,0.0000,0.0213,0.0000,1,0
cand2649,0.0529,0.1089,71.7781,0.2305,0.0010,0.4648,0.0012,0.5137,0.0012,0.5234,0.0009,0.4331,0,4
cand2650,-0.0377,0.0312,-15.0730,0.2109,0.0012,0.0352,0.0010,0.0000,0.0117,0.0000,0.0200,0.0615,1,2
cand2651,0.0593,0.0012,-174.4139,0.0000,0.0132,0.0000,0.0239,0.0000,0.0170,0.0430,0.0022,0.0107,1,1
cand2652,0.0598,0.0372,-16.9338,0.0000,0.0206,0.0078,0.0062,0.0781,0.0035,0.2656,0.0013,0.0879,1,3
cand2653,0.0434,0.0136,131.8682,0.0078,0.0073,0.0508,0.0024,0.2480,0.0015,0.3906,0.0007,0.1743,1,4
cand2654,0.0274,0.0976,116.6879,0.6016,0.0005,0.5742,0.0009,0.5840,0.0004,0.2422,0.0016,0.5005,0,4
cand2655,-0.0360,0.0316,78.0243,0.2402,0.0006,0.0938,0.0022,0.0918,0.0027,0.0000,0.0168,0.1064,1,3
cand2656,0.0206,0.0641,-150.7453,0.2695,0.0010,0.0684,0.0035,0.0293,0.0033,0.0312,0.0047,0.0996,0,4
cand2657,0.0217,0.0454,-116.1893,0.0254,0.0055,0.0000,0.0100,0.0000,0.0118,0.0156,0.0050,0.0103,0,2
cand2658,0.0428,0.0176,167.7270,0.0723,0.0016,0.0781,0.0024,0.0703,0.0023,0.1289,0.0025,0.0874,0,4
cand2659,0.0384,0.0759,124.5586,0.4102,0.0012,0.4844,0.0004,0.5918,0.0008,0.4375,0.0004,0.4810,0,4
cand2660,-0.0025,0.0755,89.7177,0.4570,0.0010,0.4473,0.0008,0.5254,0.0007,0.1367,0.0049,0.3916,0,4
cand2661,-0.0008,0.0727,46.3196,0.3867,0.0008,0.3867,0.0006,0.4492,0.0009,0.4648,0.0004,0.4219,1,4
cand2662,0.0033,0.0066,79.6633,0.0801,0.0019,0.0312,0.0015,0.0840,0.0011,0.1758,0.0014,0.0928,1,4
cand2663,-0.0321,0.0534,-2.3538,0.3438,0.0016,0.1855,0.0016,0.0801,0.0024,0.0000,0.0133,0.1523,1,3
cand2664,-0.0196,0.0089,163.1812,0.0000,0.0121,0.0000,0.0367,0.0000,0.0388,0.0000,0.0286,0.0000,1,0
cand2665,0.0241,0.0839,-81.1108,0.1445,0.0011,0.0176,0.0076,0.1934,0.0018,0.6016,0.0008,0.2393,0,4
cand2666,-0.0304,0.0698,57.0496,0.4473,0.0009,0.3320,0.0010,0.2910,0.0010,0.0801,0.0051,0.2876,1,4
cand2667,0.0286,0.0779,-79.2016,0.0645,0.0031,0.0059,0.0088,0.1270,0.0027,0.4902,0.0013,0.1719,0,4
cand2668,0.0542,0.0537,75.6666,0.0898,0.0012,0.2246,0.0007,0.3750,0.0006,0.4961,0.0005,0.2964,1,4
cand2669,0.0270,0.0992,44.7868,0.3242,0.0005,0.4395,0.0010,0.5898,0.0010,0.6797,0.0006,0.5083,0,4
cand2670,0.0252,0.0203,-23.9456,0.0078,0.0066,0.0312,0.0049,0.1055,0.0017,0.2578,0.0013,0.1006,1,4
cand2671,0.0290,0.0307,-96.9695,0.0000,0.0133,0.0000,0.0149,0.0000,0.0114,0.0273,0.0041,0.0068,1,1
cand2672,0.0258,0.0063,112.0230,0.0391,0.0028,0.0332,0.0027,0.1484,0.0017,0.3398,0.0006,0.1401,1,4
cand2673,-0.0422,0.0024,27.8627,0.0273,0.0040,0.0000,0.0237,0.0000,0.0285,0.0000,0.0288,0.0068,1,1
cand2674,0.0357,0.0116,-134.5087,0.0000,0.0321,0.0000,0.0330,0.0000,0.0153,0.0039,0.0074,0.0010,1,1
cand2675,0.0458,0.0285,176.1146,0.1855,0.0014,0.0957,0.0013,0.1113,0.0008,0.1465,0.0042,0.1348,0,4
cand2676,0.0032,0.0487,-21.7278,0.0996,0.0019,0.1836,0.0012,0.2852,0.0011,0.3203,0.0013,0.2222,1,4
cand2677,-0.0220,0.0217,154.0771,0.0664,0.0020,0.0000,0.0268,0.0000,0.0334,0.0000,0.0260,0.0166,1,1
cand2678,-0.0039,0.0612,-110.4022,0.0137,0.0058,0.0000,0.0140,0.0176,0.0063,0.2090,0.0025,0.0601,0,3
cand2679,0.0402,0.0656,-128.7802,0.1504,0.0013,0.1133,0.0011,0.0391,0.0067,0.1230,0.0034,0.1064,0,4
cand2680,0.0225,0.0911,100.3717,0.5547,0.0008,0.5176,0.0010,0.5566,0.0011,0.5371,0.0008,0.5415,0,4
cand2681,-0.0366,0.0915,-8.9717,0.6094,0.0005,0.4141,0.0006,0.0762,0.0080,0.0000,0.0264,0.2749,1,3
cand2682,0.0230,0.0082,13.6239,0.0488,0.0023,0.0332,0.0009,0.1055,0.0025,0.1934,0.0018,0.0952,1,4
cand2683,-0.0234,0.0430,-47.2277,0.1094,0.0033,0.1426,0.0016,0.1250,0.0013,0.0430,0.0060,0.1050,1,4
cand2684,-0.0397,0.0214,34.7257,0.1484,0.0009,0.0098,0.0065,0.0000,0.0162,0.0000,0.0187,0.0396,1,2
cand2685,0.0155,0.0613,-149.1593,0.2363,0.0003,0.0312,0.0023,0.0137,0.0066,0.0137,0.0072,0.0737,0,4
cand2686,0.0500,0.0838,78.7697,0.1953,0.0014,0.4043,0.0004,0.4766,0.0011,0.5586,0.0009,0.4087,0,4
cand2687,-0.0298,0.0493,120.2768,0.4609,0.0005,0.0234,0.0084,0.0000,0.0266,0.0000,0.0329,0.1211,1,2
cand2688,-0.0064,0.0346,-50.1316,0.0352,0.0059,0.0703,0.0016,0.1699,0.0015,0.1934,0.0002,0.1172,1,4
cand2689,-0.0455,0.0284,82.0907,0.2168,0.0006,0.0547,0.0016,0.0000,0.0131,0.0000,0.0292,0.0679,1,2
cand2690,-0.0444,0.0716,-145.3428,0.0059,0.0079,0.0000,0.0114,0.0000,0.0155,0.0000,0.0240,0.0015,0,1
cand2691,-0.0019,0.0249,-129.2706,0.0000,0.0123,0.0000,0.0106,0.0000,0.0136,0.0000,0.0129,0.0000,0,0
cand2692,-0.0143,0.0146,-39.6351,0.0508,0.0041,0.0547,0.0027,0.0469,0.0025,0.0449,0.0029,0.0493,1,4
cand2693,0.0019,0.0707,139.1299,0.5977,0.0007,0.4355,0.0008,0.0781,0.0011,0.0195,0.0069,0.2827,0,4
cand2694,-0.0420,0.0431,107.4149,0.3867,0.0012,0.0117,0.0096,0.0000,0.0317,0.0000,0.0465,0.0996,1,2
cand2695,0.0366,0.0507,79.1620,0.2090,0.0011,0.2656,0.0011,0.3711,0.0008,0.4902,0.0004,0.3340,1,4
cand2696,0.0121,0.1088,34.2864,0.3984,0.0014,0.5312,0.0009,0.7070,0.0004,0.5938,0.0004,0.5576,0,4
cand2697,0.0424,0.0179,51.7226,0.0254,0.0021,0.0430,0.0002,0.1699,0.0010,0.2852,0.0010,0.1309,1,4
cand2698,0.0077,0.0836,-90.6680,0.1309,0.0027,0.0332,0.0040,0.2520,0.0013,0.5742,0.0006,0.2476,0,4
cand2699,-0.0133,0.0494,-13.5161,0.2246,0.0015,0.2285,0.0003,0.2227,0.0015,0.1914,0.0021,0.2168,1,4
cand2700,-0.0175,0.0630,-71.6633,0.0371,0.0057,0.1035,0.0026,0.2578,0.0006,0.1328,0.0023,0.1328,1,4
cand2701,0.0057,0.0080,-82.9581,0.0000,0.0201,0.0000,0.0258,0.0000,0.0135,0.0273,0.0074,0.0068,1,1
cand2702,0.0484,0.0235,-131.6068,0.0000,0.0288,0.0000,0.0283,0.0000,0.0119,0.0039,0.0079,0.0010,0,1
cand2703,-0.0094,0.0169,57.5225,0.1504,0.0014,0.0566,0.0019,0.0859,0.0007,0.1367,0.0018,0.1074,1,4
cand2704,-0.0335,0.0489,-5.8251,0.3125,0.0009,0.1660,0.0019,0.0488,0.0042,0.0000,0.0153,0.1318,1,3
cand2705,-0.0265,0.0748,160.5540,0.2578,0.0012,0.0176,0.0042,0.0039,0.0086,0.0000,0.0113,0.0698,0,3
cand2706,-0.0377,0.0745,-5.3993,0.4766,0.0005,0.2773,0.0011,0.0762,0.0076,0.0000,0.0226,0.2075,1,3
cand2707,0.0506,0.0613,-10.9875,0.0078,0.0069,0.0664,0.0036,0.2090,0.0011,0.4746,0.0007,0.1895,0,4
cand2708,0.0446,0.0427,-89.1659,0.0000,0.0164,0.0000,0.0152,0.0000,0.0122,0.0371,0.0075,0.0093,0,1
cand2709,-0.0143,0.0091,108.3472,0.1406,0.0009,0.0625,0.0020,0.0234,0.0077,0.0000,0.0205,0.0566,1,3
cand2710,-0.0409,0.0592,-82.7959,0.0625,0.0017,0.1113,0.0012,0.0371,0.0083,0.0000,0.0242,0.0527,1,3
cand2711,-0.0143,0.0405,-108.6770,0.0000,0.0146,0.0000,0.0132,0.0020,0.0093,0.0645,0.0013,0.0166,0,2
cand2712,-0.0035,0.0312,178.7224,0.1094,0.0015,0.0000,0.0167,0.0000,0.0175,0.0000,0.0122,0.0273,1,1
cand2713,0.0099,0.0662,-175.2148,0.3730,0.0011,0.1055,0.0030,0.0234,0.0072,0.0000,0.0102,0.1255,0,3
cand2714,-0.0262,0.0215,94.4020,0.2090,0.0005,0.0918,0.0021,0.0684,0.0046,0.0000,0.0206,0.0923,1,3
cand2715,0.0518,0.0267,104.7928,0.0078,0.0080,0.0742,0.0023,0.2520,0.0009,0.3926,0.0010,0.1816,1,4
cand2716,-0.0422,0.0497,44.5870,0.3164,0.0016,0.1426,0.0004,0.0312,0.0044,0.0137,0.0087,0.1260,1,4
cand2717,0.0383,0.0854,-165.7863,0.5625,0.0012,0.3691,0.0010,0.2246,0.0011,0.1582,0.0032,0.3286,0,4
cand2718,0.0461,0.0611,81.1094,0.1934,0.0005,0.2988,0.0007,0.4102,0.0013,0.5215,0.0012,0.3560,0,4
cand2719,0.0401,0.0707,171.6783,0.5645,0.0008,0.4219,0.0006,0.3262,0.0005,0.1113,0.0048,0.3560,0,4
cand2720,0.0568,0.0011,-89.0442,0.0000,0.0309,0.0000,0.0219,0.0000,0.0188,0.0000,0.0117,0.0000,1,0
cand2721,-0.0398,0.0491,125.3269,0.4570,0.0003,0.0000,0.0199,0.0000,0.0359,0.0000,0.0384,0.1143,1,1
cand2722,0.0552,0.0129,-110.4231,0.0000,0.0460,0.0000,0.0314,0.0020,0.0094,0.0000,0.0119,0.0005,1,1
cand2723,-0.0194,0.0187,70.8879,0.1660,0.0018,0.0547,0.0011,0.0625,0.0021,0.1445,0.0018,0.1069,1,4
cand2724,-0.0084,0.0816,-3.0943,0.3496,0.0004,0.4297,0.0008,0.4512,0.0010,0.3516,0.0006,0.3955,1,4
cand2725,0.0489,0.0300,117.4609,0.0312,0.0037,0.1191,0.0028,0.2949,0.0002,0.4922,0.0010,0.2344,1,4
cand2726,0.0590,0.0032,154.0632,0.0000,0.0242,0.0000,0.0121,0.1855,0.0008,0.2461,0.0009,0.1079,1,2
cand2727,-0.0457,0.0112,-58.8046,0.0312,0.0035,0.0000,0.0127,0.0000,0.0247,0.0000,0.0297,0.0078,1,1
cand2728,-0.0221,0.0806,-122.1731,0.0410,0.0044,0.0020,0.0091,0.0801,0.0013,0.1152,0.0028,0.0596,0,4
cand2729,-0.0083,0.0143,20.9928,0.1348,0.0008,0.0410,0.0025,0.0625,0.0030,0.0938,0.0021,0.0830,1,4
cand2730,0.0331,0.0620,-50.1116,0.0000,0.0103,0.0117,0.0075,0.1250,0.0047,0.5195,0.0022,0.1641,1,3
cand2731,0.0292,0.0462,-43.5320,0.0000,0.0123,0.0410,0.0044,0.1621,0.0017,0.3926,0.0010,0.1489,1,3
cand2732,0.0091,0.0905,100.7997,0.5410,0.0009,0.5234,0.0010,0.5801,0.0006,0.1406,0.0022,0.4463,0,4
cand2733,0.0362,0.0907,146.1100,0.6074,0.0008,0.6855,0.0008,0.4961,0.0005,0.1348,0.0028,0.4810,0,4
cand2734,0.0261,0.0610,-145.6078,0.2266,0.0012,0.0801,0.0039,0.0254,0.0034,0.0293,0.0039,0.0903,0,4
cand2735,0.0182,0.0886,-7.5780,0.1426,0.0028,0.3242,0.0016,0.5801,0.0005,0.6855,0.0008,0.4331,0,4
cand2736,0.0080,0.0447,-158.7514,0.1426,0.0008,0.0020,0.0099,0.0137,0.0065,0.0000,0.0116,0.0396,0,3
cand2737,0.0166,0.0629,39.6164,0.2812,0.0007,0.3242,0.0009,0.3984,0.0006,0.5000,0.0011,0.3760,1,4
cand2738,0.0205,0.0767,176.6079,0.5664,0.0001,0.2988,0.0005,0.0879,0.0064,0.0430,0.0056,0.2490,0,4
cand2739,-0.0438,0.0921,89.0343,0.5840,0.0006,0.3477,0.0013,0.0000,0.0207,0.0000,0.0470,0.2329,0,2
cand2740,-0.0329,0.0044,-161.3255,0.0000,0.0282,0.0000,0.0374,0.0000,0.0220,0.0000,0.0235,0.0000,1,0
cand2741,-0.0055,0.0447,-174.6927,0.1641,0.0011,0.0000,0.0126,0.0078,0.0075,0.0000,0.0121,0.0430,0,2
cand2742,0.0342,0.0726,-46.0997,0.0000,0.0113,0.0059,0.0091,0.2383,0.0030,0.6113,0.0012,0.2139,1,3
cand2743,0.0552,0.0550,-121.9953,0.0000,0.0131,0.0137,0.0076,0.0684,0.0022,0.0898,0.0024,0.0430,0,3
cand2744,0.0216,0.0481,-20.9260,0.0488,0.0029,0.1191,0.0017,0.2891,0.0010,0.4043,0.0007,0.2153,1,4
cand2745,0.0036,0.0770,-87.4173,0.0625,0.0026,0.0137,0.0080,0.2734,0.0011,0.5234,0.0009,0.2183,0,4
cand2746,-0.0140,0.0632,50.1993,0.3906,0.0012,0.3203,0.0011,0.3457,0.0010,0.3164,0.0005,0.3433,1,4
cand2747,-0.0246,0.0396,80.2602,0.3008,0.0010,0.1953,0.0008,0.2227,0.0020,0.0059,0.0095,0.1812,1,4
cand2748,0.0074,0.0811,-111.2332,0.2051,0.0010,0.0137,0.0066,0.1250,0.0043,0.3691,0.0010,0.1782,0,4
cand2749,-0.0075,0.0615,-9.0457,0.2715,0.0018,0.3105,0.0011,0.3262,0.0012,0.2969,0.0013,0.3013,1,4
cand2750,0.0086,0.0979,177.2561,0.6523,0.0008,0.2656,0.0013,0.0449,0.0059,0.0000,0.0120,0.2407,0,3
cand2751,0.0055,0.0458,-28.3590,0.0430,0.0039,0.1484,0.0022,0.2812,0.0008,0.3184,0.0013,0.1978,1,4
cand2752,0.0274,0.0787,169.7546,0.6855,0.0006,0.4004,0.0006,0.1836,0.0017,0.0625,0.0048,0.3330,0,4
cand2753,0.0536,0.0023,104.6456,0.0000,0.0219,0.0000,0.0148,0.0820,0.0017,0.2656,0.0010,0.0869,1,2
cand2754,0.0501,0.0073,171.2452,0.0000,0.0104,0.0156,0.0064,0.0234,0.0061,0.0859,0.0006,0.0312,1,3
cand2755,-0.0234,0.0356,-166.7120,0.0000,0.0103,0.0000,0.0163,0.0000,0.0151,0.0000,0.0127,0.0000,0,0
cand2756,0.0517,0.0043,-61.3023,0.0000,0.0294,0.0000,0.0315,0.0000,0.0161,0.0254,0.0072,0.0063,1,1
cand2757,0.0281,0.1072,139.5261,0.7754,0.0009,0.7090,0.0009,0.4297,0.0008,0.0664,0.0053,0.4951,0,4
cand2758,0.0490,0.0205,37.9098,0.0273,0.0063,0.0449,0.0007,0.1816,0.0008,0.2969,0.0010,0.1377,1,4
cand2759,-0.0354,0.0350,-102.0450,0.0000,0.0110,0.0000,0.0161,0.0059,0.0069,0.0039,0.0093,0.0024,1,2
cand2760,0.0436,0.0492,84.0540,0.1602,0.0019,0.2422,0.0006,0.3633,0.0003,0.4941,0.0003,0.3149,1,4
cand2761,0.0078,0.0289,40.5148,0.1973,0.0014,0.1465,0.0018,0.1973,0.0014,0.2715,0.0016,0.2031,1,4
cand2762,-0.0399,0.0965,-136.7180,0.1309,0.0013,0.0000,0.0103,0.0898,0.0044,0.0000,0.0244,0.0552,0,2
cand2763,0.0560,0.0495,167.3442,0.1055,0.0041,0.3730,0.0010,0.3613,0.0010,0.3418,0.0007,0.2954,0,4
cand2764,-0.0173,0.0181,-117.4288,0.0059,0.0075,0.0000,0.0205,0.0000,0.0226,0.0000,0.0120,0.0015,1,1
cand2765,0.0237,0.0413,1.2426,0.0859,0.0025,0.1465,0.0016,0.2773,0.0017,0.3652,0.0012,0.2188,1,4
cand2766,-0.0059,0.0803,-89.2535,0.0801,0.0024,0.0527,0.0026,0.3242,0.0012,0.3809,0.0014,0.2095,0,4
cand2767,0.0294,0.0540,92.7275,0.2910,0.0007,0.3027,0.0010,0.4043,0.0006,0.5430,0.0007,0.3853,0,4
cand2768,0.0344,0.0238,28.0663,0.0684,0.0019,0.1035,0.0015,0.2012,0.0010,0.3027,0.0011,0.1689,1,4
cand2769,-0.0449,0.1069,28.8997,0.6973,0.0010,0.4824,0.0004,0.1328,0.0037,0.0000,0.0233,0.3281,1,3
cand2770,-0.0171,0.0969,57.3504,0.5312,0.0008,0.5527,0.0011,0.4824,0.0008,0.1914,0.0015,0.4395,0,4
cand2771,-0.0442,0.1008,-114.3235,0.2910,0.0004,0.1758,0.0010,0.0137,0.0086,0.0000,0.0301,0.1201,1,3
cand2772,0.0160,0.0494,-116.4297,0.0410,0.0047,0.0059,0.0093,0.0000,0.0134,0.0469,0.0034,0.0234,0,3
cand2773,-0.0317,0.0072,-110.1473,0.0000,0.0179,0.0000,0.0323,0.0000,0.0311,0.0000,0.0212,0.0000,1,0
cand2774,0.0439,0.0708,106.4481,0.2754,0.0015,0.3887,0.0015,0.5098,0.0011,0.5840,0.0002,0.4395,0,4
cand2775,0.0307,0.1074,51.3888,0.3301,0.0007,0.4746,0.0006,0.5781,0.0006,0.6641,0.0005,0.5117,0,4
cand2776,0.0486,0.0435,162.5998,0.1602,0.0019,0.3516,0.0005,0.3125,0.0005,0.2832,0.0012,0.2769,0,4
cand2777,0.0383,0.0530,26.8103,0.0938,0.0026,0.1953,0.0013,0.3301,0.0005,0.4707,0.0009,0.2725,1,4
cand2778,-0.0086,0.0995,-148.3033,0.3281,0.0008,0.0234,0.0075,0.0176,0.0069,0.1992,0.0024,0.1421,0,4
cand2779,-0.0194,0.1060,162.9123,0.4141,0.0010,0.0469,0.0021,0.0117,0.0061,0.0000,0.0115,0.1182,0,3
cand2780,0.0165,0.0832,-90.3847,0.1699,0.0005,0.0195,0.0074,0.1973,0.0014,0.5391,0.0006,0.2314,0,4
cand2781,0.0079,0.0452,98.9843,0.3125,0.0009,0.2793,0.0008,0.3828,0.0004,0.4590,0.0004,0.3584,1,4
cand2782,-0.0249,0.0624,30.5632,0.4004,0.0005,0.2930,0.0009,0.2441,0.0004,0.1504,0.0011,0.2720,1,4
cand2783,0.0194,0.1083,117.8548,0.6836,0.0004,0.5898,0.0008,0.5664,0.0004,0.0840,0.0031,0.4810,0,4
cand2784,0.0491,0.0309,-119.7102,0.0000,0.0295,0.0000,0.0232,0.0039,0.0089,0.0020,0.0098,0.0015,0,2
cand2785,0.0252,0.0960,-160.9231,0.5879,0.0007,0.3945,0.0012,0.1426,0.0013,0.1875,0.0025,0.3281,0,4
cand2786,0.0410,0.0426,-169.8930,0.2598,0.0006,0.0938,0.0006,0.1270,0.0037,0.0508,0.0012,0.1328,0,4
cand2787,-0.0360,0.0520,-19.5948,0.3281,0.0004,0.1562,0.0007,0.0391,0.0059,0.0000,0.0169,0.1309,1,3
cand2788,-0.0056,0.0173,-145.1533,0.0000,0.0183,0.0000,0.0225,0.0020,0.0098,0.0000,0.0136,0.0005,1,1
cand2789,0.0162,0.0541,-164.2629,0.2520,0.0005,0.0566,0.0018,0.0078,0.0091,0.0078,0.0086,0.0811,0,4
cand2790,0.0322,0.0251,-104.1008,0.0000,0.0197,0.0020,0.0093,0.0000,0.0127,0.0000,0.0113,0.0005,1,1
cand2791,0.0234,0.0210,78.5732,0.1094,0.0012,0.0996,0.0015,0.2070,0.0016,0.3164,0.0004,0.1831,1,4
cand2792,0.0334,0.0366,-71.9007,0.0000,0.0126,0.0000,0.0131,0.0137,0.0052,0.1367,0.0030,0.0376,1,2
cand2793,-0.0224,0.0876,-116.9318,0.1016,0.0044,0.0410,0.0035,0.1855,0.0013,0.0371,0.0056,0.0913,0,4
cand2794,0.0460,0.0404,-155.6375,0.1211,0.0004,0.0273,0.0035,0.0762,0.0019,0.0469,0.0048,0.0679,0,4
cand2795,0.0580,0.0493,-131.4967,0.0020,0.0098,0.0020,0.0092,0.0938,0.0022,0.0742,0.0029,0.0430,0,4
cand2796,0.0471,0.0858,11.7507,0.0898,0.0047,0.1914,0.0009,0.4082,0.0020,0.7051,0.0007,0.3486,0,4
cand2797,0.0289,0.0151,25.7326,0.0566,0.0036,0.0605,0.0011,0.1523,0.0005,0.2461,0.0016,0.1289,1,4
cand2798,-0.0402,0.0360,-50.1328,0.1211,0.0023,0.0684,0.0015,0.0000,0.0131,0.0000,0.0210,0.0474,1,2
cand2799,0.0040,0.0353,-24.4253,0.0625,0.0026,0.1094,0.0013,0.2227,0.0010,0.2578,0.0008,0.1631,1,4
cand2800,-0.0111,0.0032,134.7847,0.1699,0.0012,0.0000,0.0152,0.0000,0.0304,0.0000,0.0326,0.0425,1,1
cand2801,-0.0063,0.0051,179.2255,0.0000,0.0166,0.0000,0.0376,0.0000,0.0338,0.0000,0.0216,0.0000,1,0
cand2802,-0.0367,0.0831,137.2849,0.3750,0.0012,0.0020,0.0091,0.0000,0.0153,0.0000,0.0184,0.0942,0,2
cand2803,-0.0101,0.0899,160.6230,0.5078,0.0011,0.0977,0.0020,0.0176,0.0081,0.0000,0.0134,0.1558,0,3
cand2804,-0.0327,0.0801,18.5139,0.5117,0.0005,0.3633,0.0009,0.2305,0.0008,0.0098,0.0071,0.2788,1,4
cand2805,0.0231,0.0557,-101.4451,0.0469,0.0040,0.0000,0.0132,0.0059,0.0086,0.1348,0.0024,0.0469,0,3
cand2806,-0.0479,0.0820,115.0790,0.5859,0.0005,0.0000,0.0170,0.0000,0.0354,0.0000,0.0433,0.1465,0,1
cand2807,0.0403,0.0992,154.6541,0.6504,0.0011,0.7559,0.0008,0.4941,0.0009,0.1465,0.0025,0.5117,0,4
cand2808,-0.0112,0.0911,157.7739,0.5020,0.0006,0.0996,0.0020,0.0156,0.0083,0.0000,0.0130,0.1543,0,3
cand2809,-0.0336,0.0520,-16.3350,0.3242,0.0011,0.1719,0.0012,0.0605,0.0037,0.0000,0.0153,0.1392,1,3
cand2810,0.0456,0.0393,-116.3875,0.0000,0.0226,0.0000,0.0162,0.0020,0.0098,0.0078,0.0074,0.0024,0,2
cand2811,-0.0329,0.1029,29.1126,0.6699,0.0008,0.5527,0.0010,0.3457,0.0008,0.0000,0.0109,0.3921,0,3
cand2812,-0.0486,0.0581,102.3253,0.4746,0.0010,0.0039,0.0090,0.0000,0.0340,0.0000,0.0518,0.1196,1,2
cand2813,0.0239,0.0510,45.3849,0.1953,0.0012,0.2539,0.0015,0.3438,0.0012,0.4395,0.0010,0.3081,1,4
cand2814,0.0141,0.0110,158.5922,0.2109,0.0008,0.0000,0.0124,0.0000,0.0169,0.0000,0.0139,0.0527,1,1
cand2815,-0.0357,0.0312,-131.0748,0.0059,0.0080,0.0000,0.0187,0.0000,0.0245,0.0000,0.0208,0.0015,1,1
cand2816,0.0071,0.0783,-96.0631,0.1055,0.0023,0.0156,0.0051,0.1680,0.0016,0.4707,0.0011,0.1899,0,4
cand2817,-0.0402,0.0734,-73.4147,0.2617,0.0016,0.2363,0.0013,0.0000,0.0102,0.0000,0.0265,0.1245,1,2
cand2818,-0.0280,0.0286,7.6089,0.2051,0.0010,0.0664,0.0027,0.0273,0.0074,0.0020,0.0098,0.0752,1,4
cand2819,0.0218,0.0256,16.6110,0.0801,0.0013,0.1230,0.0014,0.2031,0.0003,0.2812,0.0015,0.1719,1,4
cand2820,-0.0050,0.0002,132.2223,0.1035,0.0010,0.0059,0.0094,0.0000,0.0234,0.0000,0.0276,0.0273,1,2
cand2821,0.0035,0.0681,4.1586,0.2578,0.0009,0.3477,0.0012,0.4102,0.0011,0.4434,0.0004,0.3647,1,4
cand2822,0.0315,0.0779,-172.0182,0.5410,0.0009,0.3105,0.0006,0.1406,0.0032,0.0430,0.0045,0.2588,0,4
cand2823,0.0359,0.0159,4.0738,0.0195,0.0036,0.0566,0.0026,0.1406,0.0009,0.2598,0.0008,0.1191,1,4
cand2824,0.0350,0.0791,-125.5427,0.2773,0.0008,0.1641,0.0014,0.0840,0.0040,0.2500,0.0008,0.1938,0,4
cand2825,-0.0161,0.0520,82.5790,0.3594,0.0007,0.2930,0.0005,0.3535,0.0006,0.0762,0.0055,0.2705,1,4
cand2826,-0.0361,0.0449,-14.2302,0.2871,0.0009,0.1230,0.0017,0.0195,0.0070,0.0000,0.0163,0.1074,1,3
cand2827,-0.0325,0.0719,-69.4066,0.2051,0.0019,0.2852,0.0021,0.1387,0.0029,0.0000,0.0185,0.1572,1,3
cand2828,0.0482,0.0903,-63.1211,0.0195,0.0040,0.0176,0.0071,0.1582,0.0023,0.5449,0.0008,0.1851,0,4
cand2829,-0.0453,0.0112,130.1017,0.0000,0.0100,0.0000,0.0382,0.0000,0.0546,0.0000,0.0567,0.0000,1,0
cand2830,0.0238,0.0785,-129.0710,0.3203,0.0009,0.0820,0.0044,0.0527,0.0047,0.2422,0.0028,0.1743,0,4
cand2831,0.0560,0.0376,20.8683,0.0195,0.0068,0.0762,0.0017,0.2012,0.0019,0.3477,0.0003,0.1611,1,4
cand2832,0.0275,0.0734,-141.1135,0.3105,0.0006,0.1523,0.0026,0.0391,0.0068,0.1309,0.0019,0.1582,0,4
cand2833,-0.0049,0.0618,-152.7778,0.1758,0.0017,0.0195,0.0038,0.0000,0.0136,0.0000,0.0113,0.0488,0,2
cand2834,0.0162,0.0270,-15.1364,0.0508,0.0030,0.0879,0.0012,0.2051,0.0016,0.2793,0.0016,0.1558,1,4
cand2835,0.0161,0.0914,-85.5274,0.2148,0.0011,0.0723,0.0025,0.3164,0.0013,0.6680,0.0004,0.3179,0,4
cand2836,-0.0498,0.0799,-69.9176,0.4160,0.0018,0.2500,0.0010,0.0000,0.0202,0.0000,0.0373,0.1665,1,2
cand2837,0.0104,0.0594,41.9036,0.3027,0.0010,0.3047,0.0012,0.3848,0.0008,0.4707,0.0001,0.3657,1,4
cand2838,0.0082,0.1094,137.5620,0.7578,0.0006,0.5684,0.0004,0.1543,0.0033,0.0215,0.0055,0.3755,0,4
cand2839,0.0553,0.0200,-50.3230,0.0000,0.0259,0.0000,0.0250,0.0000,0.0118,0.0625,0.0022,0.0156,1,1
cand2840,0.0460,0.0903,-166.5744,0.6152,0.0004,0.4453,0.0010,0.4258,0.0018,0.2754,0.0011,0.4404,0,4
cand2841,0.0140,0.1071,23.8720,0.3359,0.0012,0.5020,0.0011,0.7012,0.0002,0.6328,0.0009,0.5430,0,4
cand2842,-0.0294,0.0824,-68.0102,0.2578,0.0012,0.3770,0.0007,0.2168,0.0012,0.0000,0.0182,0.2129,1,3
cand2843,0.0145,0.0743,76.8626,0.3965,0.0004,0.4102,0.0010,0.5078,0.0008,0.5762,0.0006,0.4727,0,4
cand2844,-0.0387,0.0429,-111.4542,0.0000,0.0133,0.0000,0.0137,0.0020,0.0091,0.0000,0.0122,0.0005,1,1
cand2845,-0.0368,0.0403,116.3618,0.4023,0.0012,0.0000,0.0121,0.0000,0.0324,0.0000,0.0428,0.1006,1,1
cand2846,-0.0373,0.0529,-116.9977,0.0000,0.0130,0.0000,0.0125,0.0117,0.0064,0.0000,0.0118,0.0029,1,1
cand2847,-0.0172,0.0395,-42.2841,0.0762,0.0046,0.1191,0.0016,0.1523,0.0006,0.1094,0.0029,0.1143,1,4
cand2848,-0.0174,0.0118,-27.1510,0.0664,0.0028,0.0293,0.0008,0.0176,0.0053,0.0234,0.0053,0.0342,1,4
cand2849,0.0233,0.1051,-20.3254,0.0352,0.0060,0.3242,0.0013,0.7227,0.0010,0.8086,0.0009,0.4727,0,4
cand2850,-0.0393,0.0813,-44.6375,0.5195,0.0007,0.3105,0.0005,0.0039,0.0096,0.0000,0.0275,0.2085,1,3
cand2851,-0.0314,0.0536,20.1461,0.3418,0.0011,0.2090,0.0011,0.1191,0.0014,0.0117,0.0075,0.1704,1,4
cand2852,0.0377,0.0558,147.7925,0.3184,0.0006,0.4434,0.0010,0.4199,0.0005,0.2480,0.0016,0.3574,0,4
cand2853,-0.0074,0.0258,145.2328,0.3535,0.0008,0.0000,0.0108,0.0000,0.0211,0.0000,0.0199,0.0884,1,1
cand2854,0.0367,0.0370,66.9079,0.1387,0.0015,0.1719,0.0010,0.2852,0.0007,0.4004,0.0004,0.2490,1,4
cand2855,0.0020,0.0904,35.8202,0.4160,0.0009,0.4980,0.0012,0.5742,0.0004,0.5156,0.0009,0.5010,1,4
cand2856,-0.0156,0.0429,-94.4628,0.0000,0.0139,0.0039,0.0090,0.0391,0.0046,0.1348,0.0015,0.0444,1,3
cand2857,0.0452,0.0664,-163.3352,0.3945,0.0012,0.2559,0.0006,0.2656,0.0026,0.1094,0.0028,0.2563,0,4
cand2858,-0.0226,0.0771,77.9811,0.4902,0.0009,0.4355,0.0011,0.3457,0.0013,0.0000,0.0133,0.3179,0,3
cand2859,-0.0431,0.0607,-107.9756,0.0059,0.0081,0.0137,0.0049,0.0312,0.0047,0.0000,0.0197,0.0127,1,3
cand2860,-0.0400,0.0817,132.8295,0.3828,0.0006,0.0000,0.0123,0.0000,0.0200,0.0000,0.0236,0.0957,0,1
cand2861,0.0358,0.0493,159.1266,0.3477,0.0009,0.3730,0.0007,0.2754,0.0005,0.1152,0.0025,0.2778,0,4
cand2862,-0.0174,0.0137,28.4471,0.1309,0.0013,0.0234,0.0029,0.0215,0.0021,0.0410,0.0040,0.0542,1,4
cand2863,0.0355,0.0237,42.4210,0.0742,0.0010,0.0957,0.0018,0.1992,0.0008,0.3066,0.0005,0.1689,1,4
cand2864,-0.0041,0.0127,-64.2457,0.0000,0.0132,0.0000,0.0123,0.0293,0.0066,0.1152,0.0019,0.0361,1,2
cand2865,0.0435,0.0189,76.9906,0.0176,0.0058,0.0566,0.0034,0.1895,0.0004,0.3105,0.0011,0.1436,1,4
cand2866,-0.0259,0.0683,48.0762,0.4375,0.0009,0.3242,0.0012,0.3066,0.0010,0.1875,0.0012,0.3140,1,4
cand2867,-0.0254,0.0035,114.3363,0.1172,0.0012,0.0215,0.0070,0.0000,0.0252,0.0000,0.0367,0.0347,1,2
cand2868,0.0431,0.0987,-43.9483,0.0078,0.0081,0.0215,0.0068,0.3184,0.0012,0.7949,0.0009,0.2856,0,4
cand2869,0.0399,0.0168,-163.6769,0.0137,0.0061,0.0000,0.0217,0.0000,0.0134,0.0137,0.0055,0.0068,0,2
cand2870,0.0547,0.0740,82.2962,0.1523,0.0014,0.3398,0.0008,0.4551,0.0010,0.5430,0.0001,0.3726,0,4
cand2871,-0.0057,0.0589,-98.0891,0.0039,0.0087,0.0000,0.0113,0.0664,0.0038,0.2734,0.0011,0.0859,0,3
cand2872,0.0510,0.0967,-33.5824,0.0000,0.0113,0.0020,0.0095,0.2676,0.0008,0.7832,0.0005,0.2632,0,3
cand2873,0.0549,0.0956,-170.7374,0.6133,0.0015,0.5566,0.0002,0.5586,0.0006,0.3809,0.0020,0.5273,0,4
cand2874,0.0346,0.0456,36.5763,0.1152,0.0023,0.2129,0.0005,0.3164,0.0005,0.4277,0.0012,0.2681,1,4
cand2875,0.0384,0.0690,-168.8646,0.4570,0.0006,0.2695,0.0007,0.1797,0.0008,0.0859,0.0017,0.2480,0,4
cand2876,0.0037,0.0073,119.7821,0.1035,0.0021,0.0664,0.0021,0.1309,0.0033,0.0000,0.0127,0.0752,1,3
cand2877,-0.0262,0.0675,163.8462,0.2227,0.0016,0.0059,0.0071,0.0000,0.0100,0.0000,0.0114,0.0571,0,2
cand2878,0.0234,0.0877,152.2559,0.7168,0.0004,0.5625,0.0005,0.2637,0.0004,0.0586,0.0023,0.4004,0,4
cand2879,0.0441,0.0768,-106.0089,0.0508,0.0039,0.1016,0.0015,0.0742,0.0030,0.2461,0.0023,0.1182,0,4
cand2880,0.0548,0.0274,127.6769,0.0020,0.0100,0.0820,0.0019,0.2930,0.0007,0.5176,0.0010,0.2236,1,4
cand2881,0.0537,0.0560,72.2844,0.1094,0.0006,0.2324,0.0010,0.3770,0.0008,0.4980,0.0013,0.3042,1,4
cand2882,-0.0044,0.0057,167.7997,0.0039,0.0093,0.0000,0.0328,0.0000,0.0336,0.0000,0.0242,0.0010,1,1
cand2883,-0.0157,0.0101,99.6947,0.1406,0.0013,0.0449,0.0027,0.1113,0.0026,0.0000,0.0150,0.0742,1,3
cand2884,0.0451,0.0339,35.4780,0.0703,0.0036,0.1230,0.0014,0.2402,0.0016,0.3652,0.0007,0.1997,1,4
cand2885,-0.0100,0.0915,-111.0285,0.1797,0.0018,0.0605,0.0041,0.2285,0.0009,0.2852,0.0007,0.1885,0,4
cand2886,-0.0139,0.0986,111.1749,0.5684,0.0003,0.5938,0.0006,0.0527,0.0048,0.0000,0.0134,0.3037,0,3
cand2887,-0.0401,0.0631,49.6200,0.3984,0.0013,0.2402,0.0014,0.1426,0.0006,0.0000,0.0101,0.1953,1,3
cand2888,-0.0465,0.1099,40.3215,0.7070,0.0007,0.4766,0.0008,0.1270,0.0035,0.0000,0.0255,0.3276,0,3
cand2889,0.0327,0.0161,-103.5733,0.0000,0.0239,0.0000,0.0116,0.0000,0.0142,0.0000,0.0104,0.0000,1,0
cand2890,0.0495,0.0315,-145.9170,0.0020,0.0095,0.0000,0.0164,0.0098,0.0068,0.0332,0.0027,0.0112,0,3
cand2891,0.0424,0.0273,-157.5175,0.0312,0.0018,0.0000,0.0141,0.0059,0.0070,0.0234,0.0071,0.0151,0,3
cand2892,-0.0109,0.0392,38.7071,0.2676,0.0004,0.1895,0.0012,0.1914,0.0014,0.2246,0.0008,0.2183,1,4
cand2893,0.0319,0.0984,152.4088,0.7324,0.0011,0.6914,0.0001,0.4004,0.0003,0.0742,0.0029,0.4746,0,4
cand2894,-0.0331,0.0216,177.4383,0.0000,0.0153,0.0000,0.0335,0.0000,0.0311,0.0000,0.0162,0.0000,1,0
cand2895,0.0559,0.0223,140.9945,0.0000,0.0118,0.0625,0.0030,0.3125,0.0003,0.4297,0.0010,0.2012,1,3
cand2896,0.0341,0.0336,44.4071,0.1055,0.0013,0.1523,0.0008,0.2617,0.0012,0.3477,0.0005,0.2168,1,4
cand2897,0.0087,0.0239,-62.3468,0.0000,0.0167,0.0000,0.0102,0.0645,0.0032,0.1758,0.0002,0.0601,1,2
cand2898,-0.0003,0.0475,43.0023,0.2852,0.0002,0.2461,0.0015,0.2871,0.0013,0.3438,0.0008,0.2905,1,4
cand2899,-0.0046,0.0948,-126.9904,0.2676,0.0025,0.0508,0.0050,0.1074,0.0014,0.3242,0.0010,0.1875,0,4
cand2900,-0.0169,0.0485,-92.2345,0.0000,0.0116,0.0059,0.0071,0.0625,0.0039,0.1836,0.0014,0.0630,1,3
cand2901,-0.0105,0.0018,160.3741,0.0000,0.0108,0.0000,0.0363,0.0000,0.0390,0.0000,0.0321,0.0000,1,0
cand2902,-0.0191,0.0606,98.5205,0.4316,0.0012,0.3848,0.0005,0.1895,0.0021,0.0000,0.0225,0.2515,1,3
cand2903,0.0499,0.0782,119.1408,0.2656,0.0002,0.4531,0.0013,0.5840,0.0007,0.6074,0.0004,0.4775,0,4
cand2904,0.0018,0.0471,16.0020,0.2383,0.0012,0.2402,0.0013,0.2832,0.0012,0.3203,0.0006,0.2705,1,4
cand2905,-0.0015,0.0448,114.0087,0.3574,0.0005,0.3223,0.0008,0.3418,0.0005,0.0020,0.0097,0.2559,0,4
cand2906,0.0273,0.0949,60.0574,0.3809,0.0017,0.4551,0.0014,0.5430,0.0009,0.6250,0.0007,0.5010,0,4
cand2907,0.0019,0.0345,103.2659,0.2676,0.0012,0.2285,0.0010,0.3516,0.0006,0.1582,0.0035,0.2515,1,4
cand2908,-0.0373,0.0321,55.0515,0.2207,0.0009,0.0684,0.0030,0.0195,0.0058,0.0391,0.0049,0.0869,1,4
cand2909,-0.0130,0.0190,-167.3451,0.0000,0.0135,0.0000,0.0285,0.0000,0.0226,0.0020,0.0098,0.0005,1,1
cand2910,0.0596,0.0751,-168.7500,0.4238,0.0032,0.3926,0.0003,0.4160,0.0009,0.3457,0.0014,0.3945,0,4
cand2911,-0.0472,0.0051,116.0510,0.1465,0.0023,0.0000,0.0281,0.0000,0.0474,0.0000,0.0574,0.0366,1,1
cand2912,0.0078,0.1093,-172.5353,0.6816,0.0010,0.2285,0.0013,0.0664,0.0028,0.0742,0.0024,0.2627,0,4
cand2913,0.0503,0.0875,-31.0322,0.0000,0.0109,0.0195,0.0084,0.2422,0.0031,0.7168,0.0010,0.2446,0,3
cand2914,0.0101,0.0626,-145.6522,0.2402,0.0016,0.0195,0.0075,0.0020,0.0096,0.0000,0.0104,0.0654,0,3
cand2915,0.0159,0.0697,-113.2077,0.1875,0.0009,0.0020,0.0090,0.0254,0.0056,0.2383,0.0012,0.1133,0,4
cand2916,-0.0415,0.0033,172.0945,0.0000,0.0315,0.0000,0.0513,0.0000,0.0472,0.0000,0.0322,0.0000,1,0
cand2917,0.0101,0.0528,-116.4576,0.0547,0.0054,0.0000,0.0106,0.0000,0.0127,0.0625,0.0034,0.0293,0,2
cand2918,0.0234,0.0249,-8.9384,0.0547,0.0028,0.0781,0.0025,0.1973,0.0018,0.2812,0.0008,0.1528,1,4
cand2919,0.0368,0.0720,-40.3828,0.0000,0.0118,0.0312,0.0070,0.2520,0.0029,0.6152,0.0007,0.2246,1,3
cand2920,-0.0478,0.0343,-158.4513,0.0000,0.0107,0.0000,0.0134,0.0000,0.0245,0.0000,0.0337,0.0000,0,0
cand2921,0.0345,0.0835,-20.5195,0.0078,0.0088,0.1484,0.0007,0.4453,0.0010,0.7070,0.0006,0.3271,0,4
cand2922,-0.0468,0.0103,-129.7372,0.0000,0.0143,0.0000,0.0331,0.0000,0.0408,0.0000,0.0382,0.0000,1,0
cand2923,-0.0191,0.0050,-92.6149,0.0000,0.0200,0.0000,0.0282,0.0000,0.0204,0.0078,0.0079,0.0020,1,1
cand2924,-0.0212,0.0442,35.1707,0.2969,0.0011,0.1895,0.0012,0.1738,0.0006,0.1348,0.0019,0.1987,1,4
cand2925,0.0217,0.0628,-19.3140,0.0605,0.0039,0.1777,0.0012,0.3867,0.0012,0.4980,0.0009,0.2808,1,4
cand2926,0.0561,0.0481,65.5079,0.0723,0.0013,0.1777,0.0011,0.3262,0.0010,0.4531,0.0012,0.2573,1,4
cand2927,0.0580,0.0598,-177.8894,0.2188,0.0039,0.3438,0.0013,0.3359,0.0005,0.3438,0.0015,0.3105,0,4
cand2928,-0.0169,0.0136,-83.2330,0.0000,0.0174,0.0000,0.0202,0.0059,0.0067,0.0605,0.0025,0.0166,1,2
cand2929,-0.0001,0.0901,-95.5123,0.1855,0.0013,0.0742,0.0028,0.3555,0.0014,0.5156,0.0013,0.2827,0,4
cand2930,-0.0104,0.0026,-1.1641,0.0742,0.0036,0.0020,0.0098,0.0117,0.0067,0.0312,0.0026,0.0298,1,4
cand2931,0.0061,0.0053,89.9376,0.0664,0.0018,0.0273,0.0055,0.0840,0.0013,0.2188,0.0011,0.0991,1,4
cand2932,0.0183,0.0517,86.9446,0.3320,0.0009,0.2949,0.0003,0.3945,0.0008,0.5156,0.0007,0.3843,1,4
cand2933,-0.0331,0.0364,-122.5528,0.0000,0.0118,0.0000,0.0184,0.0000,0.0184,0.0000,0.0113,0.0000,1,0
cand2934,0.0353,0.0072,-166.8252,0.0000,0.0130,0.0000,0.0299,0.0000,0.0213,0.0000,0.0106,0.0000,0,0
cand2935,0.0513,0.0091,63.2350,0.0000,0.0159,0.0059,0.0080,0.1152,0.0012,0.2656,0.0011,0.0967,1,3
cand2936,0.0134,0.0047,92.0882,0.0488,0.0024,0.0215,0.0046,0.0957,0.0010,0.2207,0.0009,0.0967,1,4
cand2937,0.0457,0.0180,-24.3947,0.0000,0.0224,0.0000,0.0129,0.0645,0.0020,0.1973,0.0012,0.0654,1,2
cand2938,0.0538,0.0394,-16.0841,0.0000,0.0158,0.0117,0.0049,0.1289,0.0008,0.2871,0.0010,0.1069,1,3
cand2939,0.0505,0.0653,-120.1348,0.0352,0.0049,0.0859,0.0013,0.0762,0.0040,0.1445,0.0028,0.0854,0,4
cand2940,0.0156,0.1040,-135.3898,0.5586,0.0005,0.2031,0.0021,0.2109,0.0010,0.3516,0.0009,0.3311,0,4
cand2941,-0.0455,0.0405,55.9275,0.2578,0.0019,0.0781,0.0019,0.0215,0.0049,0.0000,0.0133,0.0894,1,3
cand2942,-0.0047,0.0894,19.3414,0.4238,0.0013,0.4922,0.0005,0.5449,0.0008,0.4805,0.0012,0.4854,0,4
cand2943,0.0073,0.0881,22.7815,0.3496,0.0003,0.4453,0.0008,0.5566,0.0005,0.5918,0.0007,0.4858,1,4
cand2944,0.0151,0.0342,147.5775,0.3340,0.0009,0.2598,0.0008,0.0801,0.0009,0.0254,0.0061,0.1748,0,4
cand2945,0.0178,0.0013,106.1348,0.0332,0.0009,0.0176,0.0043,0.1016,0.0025,0.2793,0.0006,0.1079,1,4
cand2946,-0.0444,0.0546,159.3605,0.0352,0.0051,0.0000,0.0223,0.0000,0.0252,0.0000,0.0153,0.0088,0,1
cand2947,0.0290,0.0705,86.8535,0.3730,0.0010,0.3672,0.0008,0.4805,0.0011,0.5781,0.0006,0.4497,0,4
cand2948,0.0233,0.0731,83.8398,0.4082,0.0014,0.3965,0.0012,0.5000,0.0008,0.5801,0.0005,0.4712,0,4
cand2949,0.0535,0.0947,139.3556,0.2539,0.0002,0.6309,0.0008,0.7246,0.0007,0.4375,0.0007,0.5117,0,4
cand2950,-0.0424,0.0759,166.1740,0.0586,0.0055,0.0059,0.0075,0.0000,0.0146,0.0000,0.0122,0.0161,0,2
cand2951,0.0358,0.0593,171.9212,0.5137,0.0012,0.3301,0.0005,0.2578,0.0006,0.0547,0.0067,0.2891,0,4
cand2952,-0.0018,0.0832,35.1807,0.4121,0.0008,0.4492,0.0004,0.5117,0.0008,0.4727,0.0006,0.4614,1,4
cand2953,-0.0092,0.1045,-7.8038,0.5156,0.0019,0.6152,0.0008,0.6016,0.0010,0.3496,0.0036,0.5205,0,4
cand2954,-0.0228,0.0252,25.4693,0.1914,0.0003,0.0723,0.0022,0.0508,0.0022,0.0391,0.0029,0.0884,1,4
cand2955,-0.0028,0.0336,-59.8187,0.0137,0.0056,0.0176,0.0066,0.1211,0.0032,0.2324,0.0012,0.0962,1,4
cand2956,0.0371,0.0671,62.7445,0.2148,0.0014,0.3281,0.0009,0.4258,0.0007,0.5449,0.0007,0.3784,0,4
cand2957,-0.0169,0.1025,122.3053,0.5996,0.0006,0.4629,0.0012,0.0195,0.0046,0.0000,0.0132,0.2705,0,3
cand2958,-0.0351,0.0179,-37.1544,0.0879,0.0018,0.0156,0.0064,0.0000,0.0156,0.0000,0.0186,0.0259,1,2
cand2959,-0.0494,0.0646,163.9549,0.0156,0.0046,0.0000,0.0150,0.0000,0.0184,0.0000,0.0156,0.0039,0,1
cand2960,-0.0458,0.0860,149.4774,0.1035,0.0026,0.0000,0.0111,0.0000,0.0183,0.0000,0.0119,0.0259,0,1
cand2961,0.0342,0.0821,94.0239,0.3926,0.0012,0.4629,0.0010,0.5176,0.0012,0.5820,0.0003,0.4888,0,4
cand2962,0.0512,0.1093,18.1398,0.0957,0.0039,0.2500,0.0023,0.4473,0.0003,0.7266,0.0006,0.3799,0,4
cand2963,0.0324,0.0294,53.9547,0.1211,0.0014,0.1445,0.0019,0.2402,0.0014,0.3359,0.0009,0.2104,1,4
cand2964,0.0577,0.0337,-159.2815,0.0801,0.0020,0.0137,0.0074,0.0859,0.0013,0.1348,0.0021,0.0786,0,4
cand2965,0.0400,0.0789,-27.9129,0.0078,0.0077,0.0566,0.0026,0.3223,0.0011,0.6758,0.0013,0.2656,0,4
cand2966,0.0225,0.0277,-68.6001,0.0000,0.0178,0.0000,0.0143,0.0312,0.0053,0.1641,0.0020,0.0488,1,2
cand2967,0.0206,0.0295,-140.1741,0.0059,0.0085,0.0000,0.0181,0.0000,0.0129,0.0000,0.0119,0.0015,0,1
cand2968,-0.0187,0.0245,-86.2034,0.0000,0.0135,0.0000,0.0154,0.0215,0.0023,0.0879,0.0032,0.0273,1,2
cand2969,-0.0402,0.0417,76.0474,0.2988,0.0007,0.1406,0.0011,0.0801,0.0040,0.0000,0.0214,0.1299,1,3
cand2970,-0.0012,0.0776,-87.8964,0.0645,0.0028,0.0312,0.0041,0.3125,0.0013,0.4043,0.0011,0.2031,0,4
cand2971,0.0433,0.0848,114.7649,0.3887,0.0013,0.5039,0.0011,0.5801,0.0005,0.5703,0.0004,0.5107,0,4
cand2972,0.0471,0.0149,94.1564,0.0000,0.0107,0.0254,0.0028,0.1777,0.0013,0.3086,0.0016,0.1279,1,3
cand2973,0.0445,0.0480,-11.4089,0.0000,0.0108,0.0684,0.0028,0.2168,0.0013,0.4004,0.0012,0.1714,1,3
cand2974,0.0385,0.0022,-35.2610,0.0000,0.0278,0.0000,0.0211,0.0312,0.0009,0.1035,0.0036,0.0337,1,2
cand2975,0.0367,0.0460,-131.5482,0.0273,0.0049,0.0000,0.0104,0.0156,0.0068,0.0137,0.0059,0.0142,0,3
cand2976,-0.0014,0.0448,131.3897,0.3965,0.0010,0.3770,0.0005,0.0312,0.0061,0.0000,0.0126,0.2012,0,3
cand2977,-0.0198,0.0250,-52.2493,0.0312,0.0051,0.0488,0.0034,0.0703,0.0021,0.0410,0.0048,0.0479,1,4
cand2978,0.0404,0.0669,29.7470,0.1270,0.0022,0.2422,0.0012,0.3828,0.0013,0.5664,0.0003,0.3296,0,4
cand2979,0.0266,0.0086,18.3861,0.0449,0.0028,0.0312,0.0021,0.1094,0.0021,0.2031,0.0010,0.0972,1,4
cand2980,-0.0295,0.0513,-150.3723,0.0156,0.0045,0.0000,0.0120,0.0000,0.0133,0.0000,0.0161,0.0039,0,1
cand2981,0.0157,0.1038,-79.5385,0.2832,0.0007,0.1660,0.0015,0.4512,0.0013,0.7734,0.0005,0.4185,0,4
cand2982,-0.0333,0.1069,64.1373,0.6211,0.0010,0.5566,0.0008,0.2715,0.0010,0.0000,0.0212,0.3623,0,3
cand2983,0.0491,0.0407,98.8142,0.0781,0.0019,0.1797,0.0009,0.3203,0.0005,0.4746,0.0004,0.2632,1,4
cand2984,0.0101,0.0756,-157.3594,0.3750,0.0006,0.0625,0.0032,0.0254,0.0053,0.0059,0.0085,0.1172,0,4
cand2985,-0.0198,0.0572,64.4908,0.3750,0.0008,0.2910,0.0007,0.3105,0.0005,0.2031,0.0006,0.2949,1,4
cand2986,-0.0356,0.0087,-84.4984,0.0000,0.0162,0.0000,0.0245,0.0000,0.0174,0.0000,0.0140,0.0000,1,0
cand2987,0.0327,0.0963,-156.0693,0.5723,0.0009,0.4102,0.0006,0.1797,0.0024,0.2852,0.0011,0.3618,0,4
cand2988,0.0361,0.0536,178.8316,0.4355,0.0009,0.2266,0.0007,0.2109,0.0028,0.0508,0.0025,0.2310,0,4
cand2989,-0.0013,0.0514,-91.5642,0.0000,0.0113,0.0000,0.0137,0.0625,0.0033,0.2539,0.0007,0.0791,0,2
cand2990,-0.0170,0.1068,-151.1757,0.3164,0.0015,0.0762,0.0029,0.0332,0.0052,0.0762,0.0059,0.1255,0,4
cand2991,0.0570,0.0770,-32.0487,0.0000,0.0122,0.0137,0.0053,0.1230,0.0023,0.5488,0.0008,0.1714,0,3
cand2992,0.0320,0.0567,-131.5297,0.1211,0.0012,0.0293,0.0048,0.0117,0.0065,0.0352,0.0045,0.0493,0,4
cand2993,-0.0198,0.0726,42.2084,0.4473,0.0008,0.3633,0.0007,0.3594,0.0009,0.2617,0.0007,0.3579,1,4
cand2994,-0.0229,0.1038,141.3357,0.5195,0.0009,0.0938,0.0019,0.0176,0.0040,0.0000,0.0120,0.1577,0,3
cand2995,0.0059,0.1062,-162.6672,0.6191,0.0007,0.1328,0.0018,0.0957,0.0019,0.1152,0.0018,0.2407,0,4
cand2996,-0.0381,0.0278,-175.4586,0.0000,0.0150,0.0000,0.0261,0.0000,0.0202,0.0000,0.0156,0.0000,1,0
cand2997,0.0570,0.0832,54.8579,0.1289,0.0030,0.2578,0.0017,0.4453,0.0011,0.5430,0.0003,0.3438,0,4
cand2998,0.0176,0.0321,31.1228,0.1484,0.0013,0.1621,0.0016,0.2344,0.0009,0.3105,0.0021,0.2139,1,4
cand2999,-0.0203,0.0967,-148.7324,0.1621,0.0027,0.0234,0.0062,0.0059,0.0083,0.0625,0.0061,0.0635,0,4
